VIN (1-10),Model Year,Make,Model,EVType_ID,Eligibility_ID,Electric Range
"1FTVW3LU4S",2025,"FORD","F-150","BEV",2,
"1FTVW3LK5S",2025,"FORD","F-150","BEV",2,
"1FT6W3L79S",2025,"FORD","F-150","BEV",2,
"1FT6W3L73S",2025,"FORD","F-150","BEV",2,
"1FTVW3LU8S",2025,"FORD","F-150","BEV",2,
"1FT6W3L77S",2025,"FORD","F-150","BEV",2,
"1FT6W5L76S",2025,"FORD","F-150","BEV",2,
"1FTVW3LK6S",2025,"FORD","F-150","BEV",2,
"1FT6W7L79S",2025,"FORD","F-150","BEV",2,
"1FT6W5L77S",2025,"FORD","F-150","BEV",2,
"1FT6W5L73S",2025,"FORD","F-150","BEV",2,
"1FT6W3LU4S",2025,"FORD","F-150","BEV",2,
"1FT6W5L70S",2025,"FORD","F-150","BEV",2,
"1FTVW1BK5S",2025,"FORD","F-150","BEV",2,
"1FTVW3LK8S",2025,"FORD","F-150","BEV",2,
"1FT6W5L72S",2025,"FORD","F-150","BEV",2,
"1FTVW1BK2S",2025,"FORD","F-150","BEV",2,
"1FTVW3L76S",2025,"FORD","F-150","BEV",2,
"1FT6W5L71S",2025,"FORD","F-150","BEV",2,
"1FT6W5L78S",2025,"FORD","F-150","BEV",2,
"1FT6W5L74S",2025,"FORD","F-150","BEV",2,
"1FTVW3LK9S",2025,"FORD","F-150","BEV",2,
"1FTVW3LKXS",2025,"FORD","F-150","BEV",2,
"1FT6W3LU1S",2025,"FORD","F-150","BEV",2,
"1FT6W1BM0S",2025,"FORD","F-150","BEV",2,
"1FT6W3LU7S",2025,"FORD","F-150","BEV",2,
"1FTVW3LU0S",2025,"FORD","F-150","BEV",2,
"1FT6W5L79S",2025,"FORD","F-150","BEV",2,
"1FTVW1BK3S",2025,"FORD","F-150","BEV",2,
"1FT6W3LU3S",2025,"FORD","F-150","BEV",2,
"1FT6W3LU0S",2025,"FORD","F-150","BEV",2,
"1FT6W7L76S",2025,"FORD","F-150","BEV",2,
"1FT6W7L72S",2025,"FORD","F-150","BEV",2,
"1FT6W3LU5S",2025,"FORD","F-150","BEV",2,
"1FT6W3L70S",2025,"FORD","F-150","BEV",2,
"1FTVW3L70S",2025,"FORD","F-150","BEV",2,
"1FT6W3LU6S",2025,"FORD","F-150","BEV",2,
"1FT6W3LU8S",2025,"FORD","F-150","BEV",2,
"1FTVW1BK8S",2025,"FORD","F-150","BEV",2,
"1FT6W3LU9S",2025,"FORD","F-150","BEV",2,
"1FT6W3LUXS",2025,"FORD","F-150","BEV",2,
"1FT6W1BM1S",2025,"FORD","F-150","BEV",2,
"1FTVW3LU6S",2025,"FORD","F-150","BEV",2,
"1FTVW1BK4S",2025,"FORD","F-150","BEV",2,
"1FT6W3L78S",2025,"FORD","F-150","BEV",2,
"1FTVW3LK2S",2025,"FORD","F-150","BEV",2,
"1FTVW3LK0S",2025,"FORD","F-150","BEV",2,
"1FTVW3LU1S",2025,"FORD","F-150","BEV",2,
"1FT6W1BM3S",2025,"FORD","F-150","BEV",2,
"1FT6W3L7XS",2025,"FORD","F-150","BEV",2,
"1FTVW3LU5S",2025,"FORD","F-150","BEV",2,
"1FT6W1BM7S",2025,"FORD","F-150","BEV",2,
"1FTVW1BKXS",2025,"FORD","F-150","BEV",2,
"1FTVW3LK3S",2025,"FORD","F-150","BEV",2,
"1FT6W5L7XS",2025,"FORD","F-150","BEV",2,
"1FTVW3L77S",2025,"FORD","F-150","BEV",2,
"1FT6W1B77S",2025,"FORD","F-150","BEV",2,
"1FTVW3LU9S",2025,"FORD","F-150","BEV",2,
"1FT6W7L75S",2025,"FORD","F-150","BEV",2,
"1FTVW3LUXS",2025,"FORD","F-150","BEV",2,
"1FT6W7L71S",2025,"FORD","F-150","BEV",2,
"1FTVW5L70S",2025,"FORD","F-150","BEV",2,
"1FT6W5L75S",2025,"FORD","F-150","BEV",2,
"1FT6W3L76S",2025,"FORD","F-150","BEV",2,
"1FT6W3LU2S",2025,"FORD","F-150","BEV",2,
"1FTVW5L78S",2025,"FORD","F-150","BEV",2,
"1FT6W1BMXS",2025,"FORD","F-150","BEV",2,
"1FT6W7L73S",2025,"FORD","F-150","BEV",2,
"1FT6W7L70S",2025,"FORD","F-150","BEV",2,
"1FT6W1BM2S",2025,"FORD","F-150","BEV",2,
"1FT6W3L71S",2025,"FORD","F-150","BEV",2,
"1FT6W3L72S",2025,"FORD","F-150","BEV",2,
"1FTVW3L71S",2025,"FORD","F-150","BEV",2,
"1FT6W7L78S",2025,"FORD","F-150","BEV",2,
"1FTVW3LK4S",2025,"FORD","F-150","BEV",2,
"1FT6W7L7XS",2025,"FORD","F-150","BEV",2,
"1FT6W3L75S",2025,"FORD","F-150","BEV",2,
"1FTVW1BK9S",2025,"FORD","F-150","BEV",2,
"1FT6W3L74S",2025,"FORD","F-150","BEV",2,
"1FT6W1BM5S",2025,"FORD","F-150","BEV",2,
"1FTVW3LK1S",2025,"FORD","F-150","BEV",2,
"1FTVW1BK6S",2025,"FORD","F-150","BEV",2,
"1FTVW3LK7S",2025,"FORD","F-150","BEV",2,
"1FT6W1BM9S",2025,"FORD","F-150","BEV",2,
"1FT6W7L74S",2025,"FORD","F-150","BEV",2,
"1FT6W1BM6S",2025,"FORD","F-150","BEV",2,
"1FT6W1BU9S",2025,"FORD","F-150","BEV",2,
"1FT6W1BUXS",2025,"FORD","F-150","BEV",2,
"1FT6W1BU0S",2025,"FORD","F-150","BEV",2,
"1FTVW3L79S",2025,"FORD","F-150","BEV",2,
"1FT6W1BU6S",2025,"FORD","F-150","BEV",2,
"1FTVW5L76S",2025,"FORD","F-150","BEV",2,
"1FT6W1BU4S",2025,"FORD","F-150","BEV",2,
"1FTVW1BK0S",2025,"FORD","F-150","BEV",2,
"1FT6W1B70S",2025,"FORD","F-150","BEV",2,
"1FT6W1BU7S",2025,"FORD","F-150","BEV",2,
"1FTVW1BK1S",2025,"FORD","F-150","BEV",2,
"1FTVW5L79S",2025,"FORD","F-150","BEV",2,
"1FTVW3LU7S",2025,"FORD","F-150","BEV",2,
"1FT6W1BU2S",2025,"FORD","F-150","BEV",2,
"1FT6W1BU1S",2025,"FORD","F-150","BEV",2,
"1FTVW1BK7S",2025,"FORD","F-150","BEV",2,
"1FT6W7L77S",2025,"FORD","F-150","BEV",2,
"1FTVW3LU2S",2025,"FORD","F-150","BEV",2,
"1FTVW3L78S",2025,"FORD","F-150","BEV",2,
"1FTVW3LU3S",2025,"FORD","F-150","BEV",2,
"1FT6W1BM8S",2025,"FORD","F-150","BEV",2,
"1FT6W1BU5S",2025,"FORD","F-150","BEV",2,
"1FT6W1BU8S",2025,"FORD","F-150","BEV",2,
"1FTVW3L75S",2025,"FORD","F-150","BEV",2,
"1FT6W1BU3S",2025,"FORD","F-150","BEV",2,
"1FTVW5L71S",2025,"FORD","F-150","BEV",2,
"1FTVW5L77S",2025,"FORD","F-150","BEV",2,
"1FT6W1BM4S",2025,"FORD","F-150","BEV",2,
"1FTVW5L7XS",2025,"FORD","F-150","BEV",2,
"3FMTK3SU2S",2025,"FORD","MUSTANG MACH-E","BEV",2,
"3FMTK1S55S",2025,"FORD","MUSTANG MACH-E","BEV",2,
"3FMTK1S57S",2025,"FORD","MUSTANG MACH-E","BEV",2,
"3FMTK3SU0S",2025,"FORD","MUSTANG MACH-E","BEV",2,
"3FMTK3SU6S",2025,"FORD","MUSTANG MACH-E","BEV",2,
"3FMTK3S55S",2025,"FORD","MUSTANG MACH-E","BEV",2,
"3FMTK3SU7S",2025,"FORD","MUSTANG MACH-E","BEV",2,
"3FMTK3SU4S",2025,"FORD","MUSTANG MACH-E","BEV",2,
"3FMTK3SU1S",2025,"FORD","MUSTANG MACH-E","BEV",2,
"3FMTK3S56S",2025,"FORD","MUSTANG MACH-E","BEV",2,
"3FMTK3SU8S",2025,"FORD","MUSTANG MACH-E","BEV",2,
"3FMTK4SX1S",2025,"FORD","MUSTANG MACH-E","BEV",2,
"3FMTK1S5XS",2025,"FORD","MUSTANG MACH-E","BEV",2,
"3FMTK4SX5S",2025,"FORD","MUSTANG MACH-E","BEV",2,
"3FMTK1R44S",2025,"FORD","MUSTANG MACH-E","BEV",2,
"3FMTK3SU9S",2025,"FORD","MUSTANG MACH-E","BEV",2,
"3FMTK4SX8S",2025,"FORD","MUSTANG MACH-E","BEV",2,
"3FMTK1S52S",2025,"FORD","MUSTANG MACH-E","BEV",2,
"3FMTK3R71S",2025,"FORD","MUSTANG MACH-E","BEV",2,
"3FMTK1S58S",2025,"FORD","MUSTANG MACH-E","BEV",2,
"3FMTK4SX0S",2025,"FORD","MUSTANG MACH-E","BEV",2,
"3FMTK4SX6S",2025,"FORD","MUSTANG MACH-E","BEV",2,
"3FMTK3SU5S",2025,"FORD","MUSTANG MACH-E","BEV",2,
"3FMTK1R43S",2025,"FORD","MUSTANG MACH-E","BEV",2,
"3FMTK4SX7S",2025,"FORD","MUSTANG MACH-E","BEV",2,
"3FMTK3SUXS",2025,"FORD","MUSTANG MACH-E","BEV",2,
"3FMTK4SX9S",2025,"FORD","MUSTANG MACH-E","BEV",2,
"3FMTK3S50S",2025,"FORD","MUSTANG MACH-E","BEV",2,
"3FMTK1S51S",2025,"FORD","MUSTANG MACH-E","BEV",2,
"3FMTK1R47S",2025,"FORD","MUSTANG MACH-E","BEV",2,
"3FMTK4SX3S",2025,"FORD","MUSTANG MACH-E","BEV",2,
"3FMTK1S50S",2025,"FORD","MUSTANG MACH-E","BEV",2,
"3FMTK1R40S",2025,"FORD","MUSTANG MACH-E","BEV",2,
"3FMTK3S54S",2025,"FORD","MUSTANG MACH-E","BEV",2,
"3FMTK4SXXS",2025,"FORD","MUSTANG MACH-E","BEV",2,
"3FMTK3SU3S",2025,"FORD","MUSTANG MACH-E","BEV",2,
"3FMTK1S53S",2025,"FORD","MUSTANG MACH-E","BEV",2,
"3FMTK3R46S",2025,"FORD","MUSTANG MACH-E","BEV",2,
"3FMTK3R44S",2025,"FORD","MUSTANG MACH-E","BEV",2,
"3FMTK1S59S",2025,"FORD","MUSTANG MACH-E","BEV",2,
"3FMTK3S58S",2025,"FORD","MUSTANG MACH-E","BEV",2,
"3FMTK1S54S",2025,"FORD","MUSTANG MACH-E","BEV",2,
"3FMTK3S51S",2025,"FORD","MUSTANG MACH-E","BEV",2,
"3FMTK3R70S",2025,"FORD","MUSTANG MACH-E","BEV",2,
"3FMTK1R41S",2025,"FORD","MUSTANG MACH-E","BEV",2,
"3FMTK4SX2S",2025,"FORD","MUSTANG MACH-E","BEV",2,
"3FMTK1SU6S",2025,"FORD","MUSTANG MACH-E","BEV",2,
"3FMTK1SU4S",2025,"FORD","MUSTANG MACH-E","BEV",2,
"3FMTK1R49S",2025,"FORD","MUSTANG MACH-E","BEV",2,
"3FMTK4SX4S",2025,"FORD","MUSTANG MACH-E","BEV",2,
"3FMTK1R48S",2025,"FORD","MUSTANG MACH-E","BEV",2,
"3FMTK3R77S",2025,"FORD","MUSTANG MACH-E","BEV",2,
"3FMTK1R46S",2025,"FORD","MUSTANG MACH-E","BEV",2,
"3FMTK3R47S",2025,"FORD","MUSTANG MACH-E","BEV",2,
"3FMTK3S59S",2025,"FORD","MUSTANG MACH-E","BEV",2,
"3FMTK3R48S",2025,"FORD","MUSTANG MACH-E","BEV",2,
"3FMTK1R42S",2025,"FORD","MUSTANG MACH-E","BEV",2,
"3FMTK1R45S",2025,"FORD","MUSTANG MACH-E","BEV",2,
"3FMTK3R78S",2025,"FORD","MUSTANG MACH-E","BEV",2,
"3FMTK3S52S",2025,"FORD","MUSTANG MACH-E","BEV",2,
"3FMTK1S56S",2025,"FORD","MUSTANG MACH-E","BEV",2,
"3FMTK3R7XS",2025,"FORD","MUSTANG MACH-E","BEV",2,
"3FMTK3R49S",2025,"FORD","MUSTANG MACH-E","BEV",2,
"3FMTK3S5XS",2025,"FORD","MUSTANG MACH-E","BEV",2,
"3FMTK3S53S",2025,"FORD","MUSTANG MACH-E","BEV",2,
"3FMTK1R4XS",2025,"FORD","MUSTANG MACH-E","BEV",2,
"3FMTK1SU1S",2025,"FORD","MUSTANG MACH-E","BEV",2,
"3FMTK3R74S",2025,"FORD","MUSTANG MACH-E","BEV",2,
"3FMTK3S57S",2025,"FORD","MUSTANG MACH-E","BEV",2,
"3FMTK3R43S",2025,"FORD","MUSTANG MACH-E","BEV",2,
"3FMTK3R76S",2025,"FORD","MUSTANG MACH-E","BEV",2,
"3FMTK1SU0S",2025,"FORD","MUSTANG MACH-E","BEV",2,
"3FMTK3R75S",2025,"FORD","MUSTANG MACH-E","BEV",2,
"3FMTK1SU2S",2025,"FORD","MUSTANG MACH-E","BEV",2,
"3FMTK3R45S",2025,"FORD","MUSTANG MACH-E","BEV",2,
"3FMTK1SU8S",2025,"FORD","MUSTANG MACH-E","BEV",2,
"3FMTK3R72S",2025,"FORD","MUSTANG MACH-E","BEV",2,
"3FMTK3R73S",2025,"FORD","MUSTANG MACH-E","BEV",2,
"3FMTK1SU5S",2025,"FORD","MUSTANG MACH-E","BEV",2,
"1FTBW9CM3S",2025,"FORD","TRANSIT","BEV",2,
"1FTBW3XM9S",2025,"FORD","TRANSIT","BEV",2,
"1FTBW9CM5S",2025,"FORD","TRANSIT","BEV",2,
"1FTBW3XM8S",2025,"FORD","TRANSIT","BEV",2,
"1FTBW3XM6S",2025,"FORD","TRANSIT","BEV",2,
"1FTBW3XM2S",2025,"FORD","TRANSIT","BEV",2,
"1FTBW3XM3S",2025,"FORD","TRANSIT","BEV",2,
"1FTBW3XM7S",2025,"FORD","TRANSIT","BEV",2,
"1FTBW3XM4S",2025,"FORD","TRANSIT","BEV",2,
"1FTBW3XM0S",2025,"FORD","TRANSIT","BEV",2,
"1FTBW3XM5S",2025,"FORD","TRANSIT","BEV",2,
"1FTBW3XMXS",2025,"FORD","TRANSIT","BEV",2,
"1FTBW3XM1S",2025,"FORD","TRANSIT","BEV",2,
"1FTBW1XM2S",2025,"FORD","TRANSIT","BEV",2,
"1FTBW9CM8S",2025,"FORD","TRANSIT","BEV",2,
"1FTBW9CM6S",2025,"FORD","TRANSIT","BEV",2,
"1FTBW1XM6S",2025,"FORD","TRANSIT","BEV",2,
"1FTBW1YM4S",2025,"FORD","TRANSIT","BEV",2,
"1FTBW1XM5S",2025,"FORD","TRANSIT","BEV",2,
"1FTBW1XMXS",2025,"FORD","TRANSIT","BEV",2,
"1FTBW1YM1S",2025,"FORD","TRANSIT","BEV",2,
"1FTBW9CM7S",2025,"FORD","TRANSIT","BEV",2,
"1FTBW1YM7S",2025,"FORD","TRANSIT","BEV",2,
"1FTBW1YM3S",2025,"FORD","TRANSIT","BEV",2,
"1FTBW1YM0S",2025,"FORD","TRANSIT","BEV",2,
"1FTBW1YMXS",2025,"FORD","TRANSIT","BEV",2,
"1FTBW1YM8S",2025,"FORD","TRANSIT","BEV",2,
"1FTBW1YM9S",2025,"FORD","TRANSIT","BEV",2,
"1FTBW1XM8S",2025,"FORD","TRANSIT","BEV",2,
"1FTBW1XM9S",2025,"FORD","TRANSIT","BEV",2,
"1FTBW9CM9S",2025,"FORD","TRANSIT","BEV",2,
"1FTBW9CM1S",2025,"FORD","TRANSIT","BEV",2,
"1FTBW9CM0S",2025,"FORD","TRANSIT","BEV",2,
"1FTBW1XM4S",2025,"FORD","TRANSIT","BEV",2,
"1FTBW1YM5S",2025,"FORD","TRANSIT","BEV",2,
"1FTBW9CMXS",2025,"FORD","TRANSIT","BEV",2,
"2G5ZJ2T63S",2025,"CHEVROLET","BRIGHTDROP","BEV",2,
"1GC10ZEDXS",2025,"CHEVROLET","SILVERADO","BEV",2,
"1GC10ZED7S",2025,"CHEVROLET","SILVERADO","BEV",2,
"1GC10VED3S",2025,"CHEVROLET","SILVERADO","BEV",2,
"1GC10ZED3S",2025,"CHEVROLET","SILVERADO","BEV",2,
"1GC10ZED9S",2025,"CHEVROLET","SILVERADO","BEV",2,
"1GC10VED0S",2025,"CHEVROLET","SILVERADO","BEV",2,
"2G5ZJ2TZ5S",2025,"CHEVROLET","BRIGHTDROP","BEV",2,
"1GC10VED2S",2025,"CHEVROLET","SILVERADO","BEV",2,
"1GC10ZED1S",2025,"CHEVROLET","SILVERADO","BEV",2,
"1GC10ZED0S",2025,"CHEVROLET","SILVERADO","BEV",2,
"1GC10ZED8S",2025,"CHEVROLET","SILVERADO","BEV",2,
"1GC10ZED6S",2025,"CHEVROLET","SILVERADO","BEV",2,
"1GC101ED0S",2025,"CHEVROLET","SILVERADO","BEV",2,
"2G5ZJ3TZ0S",2025,"CHEVROLET","BRIGHTDROP","BEV",2,
"2G5ZJ2TZ6S",2025,"CHEVROLET","BRIGHTDROP","BEV",2,
"1GC10TEF7S",2025,"CHEVROLET","SILVERADO","BEV",2,
"1GC10ZED5S",2025,"CHEVROLET","SILVERADO","BEV",2,
"2G5ZJ3TZXS",2025,"CHEVROLET","BRIGHTDROP","BEV",2,
"1GC10ZED4S",2025,"CHEVROLET","SILVERADO","BEV",2,
"1GC10VED1S",2025,"CHEVROLET","SILVERADO","BEV",2,
"1GC10ZED2S",2025,"CHEVROLET","SILVERADO","BEV",2,
"1GC10VED4S",2025,"CHEVROLET","SILVERADO","BEV",2,
"1GC10VED6S",2025,"CHEVROLET","SILVERADO","BEV",2,
"1GC10VED7S",2025,"CHEVROLET","SILVERADO","BEV",2,
"1GC10VED5S",2025,"CHEVROLET","SILVERADO","BEV",2,
"2G5ZJ3T64S",2025,"CHEVROLET","BRIGHTDROP","BEV",2,
"2G5ZJ2TY6S",2025,"CHEVROLET","BRIGHTDROP","BEV",2,
"1GC10WEL3S",2025,"CHEVROLET","SILVERADO","BEV",2,
"2G5ZJ2T64S",2025,"CHEVROLET","BRIGHTDROP","BEV",2,
"1GC10VEDXS",2025,"CHEVROLET","SILVERADO","BEV",2,
"2G5ZJ3TY3S",2025,"CHEVROLET","BRIGHTDROP","BEV",2,
"2G5ZJ2TZ3S",2025,"CHEVROLET","BRIGHTDROP","BEV",2,
"2G5ZJ3T61S",2025,"CHEVROLET","BRIGHTDROP","BEV",2,
"1GC101ED3S",2025,"CHEVROLET","SILVERADO","BEV",2,
"2G5ZJ3TZ4S",2025,"CHEVROLET","BRIGHTDROP","BEV",2,
"2G5ZJ2T65S",2025,"CHEVROLET","BRIGHTDROP","BEV",2,
"1GC10VED8S",2025,"CHEVROLET","SILVERADO","BEV",2,
"2G5ZJ2TZ9S",2025,"CHEVROLET","BRIGHTDROP","BEV",2,
"1GC101ED8S",2025,"CHEVROLET","SILVERADO","BEV",2,
"2G5ZJ2TZ8S",2025,"CHEVROLET","BRIGHTDROP","BEV",2,
"2G5ZJ3TYXS",2025,"CHEVROLET","BRIGHTDROP","BEV",2,
"1GC101ED6S",2025,"CHEVROLET","SILVERADO","BEV",2,
"2G5ZJ2TZ7S",2025,"CHEVROLET","BRIGHTDROP","BEV",2,
"2G5ZJ2TZ1S",2025,"CHEVROLET","BRIGHTDROP","BEV",2,
"2G5ZJ3T66S",2025,"CHEVROLET","BRIGHTDROP","BEV",2,
"2G5ZJ2TY9S",2025,"CHEVROLET","BRIGHTDROP","BEV",2,
"1GC101EDXS",2025,"CHEVROLET","SILVERADO","BEV",2,
"2G5ZJ2TY8S",2025,"CHEVROLET","BRIGHTDROP","BEV",2,
"3GNKDGRJ9S",2025,"CHEVROLET","BLAZER","BEV",2,
"3GNKDERL1S",2025,"CHEVROLET","BLAZER","BEV",2,
"3GNKDJRJ0S",2025,"CHEVROLET","BLAZER","BEV",2,
"3GNKDBRM4S",2025,"CHEVROLET","BLAZER","BEV",2,
"3GNKDBRM8S",2025,"CHEVROLET","BLAZER","BEV",2,
"3GNKDKRJ5S",2025,"CHEVROLET","BLAZER","BEV",2,
"3GNKDHRK2S",2025,"CHEVROLET","BLAZER","BEV",2,
"3GNKDGRJ3S",2025,"CHEVROLET","BLAZER","BEV",2,
"3GNKDKRJ7S",2025,"CHEVROLET","BLAZER","BEV",2,
"3GNKDBRMXS",2025,"CHEVROLET","BLAZER","BEV",2,
"3GNKDJRJ6S",2025,"CHEVROLET","BLAZER","BEV",2,
"3GNKDDRM3S",2025,"CHEVROLET","BLAZER","BEV",2,
"3GNKDBRM3S",2025,"CHEVROLET","BLAZER","BEV",2,
"3GNKDJRJ9S",2025,"CHEVROLET","BLAZER","BEV",2,
"3GNKDJRJ8S",2025,"CHEVROLET","BLAZER","BEV",2,
"3GNKDKRJ8S",2025,"CHEVROLET","BLAZER","BEV",2,
"3GNKD1RJ9S",2025,"CHEVROLET","BLAZER","BEV",2,
"3GNKDERL6S",2025,"CHEVROLET","BLAZER","BEV",2,
"3GNKDERL5S",2025,"CHEVROLET","BLAZER","BEV",2,
"3GNKDGRJ0S",2025,"CHEVROLET","BLAZER","BEV",2,
"3GNKDGRJ4S",2025,"CHEVROLET","BLAZER","BEV",2,
"3GNKDGRJ7S",2025,"CHEVROLET","BLAZER","BEV",2,
"3GNKDGRJ1S",2025,"CHEVROLET","BLAZER","BEV",2,
"3GNKD1RJXS",2025,"CHEVROLET","BLAZER","BEV",2,
"3GNKDERL8S",2025,"CHEVROLET","BLAZER","BEV",2,
"3GNKDERL2S",2025,"CHEVROLET","BLAZER","BEV",2,
"3GNKDBRM0S",2025,"CHEVROLET","BLAZER","BEV",2,
"3GNKDGRJ5S",2025,"CHEVROLET","BLAZER","BEV",2,
"3GNKDJRJ3S",2025,"CHEVROLET","BLAZER","BEV",2,
"3GNKDKRJ2S",2025,"CHEVROLET","BLAZER","BEV",2,
"3GNKDKRJ4S",2025,"CHEVROLET","BLAZER","BEV",2,
"3GNKDBRM9S",2025,"CHEVROLET","BLAZER","BEV",2,
"3GNKD1RJ1S",2025,"CHEVROLET","BLAZER","BEV",2,
"3GNKDERL4S",2025,"CHEVROLET","BLAZER","BEV",2,
"3GNKD1RJ2S",2025,"CHEVROLET","BLAZER","BEV",2,
"3GNKDJRJXS",2025,"CHEVROLET","BLAZER","BEV",2,
"3GNKD1RJ0S",2025,"CHEVROLET","BLAZER","BEV",2,
"3GNKDGRJ8S",2025,"CHEVROLET","BLAZER","BEV",2,
"3GNKDJRJ5S",2025,"CHEVROLET","BLAZER","BEV",2,
"3GNKDKRJ9S",2025,"CHEVROLET","BLAZER","BEV",2,
"3GNKDJRJ7S",2025,"CHEVROLET","BLAZER","BEV",2,
"3GNKDERL0S",2025,"CHEVROLET","BLAZER","BEV",2,
"3GNKD1RJ3S",2025,"CHEVROLET","BLAZER","BEV",2,
"3GNKDKRJ1S",2025,"CHEVROLET","BLAZER","BEV",2,
"3GNKDJRJ1S",2025,"CHEVROLET","BLAZER","BEV",2,
"3GNKDGRJ6S",2025,"CHEVROLET","BLAZER","BEV",2,
"3GNKDBRM5S",2025,"CHEVROLET","BLAZER","BEV",2,
"3GNKDKRJ3S",2025,"CHEVROLET","BLAZER","BEV",2,
"3GNKDERL7S",2025,"CHEVROLET","BLAZER","BEV",2,
"3GNKDHRK1S",2025,"CHEVROLET","BLAZER","BEV",2,
"3GNKD1RJ8S",2025,"CHEVROLET","BLAZER","BEV",2,
"3GNKDGRJXS",2025,"CHEVROLET","BLAZER","BEV",2,
"3GNKD1RJ4S",2025,"CHEVROLET","BLAZER","BEV",2,
"3GNKDBRM2S",2025,"CHEVROLET","BLAZER","BEV",2,
"3GNKD1RJ6S",2025,"CHEVROLET","BLAZER","BEV",2,
"3GNKDHRK6S",2025,"CHEVROLET","BLAZER","BEV",2,
"3GNKDBRM7S",2025,"CHEVROLET","BLAZER","BEV",2,
"3GNKDJRJ4S",2025,"CHEVROLET","BLAZER","BEV",2,
"3GNKDCRM3S",2025,"CHEVROLET","BLAZER","BEV",2,
"3GNKDBRM6S",2025,"CHEVROLET","BLAZER","BEV",2,
"3GNKD1RJ7S",2025,"CHEVROLET","BLAZER","BEV",2,
"3GNKDHRK4S",2025,"CHEVROLET","BLAZER","BEV",2,
"3GNKDARM3S",2025,"CHEVROLET","BLAZER","BEV",2,
"3GNKDBRM1S",2025,"CHEVROLET","BLAZER","BEV",2,
"3GNKDERL3S",2025,"CHEVROLET","BLAZER","BEV",2,
"3GNKDCRM7S",2025,"CHEVROLET","BLAZER","BEV",2,
"3GNKDGRJ2S",2025,"CHEVROLET","BLAZER","BEV",2,
"3GNKDKRJ6S",2025,"CHEVROLET","BLAZER","BEV",2,
"3GNKDHRK0S",2025,"CHEVROLET","BLAZER","BEV",2,
"3GNKDCRM5S",2025,"CHEVROLET","BLAZER","BEV",2,
"3GNKDDRM1S",2025,"CHEVROLET","BLAZER","BEV",2,
"3GNKDKRJ0S",2025,"CHEVROLET","BLAZER","BEV",2,
"3GNKD1RJ5S",2025,"CHEVROLET","BLAZER","BEV",2,
"3GNKDCRM0S",2025,"CHEVROLET","BLAZER","BEV",2,
"3GNKDERLXS",2025,"CHEVROLET","BLAZER","BEV",2,
"3GNKDJRJ2S",2025,"CHEVROLET","BLAZER","BEV",2,
"3GNKDHRK7S",2025,"CHEVROLET","BLAZER","BEV",2,
"3GNKDDRM9S",2025,"CHEVROLET","BLAZER","BEV",2,
"3GNKDCRM9S",2025,"CHEVROLET","BLAZER","BEV",2,
"3GNKDKRJXS",2025,"CHEVROLET","BLAZER","BEV",2,
"3GNKDERL9S",2025,"CHEVROLET","BLAZER","BEV",2,
"3GNKDCRM6S",2025,"CHEVROLET","BLAZER","BEV",2,
"3GN7DMRP3S",2025,"CHEVROLET","EQUINOX","BEV",2,
"3GN7DNRP1S",2025,"CHEVROLET","EQUINOX","BEV",2,
"3GN7DMRP9S",2025,"CHEVROLET","EQUINOX","BEV",2,
"3GN7DSRR6S",2025,"CHEVROLET","EQUINOX","BEV",2,
"3GN7DLRP4S",2025,"CHEVROLET","EQUINOX","BEV",2,
"3GN7DNRP7S",2025,"CHEVROLET","EQUINOX","BEV",2,
"3GN7DNRP4S",2025,"CHEVROLET","EQUINOX","BEV",2,
"3GN7DNRPXS",2025,"CHEVROLET","EQUINOX","BEV",2,
"3GN7DNRR2S",2025,"CHEVROLET","EQUINOX","BEV",2,
"3GN7DLRR5S",2025,"CHEVROLET","EQUINOX","BEV",2,
"3GN7DLRP7S",2025,"CHEVROLET","EQUINOX","BEV",2,
"3GN7DSRR7S",2025,"CHEVROLET","EQUINOX","BEV",2,
"3GN7DLRR0S",2025,"CHEVROLET","EQUINOX","BEV",2,
"3GN7DLRR6S",2025,"CHEVROLET","EQUINOX","BEV",2,
"3GN7DNRP8S",2025,"CHEVROLET","EQUINOX","BEV",2,
"3GN7DNRP3S",2025,"CHEVROLET","EQUINOX","BEV",2,
"3GN7DSRP2S",2025,"CHEVROLET","EQUINOX","BEV",2,
"3GN7DNRR7S",2025,"CHEVROLET","EQUINOX","BEV",2,
"3GN7DLRP3S",2025,"CHEVROLET","EQUINOX","BEV",2,
"3GN7DSRRXS",2025,"CHEVROLET","EQUINOX","BEV",2,
"3GN7DMRP0S",2025,"CHEVROLET","EQUINOX","BEV",2,
"3GN7DNRP9S",2025,"CHEVROLET","EQUINOX","BEV",2,
"3GN7DSRP3S",2025,"CHEVROLET","EQUINOX","BEV",2,
"3GN7DMRPXS",2025,"CHEVROLET","EQUINOX","BEV",2,
"3GN7DNRR6S",2025,"CHEVROLET","EQUINOX","BEV",2,
"3GN7DSRP0S",2025,"CHEVROLET","EQUINOX","BEV",2,
"3GN7DLRP2S",2025,"CHEVROLET","EQUINOX","BEV",2,
"3GN7DSRP4S",2025,"CHEVROLET","EQUINOX","BEV",2,
"3GN7DSRR8S",2025,"CHEVROLET","EQUINOX","BEV",2,
"3GN7DNRR5S",2025,"CHEVROLET","EQUINOX","BEV",2,
"3GN7DSRR3S",2025,"CHEVROLET","EQUINOX","BEV",2,
"3GN7DNRP5S",2025,"CHEVROLET","EQUINOX","BEV",2,
"3GN7DLRP8S",2025,"CHEVROLET","EQUINOX","BEV",2,
"3GN7DMRR2S",2025,"CHEVROLET","EQUINOX","BEV",2,
"3GN7DLRPXS",2025,"CHEVROLET","EQUINOX","BEV",2,
"3GN7DSRP7S",2025,"CHEVROLET","EQUINOX","BEV",2,
"3GN7DMRR3S",2025,"CHEVROLET","EQUINOX","BEV",2,
"3GN7DLRR3S",2025,"CHEVROLET","EQUINOX","BEV",2,
"3GN7DSRR9S",2025,"CHEVROLET","EQUINOX","BEV",2,
"3GN7DSRP6S",2025,"CHEVROLET","EQUINOX","BEV",2,
"3GN7DLRP9S",2025,"CHEVROLET","EQUINOX","BEV",2,
"3GN7DSRR2S",2025,"CHEVROLET","EQUINOX","BEV",2,
"3GN7DLRR9S",2025,"CHEVROLET","EQUINOX","BEV",2,
"3GN7DNRRXS",2025,"CHEVROLET","EQUINOX","BEV",2,
"3GN7DLRRXS",2025,"CHEVROLET","EQUINOX","BEV",2,
"3GN7DLRP0S",2025,"CHEVROLET","EQUINOX","BEV",2,
"3GN7DLRP6S",2025,"CHEVROLET","EQUINOX","BEV",2,
"3GN7DSRR0S",2025,"CHEVROLET","EQUINOX","BEV",2,
"3GN7DSRR1S",2025,"CHEVROLET","EQUINOX","BEV",2,
"3GN7DMRP4S",2025,"CHEVROLET","EQUINOX","BEV",2,
"3GN7DSRPXS",2025,"CHEVROLET","EQUINOX","BEV",2,
"3GN7DNRP6S",2025,"CHEVROLET","EQUINOX","BEV",2,
"3GN7DSRR5S",2025,"CHEVROLET","EQUINOX","BEV",2,
"3GN7DNRR4S",2025,"CHEVROLET","EQUINOX","BEV",2,
"3GN7DMRR1S",2025,"CHEVROLET","EQUINOX","BEV",2,
"3GN7DMRR6S",2025,"CHEVROLET","EQUINOX","BEV",2,
"3GN7DNRR1S",2025,"CHEVROLET","EQUINOX","BEV",2,
"3GN7DMRP8S",2025,"CHEVROLET","EQUINOX","BEV",2,
"3GN7DLRR1S",2025,"CHEVROLET","EQUINOX","BEV",2,
"3GN7DMRP7S",2025,"CHEVROLET","EQUINOX","BEV",2,
"3GN7DSRP1S",2025,"CHEVROLET","EQUINOX","BEV",2,
"3GN7DLRR2S",2025,"CHEVROLET","EQUINOX","BEV",2,
"3GN7DLRR8S",2025,"CHEVROLET","EQUINOX","BEV",2,
"3GN7DLRP1S",2025,"CHEVROLET","EQUINOX","BEV",2,
"3GN7DMRP2S",2025,"CHEVROLET","EQUINOX","BEV",2,
"3GN7DLRR4S",2025,"CHEVROLET","EQUINOX","BEV",2,
"3GN7DNRR8S",2025,"CHEVROLET","EQUINOX","BEV",2,
"3GN7DSRP9S",2025,"CHEVROLET","EQUINOX","BEV",2,
"3GN7DLRR7S",2025,"CHEVROLET","EQUINOX","BEV",2,
"3GN7DMRP6S",2025,"CHEVROLET","EQUINOX","BEV",2,
"3GN7DLRP5S",2025,"CHEVROLET","EQUINOX","BEV",2,
"3GN7DMRR7S",2025,"CHEVROLET","EQUINOX","BEV",2,
"3GN7DSRP5S",2025,"CHEVROLET","EQUINOX","BEV",2,
"3GN7DNRR9S",2025,"CHEVROLET","EQUINOX","BEV",2,
"3GN7DNRR3S",2025,"CHEVROLET","EQUINOX","BEV",2,
"3GN7DSRP8S",2025,"CHEVROLET","EQUINOX","BEV",2,
"3GN7DSRR4S",2025,"CHEVROLET","EQUINOX","BEV",2,
"3GN7DMRP1S",2025,"CHEVROLET","EQUINOX","BEV",2,
"3GN7DNRP0S",2025,"CHEVROLET","EQUINOX","BEV",2,
"3GN7DNRR0S",2025,"CHEVROLET","EQUINOX","BEV",2,
"3GN7DMRR9S",2025,"CHEVROLET","EQUINOX","BEV",2,
"3GN7DMRR5S",2025,"CHEVROLET","EQUINOX","BEV",2,
"3GN7DNRP2S",2025,"CHEVROLET","EQUINOX","BEV",2,
"3GN7DMRP5S",2025,"CHEVROLET","EQUINOX","BEV",2,
"3GN7DMRR0S",2025,"CHEVROLET","EQUINOX","BEV",2,
"3GN7DMRRXS",2025,"CHEVROLET","EQUINOX","BEV",2,
"3GN7DMRR8S",2025,"CHEVROLET","EQUINOX","BEV",2,
"3GN7DMRR4S",2025,"CHEVROLET","EQUINOX","BEV",2,
"7YAKM4DA6S",2025,"HYUNDAI","IONIQ 5","BEV",2,
"7YAKNDDC7S",2025,"HYUNDAI","IONIQ 5","BEV",2,
"7YAKMDDC8S",2025,"HYUNDAI","IONIQ 5","BEV",2,
"7YAKMDDCXS",2025,"HYUNDAI","IONIQ 5","BEV",2,
"7YAKNDDC3S",2025,"HYUNDAI","IONIQ 5","BEV",2,
"7YAKRDDC6S",2025,"HYUNDAI","IONIQ 5","BEV",2,
"7YAKNDDC9S",2025,"HYUNDAI","IONIQ 5","BEV",2,
"7YAKRDDC0S",2025,"HYUNDAI","IONIQ 5","BEV",2,
"7YAKNDDCXS",2025,"HYUNDAI","IONIQ 5","BEV",2,
"7YAKMDDC4S",2025,"HYUNDAI","IONIQ 5","BEV",2,
"7YAKRDDC9S",2025,"HYUNDAI","IONIQ 5","BEV",2,
"7YAKNDDC5S",2025,"HYUNDAI","IONIQ 5","BEV",2,
"7YAKPDDC6S",2025,"HYUNDAI","IONIQ 5","BEV",2,
"7YAKNDDC8S",2025,"HYUNDAI","IONIQ 5","BEV",2,
"7YAKRDDC3S",2025,"HYUNDAI","IONIQ 5","BEV",2,
"7YAKNDDC4S",2025,"HYUNDAI","IONIQ 5","BEV",2,
"7YAKRDDC5S",2025,"HYUNDAI","IONIQ 5","BEV",2,
"7YAKRDDC4S",2025,"HYUNDAI","IONIQ 5","BEV",2,
"7YAKRDDC7S",2025,"HYUNDAI","IONIQ 5","BEV",2,
"7YAKNDDC6S",2025,"HYUNDAI","IONIQ 5","BEV",2,
"7YAKNDDC1S",2025,"HYUNDAI","IONIQ 5","BEV",2,
"7YAKM4DB5S",2025,"HYUNDAI","IONIQ 5","BEV",2,
"7YAKM4DBXS",2025,"HYUNDAI","IONIQ 5","BEV",2,
"7YAKM4DB9S",2025,"HYUNDAI","IONIQ 5","BEV",2,
"7YAKRDDC8S",2025,"HYUNDAI","IONIQ 5","BEV",2,
"7YAKPDDC5S",2025,"HYUNDAI","IONIQ 5","BEV",2,
"7YAKMDDC2S",2025,"HYUNDAI","IONIQ 5","BEV",2,
"7YAKRDDC2S",2025,"HYUNDAI","IONIQ 5","BEV",2,
"7YAKNDDC0S",2025,"HYUNDAI","IONIQ 5","BEV",2,
"7YAKMDDC7S",2025,"HYUNDAI","IONIQ 5","BEV",2,
"7YAKPDDC9S",2025,"HYUNDAI","IONIQ 5","BEV",2,
"7YAKN4DA9S",2025,"HYUNDAI","IONIQ 5","BEV",2,
"7YAKMDDC5S",2025,"HYUNDAI","IONIQ 5","BEV",2,
"7YAKMDDC6S",2025,"HYUNDAI","IONIQ 5","BEV",2,
"7YAKM4DA3S",2025,"HYUNDAI","IONIQ 5","BEV",2,
"7YAKRDDCXS",2025,"HYUNDAI","IONIQ 5","BEV",2,
"7YAKNDDC2S",2025,"HYUNDAI","IONIQ 5","BEV",2,
"7YAKPDDC3S",2025,"HYUNDAI","IONIQ 5","BEV",2,
"7YAKMDDC3S",2025,"HYUNDAI","IONIQ 5","BEV",2,
"7YAKRDDC1S",2025,"HYUNDAI","IONIQ 5","BEV",2,
"7YAKPDDC1S",2025,"HYUNDAI","IONIQ 5","BEV",2,
"7YAKM4DB0S",2025,"HYUNDAI","IONIQ 5","BEV",2,
"7YAKMDDC0S",2025,"HYUNDAI","IONIQ 5","BEV",2,
"7YAKM4DB2S",2025,"HYUNDAI","IONIQ 5","BEV",2,
"7YAKPDDC0S",2025,"HYUNDAI","IONIQ 5","BEV",2,
"7YAKPDDC8S",2025,"HYUNDAI","IONIQ 5","BEV",2,
"7YAKPDDC4S",2025,"HYUNDAI","IONIQ 5","BEV",2,
"7YAKM4DB6S",2025,"HYUNDAI","IONIQ 5","BEV",2,
"7YAKM4DA1S",2025,"HYUNDAI","IONIQ 5","BEV",2,
"7YAKR4DA4S",2025,"HYUNDAI","IONIQ 5","BEV",2,
"7YAKR4DA7S",2025,"HYUNDAI","IONIQ 5","BEV",2,
"7YAKMDDC1S",2025,"HYUNDAI","IONIQ 5","BEV",2,
"7YAKM4DB3S",2025,"HYUNDAI","IONIQ 5","BEV",2,
"7YAKM4DB4S",2025,"HYUNDAI","IONIQ 5","BEV",2,
"7YAKMDDC9S",2025,"HYUNDAI","IONIQ 5","BEV",2,
"7YAKM4DB1S",2025,"HYUNDAI","IONIQ 5","BEV",2,
"7YAKR4DA1S",2025,"HYUNDAI","IONIQ 5","BEV",2,
"7YAKM4DA9S",2025,"HYUNDAI","IONIQ 5","BEV",2,
"7YAKR4DA8S",2025,"HYUNDAI","IONIQ 5","BEV",2,
"7YAKM4DA5S",2025,"HYUNDAI","IONIQ 5","BEV",2,
"7YAKPDDCXS",2025,"HYUNDAI","IONIQ 5","BEV",2,
"7YAKR4DA5S",2025,"HYUNDAI","IONIQ 5","BEV",2,
"7YAKPDDC7S",2025,"HYUNDAI","IONIQ 5","BEV",2,
"7YAKM4DB7S",2025,"HYUNDAI","IONIQ 5","BEV",2,
"7YAKN4DA6S",2025,"HYUNDAI","IONIQ 5","BEV",2,
"7YAKM4DB8S",2025,"HYUNDAI","IONIQ 5","BEV",2,
"7YAKN4DA4S",2025,"HYUNDAI","IONIQ 5","BEV",2,
"7YAKR4DA2S",2025,"HYUNDAI","IONIQ 5","BEV",2,
"7YAKN4DA5S",2025,"HYUNDAI","IONIQ 5","BEV",2,
"7YAKN4DA1S",2025,"HYUNDAI","IONIQ 5","BEV",2,
"7YAKR4DA0S",2025,"HYUNDAI","IONIQ 5","BEV",2,
"7YAKM4DA2S",2025,"HYUNDAI","IONIQ 5","BEV",2,
"7YAKPDDC2S",2025,"HYUNDAI","IONIQ 5","BEV",2,
"7YAKM4DAXS",2025,"HYUNDAI","IONIQ 5","BEV",2,
"7YAKN4DA7S",2025,"HYUNDAI","IONIQ 5","BEV",2,
"7YAKN4DAXS",2025,"HYUNDAI","IONIQ 5","BEV",2,
"7YAKM4DA0S",2025,"HYUNDAI","IONIQ 5","BEV",2,
"7YAKM4DA4S",2025,"HYUNDAI","IONIQ 5","BEV",2,
"7YAKM4DA8S",2025,"HYUNDAI","IONIQ 5","BEV",2,
"KM8HE3A67S",2025,"HYUNDAI","KONA","BEV",2,
"KM8HC3A69S",2025,"HYUNDAI","KONA","BEV",2,
"KM8KNDA83S",2025,"HYUNDAI","IONIQ 5 N","BEV",2,
"KMHM14AB6S",2025,"HYUNDAI","IONIQ 6","BEV",2,
"KM8HC3A61S",2025,"HYUNDAI","KONA","BEV",2,
"KMHM34AC6S",2025,"HYUNDAI","IONIQ 6","BEV",2,
"KMHM24AC1S",2025,"HYUNDAI","IONIQ 6","BEV",2,
"KMHM54AC0S",2025,"HYUNDAI","IONIQ 6","BEV",2,
"KM8HC3A66S",2025,"HYUNDAI","KONA","BEV",2,
"KMHM24AC9S",2025,"HYUNDAI","IONIQ 6","BEV",2,
"KM8HE3A68S",2025,"HYUNDAI","KONA","BEV",2,
"KMHM54AC7S",2025,"HYUNDAI","IONIQ 6","BEV",2,
"KMHM24AC0S",2025,"HYUNDAI","IONIQ 6","BEV",2,
"KM8HE3A61S",2025,"HYUNDAI","KONA","BEV",2,
"KM8HC3A64S",2025,"HYUNDAI","KONA","BEV",2,
"KM8HE3A66S",2025,"HYUNDAI","KONA","BEV",2,
"KMHM34AC7S",2025,"HYUNDAI","IONIQ 6","BEV",2,
"KM8HE3A65S",2025,"HYUNDAI","KONA","BEV",2,
"KMHM34AC0S",2025,"HYUNDAI","IONIQ 6","BEV",2,
"KM8HB3A78S",2025,"HYUNDAI","KONA","BEV",2,
"KMHM34AC2S",2025,"HYUNDAI","IONIQ 6","BEV",2,
"KMHM34AC5S",2025,"HYUNDAI","IONIQ 6","BEV",2,
"KM8KNDA81S",2025,"HYUNDAI","IONIQ 5 N","BEV",2,
"KMHM34ACXS",2025,"HYUNDAI","IONIQ 6","BEV",2,
"KMHM14ABXS",2025,"HYUNDAI","IONIQ 6","BEV",2,
"KMHM34AC1S",2025,"HYUNDAI","IONIQ 6","BEV",2,
"KMHM54AC9S",2025,"HYUNDAI","IONIQ 6","BEV",2,
"KMHM14AB8S",2025,"HYUNDAI","IONIQ 6","BEV",2,
"KMHM54AC4S",2025,"HYUNDAI","IONIQ 6","BEV",2,
"KM8HE3A62S",2025,"HYUNDAI","KONA","BEV",2,
"KM8HC3A63S",2025,"HYUNDAI","KONA","BEV",2,
"KMHM34AC9S",2025,"HYUNDAI","IONIQ 6","BEV",2,
"KM8HC3A65S",2025,"HYUNDAI","KONA","BEV",2,
"KM8HA3A67S",2025,"HYUNDAI","KONA","BEV",2,
"KM8HE3A69S",2025,"HYUNDAI","KONA","BEV",2,
"KMHM34AC8S",2025,"HYUNDAI","IONIQ 6","BEV",2,
"KM8KNDA86S",2025,"HYUNDAI","IONIQ 5 N","BEV",2,
"KMHM54AC8S",2025,"HYUNDAI","IONIQ 6","BEV",2,
"KMHM14AB7S",2025,"HYUNDAI","IONIQ 6","BEV",2,
"KM8KNDA84S",2025,"HYUNDAI","IONIQ 5 N","BEV",2,
"KMHM24AC7S",2025,"HYUNDAI","IONIQ 6","BEV",2,
"KM8HA3A66S",2025,"HYUNDAI","KONA","BEV",2,
"KM8HB3A7XS",2025,"HYUNDAI","KONA","BEV",2,
"KM8HC3A62S",2025,"HYUNDAI","KONA","BEV",2,
"KM8HA3A68S",2025,"HYUNDAI","KONA","BEV",2,
"KM8KNDA85S",2025,"HYUNDAI","IONIQ 5 N","BEV",2,
"KM8HB3A73S",2025,"HYUNDAI","KONA","BEV",2,
"KM8KNDA80S",2025,"HYUNDAI","IONIQ 5 N","BEV",2,
"KM8HA3A62S",2025,"HYUNDAI","KONA","BEV",2,
"KMHM24AC3S",2025,"HYUNDAI","IONIQ 6","BEV",2,
"KMHM34AA2S",2025,"HYUNDAI","IONIQ 6","BEV",2,
"KMHM14AB2S",2025,"HYUNDAI","IONIQ 6","BEV",2,
"KM8KNDA89S",2025,"HYUNDAI","IONIQ 5 N","BEV",2,
"KMHM54AC2S",2025,"HYUNDAI","IONIQ 6","BEV",2,
"KMHM24AC6S",2025,"HYUNDAI","IONIQ 6","BEV",2,
"KM8HE3A60S",2025,"HYUNDAI","KONA","BEV",2,
"KM8HC3A60S",2025,"HYUNDAI","KONA","BEV",2,
"KMHM24AA8S",2025,"HYUNDAI","IONIQ 6","BEV",2,
"KMHM34AA3S",2025,"HYUNDAI","IONIQ 6","BEV",2,
"KMHM54AC1S",2025,"HYUNDAI","IONIQ 6","BEV",2,
"KMHM14AB1S",2025,"HYUNDAI","IONIQ 6","BEV",2,
"KM8HE3A64S",2025,"HYUNDAI","KONA","BEV",2,
"KMHM34AC4S",2025,"HYUNDAI","IONIQ 6","BEV",2,
"KMHM34AA6S",2025,"HYUNDAI","IONIQ 6","BEV",2,
"KM8KNDA82S",2025,"HYUNDAI","IONIQ 5 N","BEV",2,
"KM8HC3A67S",2025,"HYUNDAI","KONA","BEV",2,
"KM8HC3A68S",2025,"HYUNDAI","KONA","BEV",2,
"KM8KNDA87S",2025,"HYUNDAI","IONIQ 5 N","BEV",2,
"KMHM54AC6S",2025,"HYUNDAI","IONIQ 6","BEV",2,
"KM8HC3A6XS",2025,"HYUNDAI","KONA","BEV",2,
"KM8HB3A70S",2025,"HYUNDAI","KONA","BEV",2,
"KMHM24AA3S",2025,"HYUNDAI","IONIQ 6","BEV",2,
"KMHM24AA9S",2025,"HYUNDAI","IONIQ 6","BEV",2,
"KMHM34AA4S",2025,"HYUNDAI","IONIQ 6","BEV",2,
"KMHM24AC8S",2025,"HYUNDAI","IONIQ 6","BEV",2,
"KMHM34AA5S",2025,"HYUNDAI","IONIQ 6","BEV",2,
"KMHM24ACXS",2025,"HYUNDAI","IONIQ 6","BEV",2,
"KMHM24AC2S",2025,"HYUNDAI","IONIQ 6","BEV",2,
"KM8KNDA8XS",2025,"HYUNDAI","IONIQ 5 N","BEV",2,
"KMHM24AC4S",2025,"HYUNDAI","IONIQ 6","BEV",2,
"KMHM14AB0S",2025,"HYUNDAI","IONIQ 6","BEV",2,
"KMHM54AC3S",2025,"HYUNDAI","IONIQ 6","BEV",2,
"KMHM34AC3S",2025,"HYUNDAI","IONIQ 6","BEV",2,
"KMHM34AA1S",2025,"HYUNDAI","IONIQ 6","BEV",2,
"KMHM24AC5S",2025,"HYUNDAI","IONIQ 6","BEV",2,
"KMHM14AB4S",2025,"HYUNDAI","IONIQ 6","BEV",2,
"KMHM34AA8S",2025,"HYUNDAI","IONIQ 6","BEV",2,
"KM8HB3A77S",2025,"HYUNDAI","KONA","BEV",2,
"KMHM54AC5S",2025,"HYUNDAI","IONIQ 6","BEV",2,
"KMHM54ACXS",2025,"HYUNDAI","IONIQ 6","BEV",2,
"KM8KNDA88S",2025,"HYUNDAI","IONIQ 5 N","BEV",2,
"KM8HB3A72S",2025,"HYUNDAI","KONA","BEV",2,
"KM8HA3A65S",2025,"HYUNDAI","KONA","BEV",2,
"KM8HA3A63S",2025,"HYUNDAI","KONA","BEV",2,
"KM8HB3A76S",2025,"HYUNDAI","KONA","BEV",2,
"KMHM34AAXS",2025,"HYUNDAI","IONIQ 6","BEV",2,
"KM8HA3A6XS",2025,"HYUNDAI","KONA","BEV",2,
"KM8HE3A63S",2025,"HYUNDAI","KONA","BEV",2,
"KMHM24AA0S",2025,"HYUNDAI","IONIQ 6","BEV",2,
"KM8HE3A6XS",2025,"HYUNDAI","KONA","BEV",2,
"KMHM24AA7S",2025,"HYUNDAI","IONIQ 6","BEV",2,
"KMHM14AB9S",2025,"HYUNDAI","IONIQ 6","BEV",2,
"KMHM24AA2S",2025,"HYUNDAI","IONIQ 6","BEV",2,
"KM8HB3A75S",2025,"HYUNDAI","KONA","BEV",2,
"KMHM34AA7S",2025,"HYUNDAI","IONIQ 6","BEV",2,
"KMHM24AA5S",2025,"HYUNDAI","IONIQ 6","BEV",2,
"KM8HA3A60S",2025,"HYUNDAI","KONA","BEV",2,
"KM8HA3A64S",2025,"HYUNDAI","KONA","BEV",2,
"KMHM24AA4S",2025,"HYUNDAI","IONIQ 6","BEV",2,
"KM8HB3A79S",2025,"HYUNDAI","KONA","BEV",2,
"KMHM14AB3S",2025,"HYUNDAI","IONIQ 6","BEV",2,
"KMHM14AB5S",2025,"HYUNDAI","IONIQ 6","BEV",2,
"KMHM24AA6S",2025,"HYUNDAI","IONIQ 6","BEV",2,
"KMHM34AA0S",2025,"HYUNDAI","IONIQ 6","BEV",2,
"KM8HB3A74S",2025,"HYUNDAI","KONA","BEV",2,
"WA1LUBFZ7S",2025,"AUDI","Q4","BEV",2,
"WA124BGF1S",2025,"AUDI","Q6","BEV",2,
"WAU3DAGH2S",2025,"AUDI","A6","BEV",2,
"WA114BGF1S",2025,"AUDI","Q6","BEV",2,
"WA122BGF9S",2025,"AUDI","Q6","BEV",2,
"WA134BGF1S",2025,"AUDI","Q6","BEV",2,
"WA124BGF3S",2025,"AUDI","Q6","BEV",2,
"WA124BGF7S",2025,"AUDI","Q6","BEV",2,
"WA135BGF9S",2025,"AUDI","SQ6","BEV",2,
"WA124BGF4S",2025,"AUDI","Q6","BEV",2,
"WA12UBFZXS",2025,"AUDI","Q4","BEV",2,
"WA124BGF6S",2025,"AUDI","Q6","BEV",2,
"WA135BGF7S",2025,"AUDI","SQ6","BEV",2,
"WAUG9BFW8S",2025,"AUDI","S E-TRON GT","BEV",2,
"WA1MUBFZ0S",2025,"AUDI","Q4","BEV",2,
"WA134BGF6S",2025,"AUDI","Q6","BEV",2,
"WA13UBFZ2S",2025,"AUDI","Q4","BEV",2,
"WA134BGF5S",2025,"AUDI","Q6","BEV",2,
"WA135BGF2S",2025,"AUDI","SQ6","BEV",2,
"WA134BGF2S",2025,"AUDI","Q6","BEV",2,
"WA1LUBFZ3S",2025,"AUDI","Q4","BEV",2,
"WA134BGF0S",2025,"AUDI","Q6","BEV",2,
"WA124BGFXS",2025,"AUDI","Q6","BEV",2,
"WA124BGF0S",2025,"AUDI","Q6","BEV",2,
"WA14UBFZ7S",2025,"AUDI","Q4","BEV",2,
"WA124BGF5S",2025,"AUDI","Q6","BEV",2,
"WA124BGF9S",2025,"AUDI","Q6","BEV",2,
"WA135BGF5S",2025,"AUDI","SQ6","BEV",2,
"WA124BGF2S",2025,"AUDI","Q6","BEV",2,
"WA13UBFZ6S",2025,"AUDI","Q4","BEV",2,
"WA122BGF6S",2025,"AUDI","Q6","BEV",2,
"WA1B5BFZXS",2025,"AUDI","Q4","BEV",2,
"WA124BGF8S",2025,"AUDI","Q6","BEV",2,
"WAU2DAGH0S",2025,"AUDI","A6","BEV",2,
"WA125BGF5S",2025,"AUDI","SQ6","BEV",2,
"WA1LUBFZ8S",2025,"AUDI","Q4","BEV",2,
"WA135BGF3S",2025,"AUDI","SQ6","BEV",2,
"WA135BGF1S",2025,"AUDI","SQ6","BEV",2,
"WA134BGF9S",2025,"AUDI","Q6","BEV",2,
"WA114BGF2S",2025,"AUDI","Q6","BEV",2,
"WA1KUBFZ9S",2025,"AUDI","Q4","BEV",2,
"WA135BGF0S",2025,"AUDI","SQ6","BEV",2,
"WA1A5BFZ5S",2025,"AUDI","Q4","BEV",2,
"WA134BGF8S",2025,"AUDI","Q6","BEV",2,
"WA1LUBFZXS",2025,"AUDI","Q4","BEV",2,
"WA1LUBFZ4S",2025,"AUDI","Q4","BEV",2,
"WA135BGF6S",2025,"AUDI","SQ6","BEV",2,
"WA13UBFZ5S",2025,"AUDI","Q4","BEV",2,
"WA1MUBFZ7S",2025,"AUDI","Q4","BEV",2,
"WA13UBFZ4S",2025,"AUDI","Q4","BEV",2,
"WA1LUBFZ2S",2025,"AUDI","Q4","BEV",2,
"WAU3EAGH6S",2025,"AUDI","S6","BEV",2,
"WA12UBFZ3S",2025,"AUDI","Q4","BEV",2,
"WA134BGF3S",2025,"AUDI","Q6","BEV",2,
"WA1LUBFZ6S",2025,"AUDI","Q4","BEV",2,
"WA1LUBFZ9S",2025,"AUDI","Q4","BEV",2,
"WAUJ8BFW7S",2025,"AUDI","RS E-TRON GT","BEV",2,
"WA134BGFXS",2025,"AUDI","Q6","BEV",2,
"WAU2DAGH6S",2025,"AUDI","A6","BEV",2,
"WA125BGF8S",2025,"AUDI","SQ6","BEV",2,
"WAU2EAGH9S",2025,"AUDI","S6","BEV",2,
"WA14UBFZ6S",2025,"AUDI","Q4","BEV",2,
"WA1MUBFZ6S",2025,"AUDI","Q4","BEV",2,
"WAU3DAGH1S",2025,"AUDI","A6","BEV",2,
"WA125BGF6S",2025,"AUDI","SQ6","BEV",2,
"WA114BGF0S",2025,"AUDI","Q6","BEV",2,
"WA1KUBFZXS",2025,"AUDI","Q4","BEV",2,
"WA135BGFXS",2025,"AUDI","SQ6","BEV",2,
"WAU3DAGH4S",2025,"AUDI","A6","BEV",2,
"WA135BGF4S",2025,"AUDI","SQ6","BEV",2,
"WA114BGF4S",2025,"AUDI","Q6","BEV",2,
"WA1LUBFZ0S",2025,"AUDI","Q4","BEV",2,
"WA1MUBFZ9S",2025,"AUDI","Q4","BEV",2,
"WAU2EAGH1S",2025,"AUDI","S6","BEV",2,
"WA125BGF9S",2025,"AUDI","SQ6","BEV",2,
"WA114BGF8S",2025,"AUDI","Q6","BEV",2,
"WA134BGF7S",2025,"AUDI","Q6","BEV",2,
"WAU3DAGH6S",2025,"AUDI","A6","BEV",2,
"WAU2DAGH8S",2025,"AUDI","A6","BEV",2,
"WA12UBFZ0S",2025,"AUDI","Q4","BEV",2,
"WAUJ8BFWXS",2025,"AUDI","RS E-TRON GT","BEV",2,
"WA13UBFZ3S",2025,"AUDI","Q4","BEV",2,
"WA1LUBFZ5S",2025,"AUDI","Q4","BEV",2,
"WAU2DAGH1S",2025,"AUDI","A6","BEV",2,
"WAU7DAGH9S",2025,"AUDI","A6","BEV",2,
"WA114BGFXS",2025,"AUDI","Q6","BEV",2,
"WA13UBFZ0S",2025,"AUDI","Q4","BEV",2,
"WAU2DAGHXS",2025,"AUDI","A6","BEV",2,
"WA134BGF4S",2025,"AUDI","Q6","BEV",2,
"WAUJ8BFW5S",2025,"AUDI","RS E-TRON GT","BEV",2,
"WA1KUBFZ6S",2025,"AUDI","Q4","BEV",2,
"WAU2DAGH7S",2025,"AUDI","A6","BEV",2,
"WA125BGF4S",2025,"AUDI","SQ6","BEV",2,
"WAU3DAGH3S",2025,"AUDI","A6","BEV",2,
"WAU2EAGH7S",2025,"AUDI","S6","BEV",2,
"WA125BGFXS",2025,"AUDI","SQ6","BEV",2,
"WAU3DAGH5S",2025,"AUDI","A6","BEV",2,
"WAU3EAGH7S",2025,"AUDI","S6","BEV",2,
"WAU7DAGH7S",2025,"AUDI","A6","BEV",2,
"WAU3EAGH5S",2025,"AUDI","S6","BEV",2,
"WA135BGF8S",2025,"AUDI","SQ6","BEV",2,
"WA1KUBFZ0S",2025,"AUDI","Q4","BEV",2,
"WA1B5BFZ6S",2025,"AUDI","Q4","BEV",2,
"WAU3DAGH9S",2025,"AUDI","A6","BEV",2,
"WAU3DAGH8S",2025,"AUDI","A6","BEV",2,
"WA1C5BGFXS",2025,"AUDI","SQ6","BEV",2,
"WA14UBFZXS",2025,"AUDI","Q4","BEV",2,
"WAUH9BFW3S",2025,"AUDI","S E-TRON GT","BEV",2,
"WAU2EAGH3S",2025,"AUDI","S6","BEV",2,
"WA114BGF6S",2025,"AUDI","Q6","BEV",2,
"WAUH9BFW4S",2025,"AUDI","S E-TRON GT","BEV",2,
"WA13UBFZ9S",2025,"AUDI","Q4","BEV",2,
"WAU3EAGH0S",2025,"AUDI","S6","BEV",2,
"WAU7DAGH0S",2025,"AUDI","A6","BEV",2,
"WA125BGF3S",2025,"AUDI","SQ6","BEV",2,
"WAU3EAGH9S",2025,"AUDI","S6","BEV",2,
"WA1F4BGF1S",2025,"AUDI","Q6","BEV",2,
"WA114BGF7S",2025,"AUDI","Q6","BEV",2,
"WAU2DAGH2S",2025,"AUDI","A6","BEV",2,
"WA122BGF2S",2025,"AUDI","Q6","BEV",2,
"WAU2EAGH5S",2025,"AUDI","S6","BEV",2,
"WAU2DAGH9S",2025,"AUDI","A6","BEV",2,
"WAU2DAGH4S",2025,"AUDI","A6","BEV",2,
"WA1LUBFZ1S",2025,"AUDI","Q4","BEV",2,
"WAUH9BFW2S",2025,"AUDI","S E-TRON GT","BEV",2,
"WAUH9BFW0S",2025,"AUDI","S E-TRON GT","BEV",2,
"WAU3DAGHXS",2025,"AUDI","A6","BEV",2,
"WAU2DAGH5S",2025,"AUDI","A6","BEV",2,
"WAU2CAGH7S",2025,"AUDI","A6","BEV",2,
"WA1B5BFZ8S",2025,"AUDI","Q4","BEV",2,
"WA122BGF1S",2025,"AUDI","Q6","BEV",2,
"WAUJ8BFW3S",2025,"AUDI","RS E-TRON GT","BEV",2,
"WAU2CAGHXS",2025,"AUDI","A6","BEV",2,
"WA1KUBFZ3S",2025,"AUDI","Q4","BEV",2,
"WA1MUBFZ1S",2025,"AUDI","Q4","BEV",2,
"WA1MUBFZ4S",2025,"AUDI","Q4","BEV",2,
"WA1A5BFZ1S",2025,"AUDI","Q4","BEV",2,
"WA114BGF3S",2025,"AUDI","Q6","BEV",2,
"WA1C5BGF9S",2025,"AUDI","SQ6","BEV",2,
"WAUG9BFWXS",2025,"AUDI","S E-TRON GT","BEV",2,
"WAUH9BFW9S",2025,"AUDI","S E-TRON GT","BEV",2,
"WA1MUBFZ3S",2025,"AUDI","Q4","BEV",2,
"WAU2CAGH6S",2025,"AUDI","A6","BEV",2,
"WA14UBFZ0S",2025,"AUDI","Q4","BEV",2,
"WA13UBFZ8S",2025,"AUDI","Q4","BEV",2,
"WA1KUBFZ1S",2025,"AUDI","Q4","BEV",2,
"WA122BGFXS",2025,"AUDI","Q6","BEV",2,
"WA125BGF2S",2025,"AUDI","SQ6","BEV",2,
"WA1KUBFZ5S",2025,"AUDI","Q4","BEV",2,
"WA14UBFZ8S",2025,"AUDI","Q4","BEV",2,
"WA1KUBFZ8S",2025,"AUDI","Q4","BEV",2,
"WAU3EAGHXS",2025,"AUDI","S6","BEV",2,
"WA1MUBFZXS",2025,"AUDI","Q4","BEV",2,
"WA1MUBFZ5S",2025,"AUDI","Q4","BEV",2,
"WA1A5BFZXS",2025,"AUDI","Q4","BEV",2,
"WA122BGF0S",2025,"AUDI","Q6","BEV",2,
"WA1A5BFZ2S",2025,"AUDI","Q4","BEV",2,
"WAU2DAGH3S",2025,"AUDI","A6","BEV",2,
"WA1A5BFZ4S",2025,"AUDI","Q4","BEV",2,
"WAU2CAGH0S",2025,"AUDI","A6","BEV",2,
"WA114BGF9S",2025,"AUDI","Q6","BEV",2,
"WAUH9BFW6S",2025,"AUDI","S E-TRON GT","BEV",2,
"WA12UBFZ6S",2025,"AUDI","Q4","BEV",2,
"WAU2CAGH1S",2025,"AUDI","A6","BEV",2,
"WAUG9BFW0S",2025,"AUDI","S E-TRON GT","BEV",2,
"WAUJ8BFW8S",2025,"AUDI","RS E-TRON GT","BEV",2,
"WAU2EAGH0S",2025,"AUDI","S6","BEV",2,
"WAUG9BFW9S",2025,"AUDI","S E-TRON GT","BEV",2,
"WAU3EAGH1S",2025,"AUDI","S6","BEV",2,
"WA1B5BFZ9S",2025,"AUDI","Q4","BEV",2,
"WAUJ8BFW6S",2025,"AUDI","RS E-TRON GT","BEV",2,
"WAU2EAGH4S",2025,"AUDI","S6","BEV",2,
"WA112BGF1S",2025,"AUDI","Q6","BEV",2,
"WA112BGF0S",2025,"AUDI","Q6","BEV",2,
"WA12UBFZ2S",2025,"AUDI","Q4","BEV",2,
"WAUH9BFWXS",2025,"AUDI","S E-TRON GT","BEV",2,
"WAU7DAGH3S",2025,"AUDI","A6","BEV",2,
"5YJ3E1EB1S",2025,"TESLA","MODEL 3","BEV",2,
"5YJ3E1EB5S",2025,"TESLA","MODEL 3","BEV",2,
"7SAYGDEE4S",2025,"TESLA","MODEL Y","BEV",2,
"5YJ3E1EB7S",2025,"TESLA","MODEL 3","BEV",2,
"7SAYGDED5S",2025,"TESLA","MODEL Y","BEV",2,
"5YJ3E1EA9S",2025,"TESLA","MODEL 3","BEV",2,
"7SAYGDEE5S",2025,"TESLA","MODEL Y","BEV",2,
"5YJ3E1EA3S",2025,"TESLA","MODEL 3","BEV",2,
"7SAYGAEE2S",2025,"TESLA","MODEL Y","BEV",2,
"5YJ3E1EA6S",2025,"TESLA","MODEL 3","BEV",2,
"5YJ3E1EA0S",2025,"TESLA","MODEL 3","BEV",2,
"7G2CEHED8S",2025,"TESLA","CYBERTRUCK","BEV",2,
"7SAYGDED2S",2025,"TESLA","MODEL Y","BEV",2,
"7SAYGDED7S",2025,"TESLA","MODEL Y","BEV",2,
"5YJ3E1EA4S",2025,"TESLA","MODEL 3","BEV",2,
"5YJ3E1EA2S",2025,"TESLA","MODEL 3","BEV",2,
"5YJ3E1EA8S",2025,"TESLA","MODEL 3","BEV",2,
"5YJ3E1EAXS",2025,"TESLA","MODEL 3","BEV",2,
"5YJ3E1EBXS",2025,"TESLA","MODEL 3","BEV",2,
"7SAYGDEE0S",2025,"TESLA","MODEL Y","BEV",2,
"7SAYGAEE6S",2025,"TESLA","MODEL Y","BEV",2,
"7G2CEHED7S",2025,"TESLA","CYBERTRUCK","BEV",2,
"7SAYGAEE9S",2025,"TESLA","MODEL Y","BEV",2,
"5YJ3E1EB2S",2025,"TESLA","MODEL 3","BEV",2,
"7SAYGDEE6S",2025,"TESLA","MODEL Y","BEV",2,
"5YJ3E1EB9S",2025,"TESLA","MODEL 3","BEV",2,
"7SAYGDED0S",2025,"TESLA","MODEL Y","BEV",2,
"7SAYGDEE2S",2025,"TESLA","MODEL Y","BEV",2,
"5YJ3E1EA7S",2025,"TESLA","MODEL 3","BEV",2,
"5YJ3E1EA1S",2025,"TESLA","MODEL 3","BEV",2,
"7SAYGDEEXS",2025,"TESLA","MODEL Y","BEV",2,
"5YJ3E1EB3S",2025,"TESLA","MODEL 3","BEV",2,
"7SAXCAE52S",2025,"TESLA","MODEL X","BEV",2,
"7SAYGDED1S",2025,"TESLA","MODEL Y","BEV",2,
"7SAYGDED8S",2025,"TESLA","MODEL Y","BEV",2,
"5YJ3E1EA5S",2025,"TESLA","MODEL 3","BEV",2,
"7SAYGDEE1S",2025,"TESLA","MODEL Y","BEV",2,
"7SAYGAEE3S",2025,"TESLA","MODEL Y","BEV",2,
"5YJ3E1EB6S",2025,"TESLA","MODEL 3","BEV",2,
"7SAYGAEE8S",2025,"TESLA","MODEL Y","BEV",2,
"7SAYGDEE9S",2025,"TESLA","MODEL Y","BEV",2,
"7SAYGDEDXS",2025,"TESLA","MODEL Y","BEV",2,
"7SAYGAEE1S",2025,"TESLA","MODEL Y","BEV",2,
"7SAYGAEE4S",2025,"TESLA","MODEL Y","BEV",2,
"7SAYGDEE7S",2025,"TESLA","MODEL Y","BEV",2,
"5YJ3E1ET0S",2025,"TESLA","MODEL 3","BEV",2,
"7G2CEHED9S",2025,"TESLA","CYBERTRUCK","BEV",2,
"7SAYGAEE7S",2025,"TESLA","MODEL Y","BEV",2,
"5YJ3E1EB0S",2025,"TESLA","MODEL 3","BEV",2,
"7SAYGDED3S",2025,"TESLA","MODEL Y","BEV",2,
"5YJ3E1EB8S",2025,"TESLA","MODEL 3","BEV",2,
"7SAYGDEE8S",2025,"TESLA","MODEL Y","BEV",2,
"7SAYGDED9S",2025,"TESLA","MODEL Y","BEV",2,
"7SAYGDED4S",2025,"TESLA","MODEL Y","BEV",2,
"7SAXCDE56S",2025,"TESLA","MODEL X","BEV",2,
"7SAYGDEE3S",2025,"TESLA","MODEL Y","BEV",2,
"5YJ3E1ETXS",2025,"TESLA","MODEL 3","BEV",2,
"7G2CEHED1S",2025,"TESLA","CYBERTRUCK","BEV",2,
"7SAYGDEFXS",2025,"TESLA","MODEL Y","BEV",2,
"7SAXCAE56S",2025,"TESLA","MODEL X","BEV",2,
"7G2CEHED5S",2025,"TESLA","CYBERTRUCK","BEV",2,
"5YJ3E1ET3S",2025,"TESLA","MODEL 3","BEV",2,
"7G2CEHED6S",2025,"TESLA","CYBERTRUCK","BEV",2,
"7G2CEHED0S",2025,"TESLA","CYBERTRUCK","BEV",2,
"5YJ3E1EB4S",2025,"TESLA","MODEL 3","BEV",2,
"7SAYGDEF0S",2025,"TESLA","MODEL Y","BEV",2,
"7SAYGAEE5S",2025,"TESLA","MODEL Y","BEV",2,
"5YJ3E1ET7S",2025,"TESLA","MODEL 3","BEV",2,
"7SAYGAEE0S",2025,"TESLA","MODEL Y","BEV",2,
"7SAXCBE58S",2025,"TESLA","MODEL X","BEV",2,
"7SAYGDEF9S",2025,"TESLA","MODEL Y","BEV",2,
"7SAYGDEF6S",2025,"TESLA","MODEL Y","BEV",2,
"7SAYGAEEXS",2025,"TESLA","MODEL Y","BEV",2,
"7SAXCBE5XS",2025,"TESLA","MODEL X","BEV",2,
"5YJ3E1ET9S",2025,"TESLA","MODEL 3","BEV",2,
"7SAYGDED6S",2025,"TESLA","MODEL Y","BEV",2,
"7SAYGDEF5S",2025,"TESLA","MODEL Y","BEV",2,
"7SAXCBE67S",2025,"TESLA","MODEL X","BEV",2,
"7G2CEHED2S",2025,"TESLA","CYBERTRUCK","BEV",2,
"7G2CEHED4S",2025,"TESLA","CYBERTRUCK","BEV",2,
"7SAXCBE69S",2025,"TESLA","MODEL X","BEV",2,
"7G2CEHEE6S",2025,"TESLA","CYBERTRUCK","BEV",2,
"5YJSA1E5XS",2025,"TESLA","MODEL S","BEV",2,
"5YJ3E1ET8S",2025,"TESLA","MODEL 3","BEV",2,
"7SAYGDEF7S",2025,"TESLA","MODEL Y","BEV",2,
"7SAYGDEF2S",2025,"TESLA","MODEL Y","BEV",2,
"7SAXCBE53S",2025,"TESLA","MODEL X","BEV",2,
"5YJSA1E53S",2025,"TESLA","MODEL S","BEV",2,
"7SAYGDEF4S",2025,"TESLA","MODEL Y","BEV",2,
"7SAXCBE50S",2025,"TESLA","MODEL X","BEV",2,
"5YJ3E1ET5S",2025,"TESLA","MODEL 3","BEV",2,
"5YJSA1E56S",2025,"TESLA","MODEL S","BEV",2,
"7SAXCDE59S",2025,"TESLA","MODEL X","BEV",2,
"7SAYGDEF8S",2025,"TESLA","MODEL Y","BEV",2,
"7SAXCBE54S",2025,"TESLA","MODEL X","BEV",2,
"7SAYGDEF1S",2025,"TESLA","MODEL Y","BEV",2,
"7SAXCAE59S",2025,"TESLA","MODEL X","BEV",2,
"7SAYGDEF3S",2025,"TESLA","MODEL Y","BEV",2,
"7SAXCDE5XS",2025,"TESLA","MODEL X","BEV",2,
"7G2CEHED3S",2025,"TESLA","CYBERTRUCK","BEV",2,
"7G2CEHEDXS",2025,"TESLA","CYBERTRUCK","BEV",2,
"7SAXCAE50S",2025,"TESLA","MODEL X","BEV",2,
"7SAXCAE57S",2025,"TESLA","MODEL X","BEV",2,
"5YJ3E1ET4S",2025,"TESLA","MODEL 3","BEV",2,
"7G2CEHEEXS",2025,"TESLA","CYBERTRUCK","BEV",2,
"5YJ3E1ET1S",2025,"TESLA","MODEL 3","BEV",2,
"5YJ3E1ET6S",2025,"TESLA","MODEL 3","BEV",2,
"7SAXCBE61S",2025,"TESLA","MODEL X","BEV",2,
"7SAXCBE51S",2025,"TESLA","MODEL X","BEV",2,
"7G2CEHEE0S",2025,"TESLA","CYBERTRUCK","BEV",2,
"5YJSA1E52S",2025,"TESLA","MODEL S","BEV",2,
"7SAXCDE51S",2025,"TESLA","MODEL X","BEV",2,
"7SAXCBE64S",2025,"TESLA","MODEL X","BEV",2,
"5YJSA1E59S",2025,"TESLA","MODEL S","BEV",2,
"5YJ3E1ET2S",2025,"TESLA","MODEL 3","BEV",2,
"7SAXCDE57S",2025,"TESLA","MODEL X","BEV",2,
"5YJSA1E51S",2025,"TESLA","MODEL S","BEV",2,
"7SAXCAE53S",2025,"TESLA","MODEL X","BEV",2,
"7SAXCBE56S",2025,"TESLA","MODEL X","BEV",2,
"5YJSA1E54S",2025,"TESLA","MODEL S","BEV",2,
"7SAXCBE59S",2025,"TESLA","MODEL X","BEV",2,
"7SAXCDE53S",2025,"TESLA","MODEL X","BEV",2,
"7SAXCDE52S",2025,"TESLA","MODEL X","BEV",2,
"7SAXCDE55S",2025,"TESLA","MODEL X","BEV",2,
"5YJSA1E58S",2025,"TESLA","MODEL S","BEV",2,
"7G2CEHEE1S",2025,"TESLA","CYBERTRUCK","BEV",2,
"7SAXCBE52S",2025,"TESLA","MODEL X","BEV",2,
"7SAXCBE55S",2025,"TESLA","MODEL X","BEV",2,
"7SAXCBE57S",2025,"TESLA","MODEL X","BEV",2,
"7SAXCDE50S",2025,"TESLA","MODEL X","BEV",2,
"7SAXCDE54S",2025,"TESLA","MODEL X","BEV",2,
"7G2CEHEE8S",2025,"TESLA","CYBERTRUCK","BEV",2,
"7G2CEHEE3S",2025,"TESLA","CYBERTRUCK","BEV",2,
"7G2CEHEE2S",2025,"TESLA","CYBERTRUCK","BEV",2,
"7SAXCBE62S",2025,"TESLA","MODEL X","BEV",2,
"5YJSA1E57S",2025,"TESLA","MODEL S","BEV",2,
"7SAXCBE60S",2025,"TESLA","MODEL X","BEV",2,
"5YJSA1E69S",2025,"TESLA","MODEL S","BEV",2,
"7SAXCBE68S",2025,"TESLA","MODEL X","BEV",2,
"7SAXCAE51S",2025,"TESLA","MODEL X","BEV",2,
"7G2CEHEE9S",2025,"TESLA","CYBERTRUCK","BEV",2,
"5YJSA1E65S",2025,"TESLA","MODEL S","BEV",2,
"7G2CEHEE5S",2025,"TESLA","CYBERTRUCK","BEV",2,
"7SAXCBE66S",2025,"TESLA","MODEL X","BEV",2,
"7SAXCDE58S",2025,"TESLA","MODEL X","BEV",2,
"5YJSA1E50S",2025,"TESLA","MODEL S","BEV",2,
"7SAXCAE58S",2025,"TESLA","MODEL X","BEV",2,
"7SAXCAE5XS",2025,"TESLA","MODEL X","BEV",2,
"7SAXCAE55S",2025,"TESLA","MODEL X","BEV",2,
"7SAXCAE54S",2025,"TESLA","MODEL X","BEV",2,
"7SAXCBE6XS",2025,"TESLA","MODEL X","BEV",2,
"5YJSA1E60S",2025,"TESLA","MODEL S","BEV",2,
"5YJSA1E55S",2025,"TESLA","MODEL S","BEV",2,
"5YJSA1E63S",2025,"TESLA","MODEL S","BEV",2,
"7SAXCBE63S",2025,"TESLA","MODEL X","BEV",2,
"5YJSA1E62S",2025,"TESLA","MODEL S","BEV",2,
"7SAXCBE65S",2025,"TESLA","MODEL X","BEV",2,
"5YJSA1E66S",2025,"TESLA","MODEL S","BEV",2,
"7G2CEHEE7S",2025,"TESLA","CYBERTRUCK","BEV",2,
"5YJSA1E6XS",2025,"TESLA","MODEL S","BEV",2,
"5YJSA1E64S",2025,"TESLA","MODEL S","BEV",2,
"7G2CEHEE4S",2025,"TESLA","CYBERTRUCK","BEV",2,
"3GYK3EMR6S",2025,"CADILLAC","OPTIQ","BEV",2,
"3GYK3DMR9S",2025,"CADILLAC","OPTIQ","BEV",2,
"3GYK3EMR5S",2025,"CADILLAC","OPTIQ","BEV",2,
"3GYK3DMR3S",2025,"CADILLAC","OPTIQ","BEV",2,
"3GYK3BMR0S",2025,"CADILLAC","OPTIQ","BEV",2,
"3GYK3GMR2S",2025,"CADILLAC","OPTIQ","BEV",2,
"3GYK3GMRXS",2025,"CADILLAC","OPTIQ","BEV",2,
"3GYK3DMR1S",2025,"CADILLAC","OPTIQ","BEV",2,
"3GYK3GMR5S",2025,"CADILLAC","OPTIQ","BEV",2,
"3GYK3GMR0S",2025,"CADILLAC","OPTIQ","BEV",2,
"3GYK3GMR6S",2025,"CADILLAC","OPTIQ","BEV",2,
"3GYK3GMR9S",2025,"CADILLAC","OPTIQ","BEV",2,
"3GYK3BMR8S",2025,"CADILLAC","OPTIQ","BEV",2,
"3GYK3GMR8S",2025,"CADILLAC","OPTIQ","BEV",2,
"3GYK3DMR8S",2025,"CADILLAC","OPTIQ","BEV",2,
"3GYK3BMR1S",2025,"CADILLAC","OPTIQ","BEV",2,
"3GYK3EMR2S",2025,"CADILLAC","OPTIQ","BEV",2,
"3GYK3EMR9S",2025,"CADILLAC","OPTIQ","BEV",2,
"3GYK3BMRXS",2025,"CADILLAC","OPTIQ","BEV",2,
"3GYK3EMR3S",2025,"CADILLAC","OPTIQ","BEV",2,
"3GYK3EMR7S",2025,"CADILLAC","OPTIQ","BEV",2,
"3GYK3BMR5S",2025,"CADILLAC","OPTIQ","BEV",2,
"3GYK3EMR4S",2025,"CADILLAC","OPTIQ","BEV",2,
"3GYK3GMR3S",2025,"CADILLAC","OPTIQ","BEV",2,
"3GYK3EMR8S",2025,"CADILLAC","OPTIQ","BEV",2,
"3GYK3BMR9S",2025,"CADILLAC","OPTIQ","BEV",2,
"3GYK3BMR4S",2025,"CADILLAC","OPTIQ","BEV",2,
"3GYK3DMR5S",2025,"CADILLAC","OPTIQ","BEV",2,
"3GYK3GMR7S",2025,"CADILLAC","OPTIQ","BEV",2,
"3GYK3DMRXS",2025,"CADILLAC","OPTIQ","BEV",2,
"3GYK3BMR2S",2025,"CADILLAC","OPTIQ","BEV",2,
"3GYK3EMRXS",2025,"CADILLAC","OPTIQ","BEV",2,
"3GYK3DMR7S",2025,"CADILLAC","OPTIQ","BEV",2,
"3GYK3DMR6S",2025,"CADILLAC","OPTIQ","BEV",2,
"3GYK3GMR4S",2025,"CADILLAC","OPTIQ","BEV",2,
"3GYK3BMR6S",2025,"CADILLAC","OPTIQ","BEV",2,
"3GYK3BMR7S",2025,"CADILLAC","OPTIQ","BEV",2,
"3GYK3BMR3S",2025,"CADILLAC","OPTIQ","BEV",2,
"3GYK3GMR1S",2025,"CADILLAC","OPTIQ","BEV",2,
"3GYK3DMR2S",2025,"CADILLAC","OPTIQ","BEV",2,
"3GYK3EMR0S",2025,"CADILLAC","OPTIQ","BEV",2,
"3GYK3EMR1S",2025,"CADILLAC","OPTIQ","BEV",2,
"3GYK3DMR4S",2025,"CADILLAC","OPTIQ","BEV",2,
"3GYK3DMR0S",2025,"CADILLAC","OPTIQ","BEV",2,
"1GYKPWRLXS",2025,"CADILLAC","LYRIQ","BEV",2,
"1GYKPURL4S",2025,"CADILLAC","LYRIQ","BEV",2,
"1GYKPWRL9S",2025,"CADILLAC","LYRIQ","BEV",2,
"1GYKPYRL4S",2025,"CADILLAC","LYRIQ","BEV",2,
"1GYKPURL6S",2025,"CADILLAC","LYRIQ","BEV",2,
"1GYKPWRL1S",2025,"CADILLAC","LYRIQ","BEV",2,
"1GYKPNRL2S",2025,"CADILLAC","LYRIQ","BEV",2,
"1GYKPURK3S",2025,"CADILLAC","LYRIQ","BEV",2,
"1GYKPURL7S",2025,"CADILLAC","LYRIQ","BEV",2,
"1GYKPURL1S",2025,"CADILLAC","LYRIQ","BEV",2,
"1GYKPYRL9S",2025,"CADILLAC","LYRIQ","BEV",2,
"1GYKPNRL8S",2025,"CADILLAC","LYRIQ","BEV",2,
"1GYKPURL0S",2025,"CADILLAC","LYRIQ","BEV",2,
"1GYKPTRL7S",2025,"CADILLAC","LYRIQ","BEV",2,
"1GYKPURL5S",2025,"CADILLAC","LYRIQ","BEV",2,
"1GYKPNRL4S",2025,"CADILLAC","LYRIQ","BEV",2,
"1GYKPURK9S",2025,"CADILLAC","LYRIQ","BEV",2,
"1GYKPNRL7S",2025,"CADILLAC","LYRIQ","BEV",2,
"1GYKPWRL4S",2025,"CADILLAC","LYRIQ","BEV",2,
"1GYKPNRL5S",2025,"CADILLAC","LYRIQ","BEV",2,
"1GYKPTRL0S",2025,"CADILLAC","LYRIQ","BEV",2,
"1GYKPTRL2S",2025,"CADILLAC","LYRIQ","BEV",2,
"1GYKPYRLXS",2025,"CADILLAC","LYRIQ","BEV",2,
"1GYKPNRK1S",2025,"CADILLAC","LYRIQ","BEV",2,
"1GYKPURL2S",2025,"CADILLAC","LYRIQ","BEV",2,
"1GYKPWRL6S",2025,"CADILLAC","LYRIQ","BEV",2,
"1GYKPURL3S",2025,"CADILLAC","LYRIQ","BEV",2,
"1GYKPRRL8S",2025,"CADILLAC","LYRIQ","BEV",2,
"1GYKPWRL7S",2025,"CADILLAC","LYRIQ","BEV",2,
"1GYKPURL9S",2025,"CADILLAC","LYRIQ","BEV",2,
"1GYKPWRL2S",2025,"CADILLAC","LYRIQ","BEV",2,
"1GYKPNRL0S",2025,"CADILLAC","LYRIQ","BEV",2,
"1GYKPWRL0S",2025,"CADILLAC","LYRIQ","BEV",2,
"1GYKPYRL2S",2025,"CADILLAC","LYRIQ","BEV",2,
"1GYKPURK0S",2025,"CADILLAC","LYRIQ","BEV",2,
"1GYKPWRL3S",2025,"CADILLAC","LYRIQ","BEV",2,
"1GYKPWRK4S",2025,"CADILLAC","LYRIQ","BEV",2,
"1GYKPRRL3S",2025,"CADILLAC","LYRIQ","BEV",2,
"1GYKPRRL6S",2025,"CADILLAC","LYRIQ","BEV",2,
"1GYKPTRL6S",2025,"CADILLAC","LYRIQ","BEV",2,
"1GYKPTRL4S",2025,"CADILLAC","LYRIQ","BEV",2,
"1GYKPRRL2S",2025,"CADILLAC","LYRIQ","BEV",2,
"1GYKPYRL8S",2025,"CADILLAC","LYRIQ","BEV",2,
"1GYKPRRL0S",2025,"CADILLAC","LYRIQ","BEV",2,
"1GYKPRRL7S",2025,"CADILLAC","LYRIQ","BEV",2,
"1GYKPYRL5S",2025,"CADILLAC","LYRIQ","BEV",2,
"1GYKPURLXS",2025,"CADILLAC","LYRIQ","BEV",2,
"1GYKPNRL3S",2025,"CADILLAC","LYRIQ","BEV",2,
"1GYKPNRLXS",2025,"CADILLAC","LYRIQ","BEV",2,
"1GYKPURKXS",2025,"CADILLAC","LYRIQ","BEV",2,
"1GYKPNRL1S",2025,"CADILLAC","LYRIQ","BEV",2,
"1GYKPURL8S",2025,"CADILLAC","LYRIQ","BEV",2,
"1GYKPYRL7S",2025,"CADILLAC","LYRIQ","BEV",2,
"1GYKPNRL9S",2025,"CADILLAC","LYRIQ","BEV",2,
"1GYKPRRL9S",2025,"CADILLAC","LYRIQ","BEV",2,
"1GYKPWRL8S",2025,"CADILLAC","LYRIQ","BEV",2,
"1GYKPTRL8S",2025,"CADILLAC","LYRIQ","BEV",2,
"1GYKPURK2S",2025,"CADILLAC","LYRIQ","BEV",2,
"1GYKPNRK4S",2025,"CADILLAC","LYRIQ","BEV",2,
"1GYKPYRL6S",2025,"CADILLAC","LYRIQ","BEV",2,
"1GYKPURK8S",2025,"CADILLAC","LYRIQ","BEV",2,
"1GYKPRRLXS",2025,"CADILLAC","LYRIQ","BEV",2,
"1GYKPYRL3S",2025,"CADILLAC","LYRIQ","BEV",2,
"1GYKPNRK6S",2025,"CADILLAC","LYRIQ","BEV",2,
"1GYKPRRL4S",2025,"CADILLAC","LYRIQ","BEV",2,
"1GYKPTRK2S",2025,"CADILLAC","LYRIQ","BEV",2,
"1GYKPTRL5S",2025,"CADILLAC","LYRIQ","BEV",2,
"1GYKPWRK5S",2025,"CADILLAC","LYRIQ","BEV",2,
"1GYKPTRL3S",2025,"CADILLAC","LYRIQ","BEV",2,
"1GYKPNRK8S",2025,"CADILLAC","LYRIQ","BEV",2,
"1GYKPWRL5S",2025,"CADILLAC","LYRIQ","BEV",2,
"1GYKPNRK2S",2025,"CADILLAC","LYRIQ","BEV",2,
"1GYKPNRL6S",2025,"CADILLAC","LYRIQ","BEV",2,
"1GYKPRRL1S",2025,"CADILLAC","LYRIQ","BEV",2,
"1GYKPYRL0S",2025,"CADILLAC","LYRIQ","BEV",2,
"1GYKPTRL9S",2025,"CADILLAC","LYRIQ","BEV",2,
"1GYKPTRLXS",2025,"CADILLAC","LYRIQ","BEV",2,
"1GYKPRRL5S",2025,"CADILLAC","LYRIQ","BEV",2,
"1GYKPNRK9S",2025,"CADILLAC","LYRIQ","BEV",2,
"1GYKPYRL1S",2025,"CADILLAC","LYRIQ","BEV",2,
"1GYKPRRK1S",2025,"CADILLAC","LYRIQ","BEV",2,
"1GYKPRRK9S",2025,"CADILLAC","LYRIQ","BEV",2,
"1GYKPYRK3S",2025,"CADILLAC","LYRIQ","BEV",2,
"1GYKPTRL1S",2025,"CADILLAC","LYRIQ","BEV",2,
"1GYKPRRK8S",2025,"CADILLAC","LYRIQ","BEV",2,
"1GYKPURK6S",2025,"CADILLAC","LYRIQ","BEV",2,
"1GYKPWRK9S",2025,"CADILLAC","LYRIQ","BEV",2,
"1GYKPWRK2S",2025,"CADILLAC","LYRIQ","BEV",2,
"1GYKPNRK7S",2025,"CADILLAC","LYRIQ","BEV",2,
"1GYKPURK4S",2025,"CADILLAC","LYRIQ","BEV",2,
"1V2JSPE89S",2025,"VOLKSWAGEN","ID.4","BEV",2,
"1V2JSPE86S",2025,"VOLKSWAGEN","ID.4","BEV",2,
"1V2WSPE82S",2025,"VOLKSWAGEN","ID.4","BEV",2,
"1V2JSPE80S",2025,"VOLKSWAGEN","ID.4","BEV",2,
"1V2DSPE86S",2025,"VOLKSWAGEN","ID.4","BEV",2,
"1V2JSPE85S",2025,"VOLKSWAGEN","ID.4","BEV",2,
"1V2WSPE8XS",2025,"VOLKSWAGEN","ID.4","BEV",2,
"1V2WSPE83S",2025,"VOLKSWAGEN","ID.4","BEV",2,
"1V2DSPE81S",2025,"VOLKSWAGEN","ID.4","BEV",2,
"1V2DSPE82S",2025,"VOLKSWAGEN","ID.4","BEV",2,
"1V2DSPE88S",2025,"VOLKSWAGEN","ID.4","BEV",2,
"1V2JSPE87S",2025,"VOLKSWAGEN","ID.4","BEV",2,
"1V2WSPE86S",2025,"VOLKSWAGEN","ID.4","BEV",2,
"1V2CRPE87S",2025,"VOLKSWAGEN","ID.4","BEV",2,
"1V2WSPE89S",2025,"VOLKSWAGEN","ID.4","BEV",2,
"1V2WSPE80S",2025,"VOLKSWAGEN","ID.4","BEV",2,
"1V2JSPE8XS",2025,"VOLKSWAGEN","ID.4","BEV",2,
"1V2VRPE88S",2025,"VOLKSWAGEN","ID.4","BEV",2,
"1V2DSPE80S",2025,"VOLKSWAGEN","ID.4","BEV",2,
"1V2WSPE81S",2025,"VOLKSWAGEN","ID.4","BEV",2,
"1V2DSPE8XS",2025,"VOLKSWAGEN","ID.4","BEV",2,
"1V2JSPE83S",2025,"VOLKSWAGEN","ID.4","BEV",2,
"1V2CRPE86S",2025,"VOLKSWAGEN","ID.4","BEV",2,
"1V2WSPE85S",2025,"VOLKSWAGEN","ID.4","BEV",2,
"1V2VRPE87S",2025,"VOLKSWAGEN","ID.4","BEV",2,
"1V2WSPE87S",2025,"VOLKSWAGEN","ID.4","BEV",2,
"1V2DSPE87S",2025,"VOLKSWAGEN","ID.4","BEV",2,
"1V2WSPE88S",2025,"VOLKSWAGEN","ID.4","BEV",2,
"1V2DSPE85S",2025,"VOLKSWAGEN","ID.4","BEV",2,
"1V2VRPE8XS",2025,"VOLKSWAGEN","ID.4","BEV",2,
"1V2JSPE84S",2025,"VOLKSWAGEN","ID.4","BEV",2,
"1V2DSPE84S",2025,"VOLKSWAGEN","ID.4","BEV",2,
"1V2JSPE81S",2025,"VOLKSWAGEN","ID.4","BEV",2,
"1V2CRPE85S",2025,"VOLKSWAGEN","ID.4","BEV",2,
"1V2WSPE84S",2025,"VOLKSWAGEN","ID.4","BEV",2,
"1V2CRPE89S",2025,"VOLKSWAGEN","ID.4","BEV",2,
"1V2DSPE89S",2025,"VOLKSWAGEN","ID.4","BEV",2,
"1V2VRPE85S",2025,"VOLKSWAGEN","ID.4","BEV",2,
"1V2DSPE83S",2025,"VOLKSWAGEN","ID.4","BEV",2,
"1V2JSPE88S",2025,"VOLKSWAGEN","ID.4","BEV",2,
"1V2CRPE83S",2025,"VOLKSWAGEN","ID.4","BEV",2,
"1V2VRPE82S",2025,"VOLKSWAGEN","ID.4","BEV",2,
"1V2VRPE89S",2025,"VOLKSWAGEN","ID.4","BEV",2,
"1V2JSPE82S",2025,"VOLKSWAGEN","ID.4","BEV",2,
"1V2VRPE80S",2025,"VOLKSWAGEN","ID.4","BEV",2,
"1V2BMPE89S",2025,"VOLKSWAGEN","ID.4","BEV",2,
"1V2VRPE81S",2025,"VOLKSWAGEN","ID.4","BEV",2,
"1V2CRPE81S",2025,"VOLKSWAGEN","ID.4","BEV",2,
"1V2CRPE80S",2025,"VOLKSWAGEN","ID.4","BEV",2,
"1V2CRPE82S",2025,"VOLKSWAGEN","ID.4","BEV",2,
"1V2VRPE84S",2025,"VOLKSWAGEN","ID.4","BEV",2,
"1V25MPE82S",2025,"VOLKSWAGEN","ID.4","BEV",2,
"1V2CRPE8XS",2025,"VOLKSWAGEN","ID.4","BEV",2,
"1V2BMPE83S",2025,"VOLKSWAGEN","ID.4","BEV",2,
"1V25MPE80S",2025,"VOLKSWAGEN","ID.4","BEV",2,
"1V2VRPE83S",2025,"VOLKSWAGEN","ID.4","BEV",2,
"1V2CRPE88S",2025,"VOLKSWAGEN","ID.4","BEV",2,
"1V25MPE87S",2025,"VOLKSWAGEN","ID.4","BEV",2,
"1V2VRPE86S",2025,"VOLKSWAGEN","ID.4","BEV",2,
"1V25MPE83S",2025,"VOLKSWAGEN","ID.4","BEV",2,
"1V2BMPE87S",2025,"VOLKSWAGEN","ID.4","BEV",2,
"1V2BMPE8XS",2025,"VOLKSWAGEN","ID.4","BEV",2,
"1V2CRPE84S",2025,"VOLKSWAGEN","ID.4","BEV",2,
"1V2BMPE85S",2025,"VOLKSWAGEN","ID.4","BEV",2,
"WVGRWVEB1S",2025,"VOLKSWAGEN","ID. BUZZ","BEV",2,
"WVG6YVEB4S",2025,"VOLKSWAGEN","ID. BUZZ","BEV",2,
"WVGNYVEB5S",2025,"VOLKSWAGEN","ID. BUZZ","BEV",2,
"WVGKWVEB9S",2025,"VOLKSWAGEN","ID. BUZZ","BEV",2,
"WVG6YVEB9S",2025,"VOLKSWAGEN","ID. BUZZ","BEV",2,
"WVGAWVEB3S",2025,"VOLKSWAGEN","ID. BUZZ","BEV",2,
"WVGNYVEB2S",2025,"VOLKSWAGEN","ID. BUZZ","BEV",2,
"WVG6YVEB5S",2025,"VOLKSWAGEN","ID. BUZZ","BEV",2,
"WVG6YVEB0S",2025,"VOLKSWAGEN","ID. BUZZ","BEV",2,
"WVG2WVEB1S",2025,"VOLKSWAGEN","ID. BUZZ","BEV",2,
"WVGJYVEB9S",2025,"VOLKSWAGEN","ID. BUZZ","BEV",2,
"WVG6YVEB2S",2025,"VOLKSWAGEN","ID. BUZZ","BEV",2,
"WVGAWVEB8S",2025,"VOLKSWAGEN","ID. BUZZ","BEV",2,
"WVG5WVEB2S",2025,"VOLKSWAGEN","ID. BUZZ","BEV",2,
"WVGNYVEB7S",2025,"VOLKSWAGEN","ID. BUZZ","BEV",2,
"WVG6YVEB6S",2025,"VOLKSWAGEN","ID. BUZZ","BEV",2,
"WVGNYVEBXS",2025,"VOLKSWAGEN","ID. BUZZ","BEV",2,
"WVG6YVEB7S",2025,"VOLKSWAGEN","ID. BUZZ","BEV",2,
"WVG6YVEBXS",2025,"VOLKSWAGEN","ID. BUZZ","BEV",2,
"WVGNYVEB9S",2025,"VOLKSWAGEN","ID. BUZZ","BEV",2,
"WVGNYVEB4S",2025,"VOLKSWAGEN","ID. BUZZ","BEV",2,
"WVG6YVEB1S",2025,"VOLKSWAGEN","ID. BUZZ","BEV",2,
"WVGAWVEB0S",2025,"VOLKSWAGEN","ID. BUZZ","BEV",2,
"WVG5WVEB6S",2025,"VOLKSWAGEN","ID. BUZZ","BEV",2,
"WVGNYVEB3S",2025,"VOLKSWAGEN","ID. BUZZ","BEV",2,
"WVG5WVEB5S",2025,"VOLKSWAGEN","ID. BUZZ","BEV",2,
"WVG6YVEB3S",2025,"VOLKSWAGEN","ID. BUZZ","BEV",2,
"WVGNYVEB8S",2025,"VOLKSWAGEN","ID. BUZZ","BEV",2,
"WVG6YVEB8S",2025,"VOLKSWAGEN","ID. BUZZ","BEV",2,
"WVGNYVEB6S",2025,"VOLKSWAGEN","ID. BUZZ","BEV",2,
"WVGAWVEBXS",2025,"VOLKSWAGEN","ID. BUZZ","BEV",2,
"WVG5WVEB3S",2025,"VOLKSWAGEN","ID. BUZZ","BEV",2,
"WVGAWVEB1S",2025,"VOLKSWAGEN","ID. BUZZ","BEV",2,
"WVGNYVEB1S",2025,"VOLKSWAGEN","ID. BUZZ","BEV",2,
"WVGAWVEB4S",2025,"VOLKSWAGEN","ID. BUZZ","BEV",2,
"WVGAWVEB5S",2025,"VOLKSWAGEN","ID. BUZZ","BEV",2,
"WVG2WVEB0S",2025,"VOLKSWAGEN","ID. BUZZ","BEV",2,
"WVGJYVEB1S",2025,"VOLKSWAGEN","ID. BUZZ","BEV",2,
"WVGNYVEB0S",2025,"VOLKSWAGEN","ID. BUZZ","BEV",2,
"WVG5WVEB1S",2025,"VOLKSWAGEN","ID. BUZZ","BEV",2,
"WVGRWVEB3S",2025,"VOLKSWAGEN","ID. BUZZ","BEV",2,
"WVG5WVEB4S",2025,"VOLKSWAGEN","ID. BUZZ","BEV",2,
"WVGKWVEB1S",2025,"VOLKSWAGEN","ID. BUZZ","BEV",2,
"WVG5WVEB9S",2025,"VOLKSWAGEN","ID. BUZZ","BEV",2,
"WVGRWVEB0S",2025,"VOLKSWAGEN","ID. BUZZ","BEV",2,
"WVG2WVEB9S",2025,"VOLKSWAGEN","ID. BUZZ","BEV",2,
"WVG5WVEB7S",2025,"VOLKSWAGEN","ID. BUZZ","BEV",2,
"WVGRWVEB7S",2025,"VOLKSWAGEN","ID. BUZZ","BEV",2,
"WVGAWVEB2S",2025,"VOLKSWAGEN","ID. BUZZ","BEV",2,
"WVG5WVEBXS",2025,"VOLKSWAGEN","ID. BUZZ","BEV",2,
"WVGAWVEB6S",2025,"VOLKSWAGEN","ID. BUZZ","BEV",2,
"WVGKWVEB4S",2025,"VOLKSWAGEN","ID. BUZZ","BEV",2,
"WVGKWVEB6S",2025,"VOLKSWAGEN","ID. BUZZ","BEV",2,
"WVGAWVEB7S",2025,"VOLKSWAGEN","ID. BUZZ","BEV",2,
"WVG8WVEB8S",2025,"VOLKSWAGEN","ID. BUZZ","BEV",2,
"WVG5WVEB8S",2025,"VOLKSWAGEN","ID. BUZZ","BEV",2,
"WVGJYVEB3S",2025,"VOLKSWAGEN","ID. BUZZ","BEV",2,
"WVGAWVEB9S",2025,"VOLKSWAGEN","ID. BUZZ","BEV",2,
"WVGKWVEB2S",2025,"VOLKSWAGEN","ID. BUZZ","BEV",2,
"YV4EK3ZL2S",2025,"VOLVO","EX30","BEV",2,
"YV4EK3ZL5S",2025,"VOLVO","EX30","BEV",2,
"YV4EK3ZK0S",2025,"VOLVO","EX30","BEV",2,
"YV4EK3ZK1S",2025,"VOLVO","EX30","BEV",2,
"YV4EK3ZL1S",2025,"VOLVO","EX30","BEV",2,
"YV4EK3ZLXS",2025,"VOLVO","EX30","BEV",2,
"YV4EK3ZK6S",2025,"VOLVO","EX30","BEV",2,
"YV4ER3HL6S",2025,"VOLVO","EX40","BEV",2,
"YV4EK3ZL7S",2025,"VOLVO","EX30","BEV",2,
"YV4EH3HJ4S",2025,"VOLVO","EX40","BEV",2,
"YV4ER3HJ7S",2025,"VOLVO","EX40","BEV",2,
"YV4EK3ZL6S",2025,"VOLVO","EX30","BEV",2,
"YV4EK3ZL4S",2025,"VOLVO","EX30","BEV",2,
"YV4EH3HL1S",2025,"VOLVO","EX40","BEV",2,
"YV4EK3ZK7S",2025,"VOLVO","EX30","BEV",2,
"YV4EK3ZK3S",2025,"VOLVO","EX30","BEV",2,
"YV4ER3HJ0S",2025,"VOLVO","EX40","BEV",2,
"YV4EK3ZK2S",2025,"VOLVO","EX30","BEV",2,
"YV4EK3ZL8S",2025,"VOLVO","EX30","BEV",2,
"YV4EK3ZL3S",2025,"VOLVO","EX30","BEV",2,
"YV4ER3HJ5S",2025,"VOLVO","EX40","BEV",2,
"YV4EK3ZL9S",2025,"VOLVO","EX30","BEV",2,
"YV4EK3ZK5S",2025,"VOLVO","EX30","BEV",2,
"YV4EK3ZKXS",2025,"VOLVO","EX30","BEV",2,
"YV4EK3ZL0S",2025,"VOLVO","EX30","BEV",2,
"YV4ER3HJ9S",2025,"VOLVO","EX40","BEV",2,
"YV4ER3HK0S",2025,"VOLVO","EX40","BEV",2,
"YV4EK3ZK8S",2025,"VOLVO","EX30","BEV",2,
"YV4EH3HK8S",2025,"VOLVO","EX40","BEV",2,
"YV4ER3HLXS",2025,"VOLVO","EX40","BEV",2,
"YV4EK3ZK4S",2025,"VOLVO","EX30","BEV",2,
"YV4ER3HK5S",2025,"VOLVO","EX40","BEV",2,
"YV4ER3HJ1S",2025,"VOLVO","EX40","BEV",2,
"YV4EK3ZK9S",2025,"VOLVO","EX30","BEV",2,
"YV4ER3HL2S",2025,"VOLVO","EX40","BEV",2,
"YV4ER3HK9S",2025,"VOLVO","EX40","BEV",2,
"YV4EH3HK6S",2025,"VOLVO","EX40","BEV",2,
"YV4ER3HJ2S",2025,"VOLVO","EX40","BEV",2,
"YV4ER3HJ4S",2025,"VOLVO","EX40","BEV",2,
"YV4EH3HJ1S",2025,"VOLVO","EX40","BEV",2,
"YV4EH3HK9S",2025,"VOLVO","EX40","BEV",2,
"YV4EH3HJ9S",2025,"VOLVO","EX40","BEV",2,
"YV4ER3HL7S",2025,"VOLVO","EX40","BEV",2,
"YV4EH3HK3S",2025,"VOLVO","EX40","BEV",2,
"YV4EK2ZL5S",2025,"VOLVO","EX30","BEV",2,
"YV4ER3HJ8S",2025,"VOLVO","EX40","BEV",2,
"YV4EH3HK1S",2025,"VOLVO","EX40","BEV",2,
"YV4ER3HL4S",2025,"VOLVO","EX40","BEV",2,
"YV4ER3HK4S",2025,"VOLVO","EX40","BEV",2,
"YV4ER3HK7S",2025,"VOLVO","EX40","BEV",2,
"YV4ER3HK1S",2025,"VOLVO","EX40","BEV",2,
"YV4EH3HJXS",2025,"VOLVO","EX40","BEV",2,
"YV4ER3HJ3S",2025,"VOLVO","EX40","BEV",2,
"YV4ER3HL0S",2025,"VOLVO","EX40","BEV",2,
"YV4ER3HJ6S",2025,"VOLVO","EX40","BEV",2,
"7JDEV3VL2S",2025,"VOLVO","EX90","BEV",2,
"7JDE23KL9S",2025,"VOLVO","EX90","BEV",2,
"7JDEV3VLXS",2025,"VOLVO","EX90","BEV",2,
"7JDEV3VK7S",2025,"VOLVO","EX90","BEV",2,
"7JDEV3KK0S",2025,"VOLVO","EX90","BEV",2,
"7JDEV3KL6S",2025,"VOLVO","EX90","BEV",2,
"7JDE23VL3S",2025,"VOLVO","EX90","BEV",2,
"7JDE23VLXS",2025,"VOLVO","EX90","BEV",2,
"7JDEV3KL8S",2025,"VOLVO","EX90","BEV",2,
"7JDE23VL6S",2025,"VOLVO","EX90","BEV",2,
"7JDEV3KK4S",2025,"VOLVO","EX90","BEV",2,
"7JDEV3KKXS",2025,"VOLVO","EX90","BEV",2,
"7JDE23VL2S",2025,"VOLVO","EX90","BEV",2,
"7JDEV3VL0S",2025,"VOLVO","EX90","BEV",2,
"7JDE23VK1S",2025,"VOLVO","EX90","BEV",2,
"7JDEV3KL5S",2025,"VOLVO","EX90","BEV",2,
"7JDE23KL7S",2025,"VOLVO","EX90","BEV",2,
"7JDE23KL8S",2025,"VOLVO","EX90","BEV",2,
"7JDEV3VL6S",2025,"VOLVO","EX90","BEV",2,
"7JDEV3VL8S",2025,"VOLVO","EX90","BEV",2,
"7JDEV3KK6S",2025,"VOLVO","EX90","BEV",2,
"7JDE23VL4S",2025,"VOLVO","EX90","BEV",2,
"7JDEV3KL9S",2025,"VOLVO","EX90","BEV",2,
"7JDEV3VL7S",2025,"VOLVO","EX90","BEV",2,
"7JDE23VL0S",2025,"VOLVO","EX90","BEV",2,
"7JDEV3KK9S",2025,"VOLVO","EX90","BEV",2,
"7JDEV3VK0S",2025,"VOLVO","EX90","BEV",2,
"7JDEV3KLXS",2025,"VOLVO","EX90","BEV",2,
"7JDEV3KL0S",2025,"VOLVO","EX90","BEV",2,
"7JDEV3KK2S",2025,"VOLVO","EX90","BEV",2,
"7JDE23KL1S",2025,"VOLVO","EX90","BEV",2,
"7JDEV3VK2S",2025,"VOLVO","EX90","BEV",2,
"7JDE23VL7S",2025,"VOLVO","EX90","BEV",2,
"7JDEV3KL1S",2025,"VOLVO","EX90","BEV",2,
"7JDE23VL1S",2025,"VOLVO","EX90","BEV",2,
"7JDEV3VK9S",2025,"VOLVO","EX90","BEV",2,
"7JDEV3VK6S",2025,"VOLVO","EX90","BEV",2,
"7JDEV3VK5S",2025,"VOLVO","EX90","BEV",2,
"7JDEV3VL4S",2025,"VOLVO","EX90","BEV",2,
"7JDEV3VL3S",2025,"VOLVO","EX90","BEV",2,
"7JDEV3KL7S",2025,"VOLVO","EX90","BEV",2,
"7JDEV3KL2S",2025,"VOLVO","EX90","BEV",2,
"7JDEV3KK3S",2025,"VOLVO","EX90","BEV",2,
"7JDE23VL5S",2025,"VOLVO","EX90","BEV",2,
"7JDEV3VL5S",2025,"VOLVO","EX90","BEV",2,
"7JDE23VK2S",2025,"VOLVO","EX90","BEV",2,
"7JDEV3VL1S",2025,"VOLVO","EX90","BEV",2,
"7JDE23VK8S",2025,"VOLVO","EX90","BEV",2,
"7JDEV3KK1S",2025,"VOLVO","EX90","BEV",2,
"7JDEV3VK3S",2025,"VOLVO","EX90","BEV",2,
"7JDE23KLXS",2025,"VOLVO","EX90","BEV",2,
"7JDE23VL8S",2025,"VOLVO","EX90","BEV",2,
"7JDE23KK3S",2025,"VOLVO","EX90","BEV",2,
"7JDE23KL3S",2025,"VOLVO","EX90","BEV",2,
"7JDE23KL0S",2025,"VOLVO","EX90","BEV",2,
"7JDE23KL5S",2025,"VOLVO","EX90","BEV",2,
"7JDE23KL6S",2025,"VOLVO","EX90","BEV",2,
"7JDE23KL4S",2025,"VOLVO","EX90","BEV",2,
"7JDEV3VK8S",2025,"VOLVO","EX90","BEV",2,
"7JDE23VL9S",2025,"VOLVO","EX90","BEV",2,
"7JDEV3VKXS",2025,"VOLVO","EX90","BEV",2,
"7JDEV3KK7S",2025,"VOLVO","EX90","BEV",2,
"7JDEV3VL9S",2025,"VOLVO","EX90","BEV",2,
"7JDE23VK4S",2025,"VOLVO","EX90","BEV",2,
"7JDEV3VK4S",2025,"VOLVO","EX90","BEV",2,
"7JDEV3VK1S",2025,"VOLVO","EX90","BEV",2,
"7JDE23KL2S",2025,"VOLVO","EX90","BEV",2,
"7JDEV3KK8S",2025,"VOLVO","EX90","BEV",2,
"KNDCT3L19S",2025,"KIA","NIRO","BEV",2,
"KNDCR3L10S",2025,"KIA","NIRO","BEV",2,
"5XYC34JA0S",2025,"KIA","EV6","BEV",2,
"KNDCR3L17S",2025,"KIA","NIRO","BEV",2,
"KNDAEFS5XS",2025,"KIA","EV9","BEV",2,
"5XYC3DJC9S",2025,"KIA","EV6","BEV",2,
"5XYAFFS58S",2025,"KIA","EV9","BEV",2,
"KNDCR3L12S",2025,"KIA","NIRO","BEV",2,
"5XYC3DJC1S",2025,"KIA","EV6","BEV",2,
"KNDCR3L14S",2025,"KIA","NIRO","BEV",2,
"5XYC4DJC0S",2025,"KIA","EV6","BEV",2,
"5XYC3DJC5S",2025,"KIA","EV6","BEV",2,
"5XYAEFS5XS",2025,"KIA","EV9","BEV",2,
"KNDAEFS58S",2025,"KIA","EV9","BEV",2,
"KNDCR3L18S",2025,"KIA","NIRO","BEV",2,
"5XYC4DJC5S",2025,"KIA","EV6","BEV",2,
"KNDCT3L13S",2025,"KIA","NIRO","BEV",2,
"5XYC34JA6S",2025,"KIA","EV6","BEV",2,
"KNDCR3L1XS",2025,"KIA","NIRO","BEV",2,
"5XYC34JA9S",2025,"KIA","EV6","BEV",2,
"5XYC3DJC0S",2025,"KIA","EV6","BEV",2,
"5XYC4DJC1S",2025,"KIA","EV6","BEV",2,
"KNDCR3L19S",2025,"KIA","NIRO","BEV",2,
"5XYC3DJC8S",2025,"KIA","EV6","BEV",2,
"5XYC3DJCXS",2025,"KIA","EV6","BEV",2,
"KNDCR3L15S",2025,"KIA","NIRO","BEV",2,
"KNDCT3L15S",2025,"KIA","NIRO","BEV",2,
"KNDCT3L16S",2025,"KIA","NIRO","BEV",2,
"5XYAFFS5XS",2025,"KIA","EV9","BEV",2,
"5XYC3DJC6S",2025,"KIA","EV6","BEV",2,
"KNDCR3L13S",2025,"KIA","NIRO","BEV",2,
"5XYAEFS57S",2025,"KIA","EV9","BEV",2,
"KNDCR3L11S",2025,"KIA","NIRO","BEV",2,
"5XYC3DJC7S",2025,"KIA","EV6","BEV",2,
"KNDCT3L17S",2025,"KIA","NIRO","BEV",2,
"5XYC34JB3S",2025,"KIA","EV6","BEV",2,
"5XYC4DJC7S",2025,"KIA","EV6","BEV",2,
"5XYC4DJC3S",2025,"KIA","EV6","BEV",2,
"KNDAEFS54S",2025,"KIA","EV9","BEV",2,
"5XYAFFS59S",2025,"KIA","EV9","BEV",2,
"5XYAFFS55S",2025,"KIA","EV9","BEV",2,
"KNDCR3L16S",2025,"KIA","NIRO","BEV",2,
"5XYAEFS59S",2025,"KIA","EV9","BEV",2,
"5XYAEFS54S",2025,"KIA","EV9","BEV",2,
"5XYC4DJC2S",2025,"KIA","EV6","BEV",2,
"5XYC3DJC2S",2025,"KIA","EV6","BEV",2,
"KNDCT3L12S",2025,"KIA","NIRO","BEV",2,
"KNDCT3L1XS",2025,"KIA","NIRO","BEV",2,
"5XYC34JA5S",2025,"KIA","EV6","BEV",2,
"5XYC4DJC6S",2025,"KIA","EV6","BEV",2,
"5XYC4DJCXS",2025,"KIA","EV6","BEV",2,
"5XYC34JB2S",2025,"KIA","EV6","BEV",2,
"5XYC34JB9S",2025,"KIA","EV6","BEV",2,
"5XYAEFS50S",2025,"KIA","EV9","BEV",2,
"KNDCT3L14S",2025,"KIA","NIRO","BEV",2,
"5XYC34JA3S",2025,"KIA","EV6","BEV",2,
"5XYC34JB6S",2025,"KIA","EV6","BEV",2,
"5XYC34JB0S",2025,"KIA","EV6","BEV",2,
"KNDCT3L10S",2025,"KIA","NIRO","BEV",2,
"5XYC34JA8S",2025,"KIA","EV6","BEV",2,
"5XYC3DJC4S",2025,"KIA","EV6","BEV",2,
"KNDAEFS59S",2025,"KIA","EV9","BEV",2,
"KNDCT3L18S",2025,"KIA","NIRO","BEV",2,
"KNDAEFS57S",2025,"KIA","EV9","BEV",2,
"5XYC4DJC4S",2025,"KIA","EV6","BEV",2,
"5XYAEFS56S",2025,"KIA","EV9","BEV",2,
"5XYC34JB7S",2025,"KIA","EV6","BEV",2,
"KNDCT3L11S",2025,"KIA","NIRO","BEV",2,
"KNDAEFS56S",2025,"KIA","EV9","BEV",2,
"5XYAFFS50S",2025,"KIA","EV9","BEV",2,
"5XYAFFS51S",2025,"KIA","EV9","BEV",2,
"5XYAFFS53S",2025,"KIA","EV9","BEV",2,
"5XYC34JBXS",2025,"KIA","EV6","BEV",2,
"5XYC4DJC8S",2025,"KIA","EV6","BEV",2,
"5XYAFFS52S",2025,"KIA","EV9","BEV",2,
"5XYAEFS51S",2025,"KIA","EV9","BEV",2,
"5XYC3DJC3S",2025,"KIA","EV6","BEV",2,
"5XYC34JB1S",2025,"KIA","EV6","BEV",2,
"KNDAEFS53S",2025,"KIA","EV9","BEV",2,
"5XYC34JA1S",2025,"KIA","EV6","BEV",2,
"5XYC4DJC9S",2025,"KIA","EV6","BEV",2,
"5XYAFFS54S",2025,"KIA","EV9","BEV",2,
"KNDAEFS50S",2025,"KIA","EV9","BEV",2,
"5XYC34JA4S",2025,"KIA","EV6","BEV",2,
"5XYAEFS53S",2025,"KIA","EV9","BEV",2,
"5XYC34JA2S",2025,"KIA","EV6","BEV",2,
"5XYADFS56S",2025,"KIA","EV9","BEV",2,
"5XYC34JB4S",2025,"KIA","EV6","BEV",2,
"5XYC34JAXS",2025,"KIA","EV6","BEV",2,
"5XYAFFS57S",2025,"KIA","EV9","BEV",2,
"5XYAFFS56S",2025,"KIA","EV9","BEV",2,
"5XYAEFS55S",2025,"KIA","EV9","BEV",2,
"KNDAEFS55S",2025,"KIA","EV9","BEV",2,
"5XYAEFS58S",2025,"KIA","EV9","BEV",2,
"5XYC44JA2S",2025,"KIA","EV6","BEV",2,
"5XYADFS55S",2025,"KIA","EV9","BEV",2,
"KNDAEFS52S",2025,"KIA","EV9","BEV",2,
"KNDC5DJE9S",2025,"KIA","EV6","BEV",2,
"KNDC5DJE5S",2025,"KIA","EV6","BEV",2,
"5XYC34JB8S",2025,"KIA","EV6","BEV",2,
"5XYC34JB5S",2025,"KIA","EV6","BEV",2,
"5XYADFS59S",2025,"KIA","EV9","BEV",2,
"5XYC44JA7S",2025,"KIA","EV6","BEV",2,
"5XYC34JA7S",2025,"KIA","EV6","BEV",2,
"5XYADFS58S",2025,"KIA","EV9","BEV",2,
"KNDAEFS51S",2025,"KIA","EV9","BEV",2,
"KNDC5DJE6S",2025,"KIA","EV6","BEV",2,
"KNDC5DJE8S",2025,"KIA","EV6","BEV",2,
"KNDAB5S12S",2025,"KIA","EV9","BEV",2,
"5XYADFS50S",2025,"KIA","EV9","BEV",2,
"5XYADFS53S",2025,"KIA","EV9","BEV",2,
"KNDC5DJE0S",2025,"KIA","EV6","BEV",2,
"KNDAB5S13S",2025,"KIA","EV9","BEV",2,
"5XYC44JA0S",2025,"KIA","EV6","BEV",2,
"5XYAEFS52S",2025,"KIA","EV9","BEV",2,
"5XYADFS54S",2025,"KIA","EV9","BEV",2,
"5XYC44JA4S",2025,"KIA","EV6","BEV",2,
"WP0BB2Y17S",2025,"PORSCHE","TAYCAN","BEV",2,
"WP0AB2Y11S",2025,"PORSCHE","TAYCAN","BEV",2,
"WP0AA2Y1XS",2025,"PORSCHE","TAYCAN","BEV",2,
"WP0AA2Y19S",2025,"PORSCHE","TAYCAN","BEV",2,
"WP1AA2XA6S",2025,"PORSCHE","MACAN","BEV",2,
"WP0AA2Y18S",2025,"PORSCHE","TAYCAN","BEV",2,
"WP0AA2Y11S",2025,"PORSCHE","TAYCAN","BEV",2,
"WP0AD2Y13S",2025,"PORSCHE","TAYCAN","BEV",2,
"WP1AC2XA9S",2025,"PORSCHE","MACAN","BEV",2,
"WP1AB2XA3S",2025,"PORSCHE","MACAN","BEV",2,
"WP0BB2Y19S",2025,"PORSCHE","TAYCAN","BEV",2,
"WP0AC2Y10S",2025,"PORSCHE","TAYCAN","BEV",2,
"WP0AC2Y17S",2025,"PORSCHE","TAYCAN","BEV",2,
"WP0AE2Y1XS",2025,"PORSCHE","TAYCAN","BEV",2,
"WP1AA2XA1S",2025,"PORSCHE","MACAN","BEV",2,
"WP1AD2XA8S",2025,"PORSCHE","MACAN","BEV",2,
"WP0AA2Y16S",2025,"PORSCHE","TAYCAN","BEV",2,
"WP1AD2XA2S",2025,"PORSCHE","MACAN","BEV",2,
"WP0AE2Y15S",2025,"PORSCHE","TAYCAN","BEV",2,
"WP0AA2Y17S",2025,"PORSCHE","TAYCAN","BEV",2,
"WP0AB2Y17S",2025,"PORSCHE","TAYCAN","BEV",2,
"WP1AD2XA0S",2025,"PORSCHE","MACAN","BEV",2,
"WP0AE2Y10S",2025,"PORSCHE","TAYCAN","BEV",2,
"WP1AB2XA7S",2025,"PORSCHE","MACAN","BEV",2,
"WP1AB2XAXS",2025,"PORSCHE","MACAN","BEV",2,
"WP1AA2XAXS",2025,"PORSCHE","MACAN","BEV",2,
"WP0AA2Y15S",2025,"PORSCHE","TAYCAN","BEV",2,
"WP1AC2XA5S",2025,"PORSCHE","MACAN","BEV",2,
"WP1AC2XA3S",2025,"PORSCHE","MACAN","BEV",2,
"WP1AD2XA4S",2025,"PORSCHE","MACAN","BEV",2,
"WP1AB2XA1S",2025,"PORSCHE","MACAN","BEV",2,
"WP1AB2XA0S",2025,"PORSCHE","MACAN","BEV",2,
"WP1AD2XA7S",2025,"PORSCHE","MACAN","BEV",2,
"WP1AC2XA8S",2025,"PORSCHE","MACAN","BEV",2,
"WP1AC2XA4S",2025,"PORSCHE","MACAN","BEV",2,
"WP0AC2Y18S",2025,"PORSCHE","TAYCAN","BEV",2,
"WP1AB2XA9S",2025,"PORSCHE","MACAN","BEV",2,
"WP1AC2XA0S",2025,"PORSCHE","MACAN","BEV",2,
"WP1AB2XA5S",2025,"PORSCHE","MACAN","BEV",2,
"WP0AA2Y14S",2025,"PORSCHE","TAYCAN","BEV",2,
"WP0AE2Y18S",2025,"PORSCHE","TAYCAN","BEV",2,
"WP1AD2XA9S",2025,"PORSCHE","MACAN","BEV",2,
"WP1AB2XA4S",2025,"PORSCHE","MACAN","BEV",2,
"WP0AD2Y15S",2025,"PORSCHE","TAYCAN","BEV",2,
"WP1AA2XA5S",2025,"PORSCHE","MACAN","BEV",2,
"WP0AB2Y15S",2025,"PORSCHE","TAYCAN","BEV",2,
"WP1AA2XA4S",2025,"PORSCHE","MACAN","BEV",2,
"WP0AA2Y13S",2025,"PORSCHE","TAYCAN","BEV",2,
"WP1AA2XA7S",2025,"PORSCHE","MACAN","BEV",2,
"WP0AB2Y14S",2025,"PORSCHE","TAYCAN","BEV",2,
"WP1AB2XA6S",2025,"PORSCHE","MACAN","BEV",2,
"WP0AD2Y14S",2025,"PORSCHE","TAYCAN","BEV",2,
"WP0AB2Y18S",2025,"PORSCHE","TAYCAN","BEV",2,
"WP1AD2XA6S",2025,"PORSCHE","MACAN","BEV",2,
"WP1AB2XA2S",2025,"PORSCHE","MACAN","BEV",2,
"WP0BB2Y18S",2025,"PORSCHE","TAYCAN","BEV",2,
"WP1AB2XA8S",2025,"PORSCHE","MACAN","BEV",2,
"WP0AC2Y14S",2025,"PORSCHE","TAYCAN","BEV",2,
"WP0AB2Y13S",2025,"PORSCHE","TAYCAN","BEV",2,
"WP0AB2Y1XS",2025,"PORSCHE","TAYCAN","BEV",2,
"WP1AC2XA7S",2025,"PORSCHE","MACAN","BEV",2,
"WP0BB2Y1XS",2025,"PORSCHE","TAYCAN","BEV",2,
"WP1AA2XA3S",2025,"PORSCHE","MACAN","BEV",2,
"WP0AD2Y17S",2025,"PORSCHE","TAYCAN","BEV",2,
"WP1AC2XA6S",2025,"PORSCHE","MACAN","BEV",2,
"WP1AC2XA2S",2025,"PORSCHE","MACAN","BEV",2,
"WP1AC2XAXS",2025,"PORSCHE","MACAN","BEV",2,
"WP0AB2Y10S",2025,"PORSCHE","TAYCAN","BEV",2,
"WP1AA2XA9S",2025,"PORSCHE","MACAN","BEV",2,
"WP0CD2Y1XS",2025,"PORSCHE","TAYCAN","BEV",2,
"WP1AA2XA0S",2025,"PORSCHE","MACAN","BEV",2,
"WP0AB2Y12S",2025,"PORSCHE","TAYCAN","BEV",2,
"WP0AA2Y10S",2025,"PORSCHE","TAYCAN","BEV",2,
"WP1AA2XA2S",2025,"PORSCHE","MACAN","BEV",2,
"WP0AD2Y19S",2025,"PORSCHE","TAYCAN","BEV",2,
"WP0AE2Y13S",2025,"PORSCHE","TAYCAN","BEV",2,
"WP0AD2Y11S",2025,"PORSCHE","TAYCAN","BEV",2,
"WP0BB2Y10S",2025,"PORSCHE","TAYCAN","BEV",2,
"WP0AE2Y17S",2025,"PORSCHE","TAYCAN","BEV",2,
"WP0AE2Y19S",2025,"PORSCHE","TAYCAN","BEV",2,
"WP0AB2Y19S",2025,"PORSCHE","TAYCAN","BEV",2,
"WP0AA2Y12S",2025,"PORSCHE","TAYCAN","BEV",2,
"WP1AC2XA1S",2025,"PORSCHE","MACAN","BEV",2,
"WP1AD2XA5S",2025,"PORSCHE","MACAN","BEV",2,
"WP0AD2Y16S",2025,"PORSCHE","TAYCAN","BEV",2,
"WP1AA2XA8S",2025,"PORSCHE","MACAN","BEV",2,
"WP1AD2XA1S",2025,"PORSCHE","MACAN","BEV",2,
"WP0BA2Y15S",2025,"PORSCHE","TAYCAN","BEV",2,
"WP0BB2Y11S",2025,"PORSCHE","TAYCAN","BEV",2,
"WP0BB2Y15S",2025,"PORSCHE","TAYCAN","BEV",2,
"WP0AC2Y1XS",2025,"PORSCHE","TAYCAN","BEV",2,
"WP0BC2Y10S",2025,"PORSCHE","TAYCAN","BEV",2,
"WP0BB2Y16S",2025,"PORSCHE","TAYCAN","BEV",2,
"WP0BA2Y17S",2025,"PORSCHE","TAYCAN","BEV",2,
"WP1AD2XAXS",2025,"PORSCHE","MACAN","BEV",2,
"WP0AC2Y16S",2025,"PORSCHE","TAYCAN","BEV",2,
"WP0AD2Y18S",2025,"PORSCHE","TAYCAN","BEV",2,
"WP0BB2Y14S",2025,"PORSCHE","TAYCAN","BEV",2,
"4JGDM2EB7S",2025,"MERCEDES-BENZ","EQS-CLASS SUV","BEV",2,
"4JGGM1CB3S",2025,"MERCEDES-BENZ","EQE-CLASS SUV","BEV",2,
"W1N9M0KB7S",2025,"MERCEDES-BENZ","EQB-CLASS","BEV",2,
"4JGGM5DB8S",2025,"MERCEDES-BENZ","EQE-CLASS SUV","BEV",2,
"4JGGM1CB8S",2025,"MERCEDES-BENZ","EQE-CLASS SUV","BEV",2,
"W1KEG1CB0S",2025,"MERCEDES-BENZ","EQE-CLASS SEDAN","BEV",2,
"4JGDX5FB6S",2025,"MERCEDES-BENZ","EQS-CLASS SUV","BEV",2,
"W1NWM0AB7S",2025,"MERCEDES-BENZ","G-CLASS","BEV",2,
"W1N9M0KB0S",2025,"MERCEDES-BENZ","EQB-CLASS","BEV",2,
"4JGGM1CB7S",2025,"MERCEDES-BENZ","EQE-CLASS SUV","BEV",2,
"4JGDM2EBXS",2025,"MERCEDES-BENZ","EQS-CLASS SUV","BEV",2,
"W1N9M0KB8S",2025,"MERCEDES-BENZ","EQB-CLASS","BEV",2,
"4JGGM1CB5S",2025,"MERCEDES-BENZ","EQE-CLASS SUV","BEV",2,
"4JGGM1CB1S",2025,"MERCEDES-BENZ","EQE-CLASS SUV","BEV",2,
"W1N9M0KB5S",2025,"MERCEDES-BENZ","EQB-CLASS","BEV",2,
"W1KEG1CB9S",2025,"MERCEDES-BENZ","EQE-CLASS SEDAN","BEV",2,
"W1KEG5DB7S",2025,"MERCEDES-BENZ","EQE-CLASS SEDAN","BEV",2,
"4JGGM1CBXS",2025,"MERCEDES-BENZ","EQE-CLASS SUV","BEV",2,
"4JGGM1CB9S",2025,"MERCEDES-BENZ","EQE-CLASS SUV","BEV",2,
"W1N9M0CB3S",2025,"MERCEDES-BENZ","EQB-CLASS","BEV",2,
"W1N9M0KB1S",2025,"MERCEDES-BENZ","EQB-CLASS","BEV",2,
"4JGDM4EB5S",2025,"MERCEDES-BENZ","EQS-CLASS SUV","BEV",2,
"4JGGM1CB0S",2025,"MERCEDES-BENZ","EQE-CLASS SUV","BEV",2,
"W1N9M0CB0S",2025,"MERCEDES-BENZ","EQB-CLASS","BEV",2,
"W1N9M0KB6S",2025,"MERCEDES-BENZ","EQB-CLASS","BEV",2,
"4JGDM4EB1S",2025,"MERCEDES-BENZ","EQS-CLASS SUV","BEV",2,
"W1NWM0AB5S",2025,"MERCEDES-BENZ","G-CLASS","BEV",2,
"4JGGM5DB9S",2025,"MERCEDES-BENZ","EQE-CLASS SUV","BEV",2,
"4JGGM5DBXS",2025,"MERCEDES-BENZ","EQE-CLASS SUV","BEV",2,
"4JGGM1CB4S",2025,"MERCEDES-BENZ","EQE-CLASS SUV","BEV",2,
"4JGGM5DB3S",2025,"MERCEDES-BENZ","EQE-CLASS SUV","BEV",2,
"W1NWM0AB1S",2025,"MERCEDES-BENZ","G-CLASS","BEV",2,
"W1N9M0KB2S",2025,"MERCEDES-BENZ","EQB-CLASS","BEV",2,
"W1KCG2EBXS",2025,"MERCEDES-BENZ","EQS-CLASS SEDAN","BEV",2,
"W1N9M0KB9S",2025,"MERCEDES-BENZ","EQB-CLASS","BEV",2,
"W1N9M0CBXS",2025,"MERCEDES-BENZ","EQB-CLASS","BEV",2,
"W1NWM0AB9S",2025,"MERCEDES-BENZ","G-CLASS","BEV",2,
"W1NWM0ABXS",2025,"MERCEDES-BENZ","G-CLASS","BEV",2,
"W1KCG2EB0S",2025,"MERCEDES-BENZ","EQS-CLASS SEDAN","BEV",2,
"W1N9M1DB2S",2025,"MERCEDES-BENZ","EQB-CLASS","BEV",2,
"W1NWM0AB8S",2025,"MERCEDES-BENZ","G-CLASS","BEV",2,
"W1N9M0KB3S",2025,"MERCEDES-BENZ","EQB-CLASS","BEV",2,
"4JGGM1CB6S",2025,"MERCEDES-BENZ","EQE-CLASS SUV","BEV",2,
"4JGGM1CB2S",2025,"MERCEDES-BENZ","EQE-CLASS SUV","BEV",2,
"W1KEG1CB1S",2025,"MERCEDES-BENZ","EQE-CLASS SEDAN","BEV",2,
"W1KCG2EB3S",2025,"MERCEDES-BENZ","EQS-CLASS SEDAN","BEV",2,
"4JGDM2EB2S",2025,"MERCEDES-BENZ","EQS-CLASS SUV","BEV",2,
"W1N9M0CB2S",2025,"MERCEDES-BENZ","EQB-CLASS","BEV",2,
"4JGDM2EB5S",2025,"MERCEDES-BENZ","EQS-CLASS SUV","BEV",2,
"W1N9M0KBXS",2025,"MERCEDES-BENZ","EQB-CLASS","BEV",2,
"W1Y4VBHY1S",2025,"MERCEDES-BENZ","ESPRINTER","BEV",2,
"4JGDM2EB4S",2025,"MERCEDES-BENZ","EQS-CLASS SUV","BEV",2,
"4JGDM2EB8S",2025,"MERCEDES-BENZ","EQS-CLASS SUV","BEV",2,
"W1N9M0CB7S",2025,"MERCEDES-BENZ","EQB-CLASS","BEV",2,
"4JGDM2EB0S",2025,"MERCEDES-BENZ","EQS-CLASS SUV","BEV",2,
"W1KCG2DB0S",2025,"MERCEDES-BENZ","EQS-CLASS SEDAN","BEV",2,
"W1NWM0AB4S",2025,"MERCEDES-BENZ","G-CLASS","BEV",2,
"W1KCG2EB4S",2025,"MERCEDES-BENZ","EQS-CLASS SEDAN","BEV",2,
"W1N9M1DB3S",2025,"MERCEDES-BENZ","EQB-CLASS","BEV",2,
"4JGDM2EB6S",2025,"MERCEDES-BENZ","EQS-CLASS SUV","BEV",2,
"W1N9M0KB4S",2025,"MERCEDES-BENZ","EQB-CLASS","BEV",2,
"W1NWM0AB2S",2025,"MERCEDES-BENZ","G-CLASS","BEV",2,
"W1KCG2EB7S",2025,"MERCEDES-BENZ","EQS-CLASS SEDAN","BEV",2,
"W1KEG2CB0S",2025,"MERCEDES-BENZ","EQE-CLASS SEDAN","BEV",2,
"W1N9M1DB1S",2025,"MERCEDES-BENZ","EQB-CLASS","BEV",2,
"W1KEG1CB5S",2025,"MERCEDES-BENZ","EQE-CLASS SEDAN","BEV",2,
"4JGGM5DB1S",2025,"MERCEDES-BENZ","EQE-CLASS SUV","BEV",2,
"W1N9M0CB4S",2025,"MERCEDES-BENZ","EQB-CLASS","BEV",2,
"W1NWM0AB3S",2025,"MERCEDES-BENZ","G-CLASS","BEV",2,
"W1KCG5FB4S",2025,"MERCEDES-BENZ","EQS-CLASS SEDAN","BEV",2,
"W1N9M0CB9S",2025,"MERCEDES-BENZ","EQB-CLASS","BEV",2,
"4JGDM2EB1S",2025,"MERCEDES-BENZ","EQS-CLASS SUV","BEV",2,
"W1NWM0AB0S",2025,"MERCEDES-BENZ","G-CLASS","BEV",2,
"W1KEG2BBXS",2025,"MERCEDES-BENZ","EQE-CLASS SEDAN","BEV",2,
"W1KEG1CB4S",2025,"MERCEDES-BENZ","EQE-CLASS SEDAN","BEV",2,
"4JGGM5DB6S",2025,"MERCEDES-BENZ","EQE-CLASS SUV","BEV",2,
"W1KCG5FB9S",2025,"MERCEDES-BENZ","EQS-CLASS SEDAN","BEV",2,
"W1KEG1CB8S",2025,"MERCEDES-BENZ","EQE-CLASS SEDAN","BEV",2,
"W1N9M0CB1S",2025,"MERCEDES-BENZ","EQB-CLASS","BEV",2,
"W1KEG1CB7S",2025,"MERCEDES-BENZ","EQE-CLASS SEDAN","BEV",2,
"4JGDM4EB3S",2025,"MERCEDES-BENZ","EQS-CLASS SUV","BEV",2,
"W1NWM0AB6S",2025,"MERCEDES-BENZ","G-CLASS","BEV",2,
"W1KEG1CB2S",2025,"MERCEDES-BENZ","EQE-CLASS SEDAN","BEV",2,
"4JGDM2EB9S",2025,"MERCEDES-BENZ","EQS-CLASS SUV","BEV",2,
"W1KCG5FBXS",2025,"MERCEDES-BENZ","EQS-CLASS SEDAN","BEV",2,
"4JGGM5DB5S",2025,"MERCEDES-BENZ","EQE-CLASS SUV","BEV",2,
"W1KCG2EB1S",2025,"MERCEDES-BENZ","EQS-CLASS SEDAN","BEV",2,
"WBY43HD07S",2025,"BMW","I4","BEV",2,
"WB523CF05S",2025,"BMW","IX","BEV",2,
"WBY13HG03S",2025,"BMW","I5","BEV",2,
"WB523CF01S",2025,"BMW","IX","BEV",2,
"WBY13HG06S",2025,"BMW","I5","BEV",2,
"WBY43HD00S",2025,"BMW","I4","BEV",2,
"WBY13HG00S",2025,"BMW","I5","BEV",2,
"WBY43HD04S",2025,"BMW","I4","BEV",2,
"WB523CF03S",2025,"BMW","IX","BEV",2,
"WBY43HD05S",2025,"BMW","I4","BEV",2,
"WBY43HD01S",2025,"BMW","I4","BEV",2,
"WBY43HD03S",2025,"BMW","I4","BEV",2,
"WBY43HD0XS",2025,"BMW","I4","BEV",2,
"WBY43HD09S",2025,"BMW","I4","BEV",2,
"WBY33HD07S",2025,"BMW","I4","BEV",2,
"WBY43HD08S",2025,"BMW","I4","BEV",2,
"WB523CF09S",2025,"BMW","IX","BEV",2,
"WB533CF09S",2025,"BMW","IX","BEV",2,
"WBY43HD06S",2025,"BMW","I4","BEV",2,
"WB523CF07S",2025,"BMW","IX","BEV",2,
"WBY13HG08S",2025,"BMW","I5","BEV",2,
"WBY33HD03S",2025,"BMW","I4","BEV",2,
"WB523CF00S",2025,"BMW","IX","BEV",2,
"WB523CF06S",2025,"BMW","IX","BEV",2,
"WB523CF08S",2025,"BMW","IX","BEV",2,
"WBY33HD02S",2025,"BMW","I4","BEV",2,
"WBY33HD01S",2025,"BMW","I4","BEV",2,
"WBY33HD0XS",2025,"BMW","I4","BEV",2,
"WBY43HD02S",2025,"BMW","I4","BEV",2,
"WBY43FK05S",2025,"BMW","I5","BEV",2,
"WBY33HD00S",2025,"BMW","I4","BEV",2,
"WB523CF04S",2025,"BMW","IX","BEV",2,
"WBY23HD0XS",2025,"BMW","I4","BEV",2,
"WB523CF02S",2025,"BMW","IX","BEV",2,
"WB533CF05S",2025,"BMW","IX","BEV",2,
"WBY33HD04S",2025,"BMW","I4","BEV",2,
"WB523CF0XS",2025,"BMW","IX","BEV",2,
"WBY33HD06S",2025,"BMW","I4","BEV",2,
"WBY43FK08S",2025,"BMW","I5","BEV",2,
"WBY43FK09S",2025,"BMW","I5","BEV",2,
"WBY43FK0XS",2025,"BMW","I5","BEV",2,
"WBY53EJ00S",2025,"BMW","I7","BEV",2,
"WBY43FK02S",2025,"BMW","I5","BEV",2,
"WBY23HD02S",2025,"BMW","I4","BEV",2,
"WBY33HD09S",2025,"BMW","I4","BEV",2,
"WBY13HG0XS",2025,"BMW","I5","BEV",2,
"WBY43FK01S",2025,"BMW","I5","BEV",2,
"WBY53EJ02S",2025,"BMW","I7","BEV",2,
"WBY23HD07S",2025,"BMW","I4","BEV",2,
"WBY43FK06S",2025,"BMW","I5","BEV",2,
"WBY33HD05S",2025,"BMW","I4","BEV",2,
"WBY13HG09S",2025,"BMW","I5","BEV",2,
"WBY13HG04S",2025,"BMW","I5","BEV",2,
"WB533CF06S",2025,"BMW","IX","BEV",2,
"WBY23HD09S",2025,"BMW","I4","BEV",2,
"WBY23HD08S",2025,"BMW","I4","BEV",2,
"WBY23HD05S",2025,"BMW","I4","BEV",2,
"WBY43FK00S",2025,"BMW","I5","BEV",2,
"WBY23HD01S",2025,"BMW","I4","BEV",2,
"WBY23HD04S",2025,"BMW","I4","BEV",2,
"WBY33FK04S",2025,"BMW","I5","BEV",2,
"WBY43FK07S",2025,"BMW","I5","BEV",2,
"WBY23HD03S",2025,"BMW","I4","BEV",2,
"WBY53EJ07S",2025,"BMW","I7","BEV",2,
"WBY53EJ09S",2025,"BMW","I7","BEV",2,
"WBY33HD08S",2025,"BMW","I4","BEV",2,
"WBY13HG05S",2025,"BMW","I5","BEV",2,
"WBY13HG07S",2025,"BMW","I5","BEV",2,
"WB533CF08S",2025,"BMW","IX","BEV",2,
"WB533CF07S",2025,"BMW","IX","BEV",2,
"WBY43FK04S",2025,"BMW","I5","BEV",2,
"WBY23HD00S",2025,"BMW","I4","BEV",2,
"WB533CF00S",2025,"BMW","IX","BEV",2,
"WBY83EH08S",2025,"BMW","I7","BEV",2,
"WB533CF02S",2025,"BMW","IX","BEV",2,
"WBY53EJ05S",2025,"BMW","I7","BEV",2,
"WBY13HG01S",2025,"BMW","I5","BEV",2,
"WBY13HG02S",2025,"BMW","I5","BEV",2,
"WB533CF04S",2025,"BMW","IX","BEV",2,
"WB533CF03S",2025,"BMW","IX","BEV",2,
"WBY53EJ08S",2025,"BMW","I7","BEV",2,
"WBY33FK07S",2025,"BMW","I5","BEV",2,
"WBY53EJ01S",2025,"BMW","I7","BEV",2,
"WBY23HD06S",2025,"BMW","I4","BEV",2,
"WBY53EJ06S",2025,"BMW","I7","BEV",2,
"WBY43FK03S",2025,"BMW","I5","BEV",2,
"1N4CZ1CV3S",2025,"NISSAN","LEAF","BEV",2,
"JN8AF0BE7S",2025,"NISSAN","ARIYA MPV","BEV",2,
"JN8BF0BE0S",2025,"NISSAN","ARIYA MPV","BEV",2,
"JN8BF0BE3S",2025,"NISSAN","ARIYA MPV","BEV",2,
"JN8BF0BEXS",2025,"NISSAN","ARIYA MPV","BEV",2,
"1N4AZ1BV5S",2025,"NISSAN","LEAF","BEV",2,
"1N4CZ1CV0S",2025,"NISSAN","LEAF","BEV",2,
"1N4AZ1BV1S",2025,"NISSAN","LEAF","BEV",2,
"JN8DF0BF8S",2025,"NISSAN","ARIYA MPV","BEV",2,
"1N4CZ1CV9S",2025,"NISSAN","LEAF","BEV",2,
"JN8DF0BFXS",2025,"NISSAN","ARIYA MPV","BEV",2,
"JN8CF0BF7S",2025,"NISSAN","ARIYA MPV","BEV",2,
"1N4CZ1CV8S",2025,"NISSAN","LEAF","BEV",2,
"JN8DF0BF6S",2025,"NISSAN","ARIYA MPV","BEV",2,
"JN8AF0BE2S",2025,"NISSAN","ARIYA MPV","BEV",2,
"1N4CZ1CVXS",2025,"NISSAN","LEAF","BEV",2,
"1N4AZ1BV9S",2025,"NISSAN","LEAF","BEV",2,
"JN8CF0BF1S",2025,"NISSAN","ARIYA MPV","BEV",2,
"JN8DF0CH8S",2025,"NISSAN","ARIYA MPV","BEV",2,
"JN8AF0BEXS",2025,"NISSAN","ARIYA MPV","BEV",2,
"1N4CZ1CV5S",2025,"NISSAN","LEAF","BEV",2,
"JN8BF0BE2S",2025,"NISSAN","ARIYA MPV","BEV",2,
"1N4AZ1BVXS",2025,"NISSAN","LEAF","BEV",2,
"JN8DF0BF3S",2025,"NISSAN","ARIYA MPV","BEV",2,
"1N4CZ1CV6S",2025,"NISSAN","LEAF","BEV",2,
"JN8BF0BE6S",2025,"NISSAN","ARIYA MPV","BEV",2,
"1N4AZ1BV8S",2025,"NISSAN","LEAF","BEV",2,
"1N4CZ1CV2S",2025,"NISSAN","LEAF","BEV",2,
"JN8DF0BF9S",2025,"NISSAN","ARIYA MPV","BEV",2,
"JN8DF0BF5S",2025,"NISSAN","ARIYA MPV","BEV",2,
"JN8DF0CH3S",2025,"NISSAN","ARIYA MPV","BEV",2,
"1N4CZ1CV4S",2025,"NISSAN","LEAF","BEV",2,
"1N4CZ1CV1S",2025,"NISSAN","LEAF","BEV",2,
"JN8DF0CH1S",2025,"NISSAN","ARIYA MPV","BEV",2,
"JN8DF0CH6S",2025,"NISSAN","ARIYA MPV","BEV",2,
"JN8CF0BF5S",2025,"NISSAN","ARIYA MPV","BEV",2,
"JN8CF0BFXS",2025,"NISSAN","ARIYA MPV","BEV",2,
"JN8DF0BF4S",2025,"NISSAN","ARIYA MPV","BEV",2,
"1N4CZ1CV7S",2025,"NISSAN","LEAF","BEV",2,
"JN8CF0BF9S",2025,"NISSAN","ARIYA MPV","BEV",2,
"JN8BF0BE5S",2025,"NISSAN","ARIYA MPV","BEV",2,
"JN8DF0CH9S",2025,"NISSAN","ARIYA MPV","BEV",2,
"JN8DF0BF7S",2025,"NISSAN","ARIYA MPV","BEV",2,
"JN8DF0BF2S",2025,"NISSAN","ARIYA MPV","BEV",2,
"JN8BF0BE9S",2025,"NISSAN","ARIYA MPV","BEV",2,
"JN8AF0BE1S",2025,"NISSAN","ARIYA MPV","BEV",2,
"JN8DF0BF1S",2025,"NISSAN","ARIYA MPV","BEV",2,
"1N4AZ1BV2S",2025,"NISSAN","LEAF","BEV",2,
"JN8BF0BE8S",2025,"NISSAN","ARIYA MPV","BEV",2,
"JN8CF0BF4S",2025,"NISSAN","ARIYA MPV","BEV",2,
"JN8AF0BE8S",2025,"NISSAN","ARIYA MPV","BEV",2,
"JN8BF0BE4S",2025,"NISSAN","ARIYA MPV","BEV",2,
"1N4AZ1BV4S",2025,"NISSAN","LEAF","BEV",2,
"JN8AF0BE9S",2025,"NISSAN","ARIYA MPV","BEV",2,
"JN8AF0BE0S",2025,"NISSAN","ARIYA MPV","BEV",2,
"JN8CF0BF8S",2025,"NISSAN","ARIYA MPV","BEV",2,
"JN8AF0BE6S",2025,"NISSAN","ARIYA MPV","BEV",2,
"JN8DF0CH5S",2025,"NISSAN","ARIYA MPV","BEV",2,
"1N4AZ1BV6S",2025,"NISSAN","LEAF","BEV",2,
"JN8BF0BE1S",2025,"NISSAN","ARIYA MPV","BEV",2,
"JN8CF0BF0S",2025,"NISSAN","ARIYA MPV","BEV",2,
"JN8CF0BF2S",2025,"NISSAN","ARIYA MPV","BEV",2,
"JN8DF0CH0S",2025,"NISSAN","ARIYA MPV","BEV",2,
"JN8CF0BF3S",2025,"NISSAN","ARIYA MPV","BEV",2,
"JN8CF0BF6S",2025,"NISSAN","ARIYA MPV","BEV",2,
"1N4AZ1BV0S",2025,"NISSAN","LEAF","BEV",2,
"1N4AZ1BV7S",2025,"NISSAN","LEAF","BEV",2,
"JN8DF0BF0S",2025,"NISSAN","ARIYA MPV","BEV",2,
"JN8AF0BE4S",2025,"NISSAN","ARIYA MPV","BEV",2,
"JN8BF0BE7S",2025,"NISSAN","ARIYA MPV","BEV",2,
"JN8AF0BE3S",2025,"NISSAN","ARIYA MPV","BEV",2,
"1N4AZ1BV3S",2025,"NISSAN","LEAF","BEV",2,
"JN8DF0CH7S",2025,"NISSAN","ARIYA MPV","BEV",2,
"JN8DF0CH4S",2025,"NISSAN","ARIYA MPV","BEV",2,
"JN8AF0BE5S",2025,"NISSAN","ARIYA MPV","BEV",2,
"JN8DF0CH2S",2025,"NISSAN","ARIYA MPV","BEV",2,
"JN8DF0CHXS",2025,"NISSAN","ARIYA MPV","BEV",2,
"7PDSGCBPXS",2025,"RIVIAN","R1S","BEV",2,
"7PDSGBBA8S",2025,"RIVIAN","R1S","BEV",2,
"7FCTGBAA9S",2025,"RIVIAN","R1T","BEV",2,
"7PDSGBBA5S",2025,"RIVIAN","R1S","BEV",2,
"7PDSGBBA4S",2025,"RIVIAN","R1S","BEV",2,
"7FCTGBAA3S",2025,"RIVIAN","R1T","BEV",2,
"7PDSGBBA9S",2025,"RIVIAN","R1S","BEV",2,
"7FCTGBAA6S",2025,"RIVIAN","R1T","BEV",2,
"7PDSGBBA0S",2025,"RIVIAN","R1S","BEV",2,
"7PDSGBBA1S",2025,"RIVIAN","R1S","BEV",2,
"7PDSGBBA7S",2025,"RIVIAN","R1S","BEV",2,
"7PDSGBBAXS",2025,"RIVIAN","R1S","BEV",2,
"7FCTGBAA5S",2025,"RIVIAN","R1T","BEV",2,
"7PDSGBBA3S",2025,"RIVIAN","R1S","BEV",2,
"7PDSGCBP4S",2025,"RIVIAN","R1S","BEV",2,
"7FCTGCAP3S",2025,"RIVIAN","R1T","BEV",2,
"7FCTGBAAXS",2025,"RIVIAN","R1T","BEV",2,
"7PDSGBBA2S",2025,"RIVIAN","R1S","BEV",2,
"7PDSGCBP2S",2025,"RIVIAN","R1S","BEV",2,
"7PDSGCBP1S",2025,"RIVIAN","R1S","BEV",2,
"7PDSGCBP0S",2025,"RIVIAN","R1S","BEV",2,
"7PDSGBBA6S",2025,"RIVIAN","R1S","BEV",2,
"7FCTGCAP7S",2025,"RIVIAN","R1T","BEV",2,
"7PDSGCBP7S",2025,"RIVIAN","R1S","BEV",2,
"7FCTGBAA2S",2025,"RIVIAN","R1T","BEV",2,
"7FCTGBAA7S",2025,"RIVIAN","R1T","BEV",2,
"7PDSGCBA6S",2025,"RIVIAN","R1S","BEV",2,
"7FCTGBAA4S",2025,"RIVIAN","R1T","BEV",2,
"7FCTGBAA8S",2025,"RIVIAN","R1T","BEV",2,
"7FCTGCAP9S",2025,"RIVIAN","R1T","BEV",2,
"7PDSGCBP8S",2025,"RIVIAN","R1S","BEV",2,
"7PDSGCBP6S",2025,"RIVIAN","R1S","BEV",2,
"7PDSGCBAXS",2025,"RIVIAN","R1S","BEV",2,
"7FCTGBAA1S",2025,"RIVIAN","R1T","BEV",2,
"7PDSGCBP3S",2025,"RIVIAN","R1S","BEV",2,
"7FCTGBAA0S",2025,"RIVIAN","R1T","BEV",2,
"7FCTGCAP4S",2025,"RIVIAN","R1T","BEV",2,
"7FCTGCAPXS",2025,"RIVIAN","R1T","BEV",2,
"7PDSGCBP9S",2025,"RIVIAN","R1S","BEV",2,
"7FCTGCAP8S",2025,"RIVIAN","R1T","BEV",2,
"7FCTGCAP2S",2025,"RIVIAN","R1T","BEV",2,
"7PDSGCBA1S",2025,"RIVIAN","R1S","BEV",2,
"7PDSGCBA7S",2025,"RIVIAN","R1S","BEV",2,
"7FCTGCAP6S",2025,"RIVIAN","R1T","BEV",2,
"7FCTGCAA2S",2025,"RIVIAN","R1T","BEV",2,
"7PDSGCBA2S",2025,"RIVIAN","R1S","BEV",2,
"7FCTGCAP1S",2025,"RIVIAN","R1T","BEV",2,
"7FCTGCAP5S",2025,"RIVIAN","R1T","BEV",2,
"7PDSGCBA4S",2025,"RIVIAN","R1S","BEV",2,
"7FCTGCAA6S",2025,"RIVIAN","R1T","BEV",2,
"7FCTGCAA9S",2025,"RIVIAN","R1T","BEV",2,
"7PDSGCBP5S",2025,"RIVIAN","R1S","BEV",2,
"7PDSGCBA8S",2025,"RIVIAN","R1S","BEV",2,
"7FCTGCAP0S",2025,"RIVIAN","R1T","BEV",2,
"7PDSGCBA0S",2025,"RIVIAN","R1S","BEV",2,
"7PDSGCBA9S",2025,"RIVIAN","R1S","BEV",2,
"7FCTGCAA1S",2025,"RIVIAN","R1T","BEV",2,
"7FCTGCAA7S",2025,"RIVIAN","R1T","BEV",2,
"7FCTGCAA8S",2025,"RIVIAN","R1T","BEV",2,
"7PDSGCBA3S",2025,"RIVIAN","R1S","BEV",2,
"7PDSGCBA5S",2025,"RIVIAN","R1S","BEV",2,
"7FCEHEB24S",2025,"RIVIAN","EDV","BEV",2,
"7FCEHEB22S",2025,"RIVIAN","EDV","BEV",2,
"7FCTGCAA5S",2025,"RIVIAN","R1T","BEV",2,
"7FCEHEB26S",2025,"RIVIAN","EDV","BEV",2,
"7FCTGCAA4S",2025,"RIVIAN","R1T","BEV",2,
"7FCTGCAAXS",2025,"RIVIAN","R1T","BEV",2,
"7FCTGCAA0S",2025,"RIVIAN","R1T","BEV",2,
"JTJAAAAB5S",2025,"LEXUS","RZ","BEV",2,
"JTMABABA8S",2025,"SUBARU","SOLTERRA","BEV",2,
"3GPKHXRJ5S",2025,"HONDA","PROLOGUE","BEV",2,
"JTMABABA2S",2025,"SUBARU","SOLTERRA","BEV",2,
"7SYEA3YB0S",2025,"POLESTAR","POLESTAR 3","BEV",2,
"JTJABABB6S",2025,"LEXUS","RZ","BEV",2,
"50EA1TEA4S",2025,"LUCID","AIR","BEV",2,
"JTMABABA3S",2025,"SUBARU","SOLTERRA","BEV",2,
"JTMABABA7S",2025,"SUBARU","SOLTERRA","BEV",2,
"JTMABACA4S",2025,"TOYOTA","BZ4X","BEV",2,
"3GPKHZRJXS",2025,"HONDA","PROLOGUE","BEV",2,
"7SYEA3YB6S",2025,"POLESTAR","POLESTAR 3","BEV",2,
"JTMABACA5S",2025,"TOYOTA","BZ4X","BEV",2,
"3GPKHZRJ4S",2025,"HONDA","PROLOGUE","BEV",2,
"JTMAAAAA0S",2025,"TOYOTA","BZ4X","BEV",2,
"50EA1TEA1S",2025,"LUCID","AIR","BEV",2,
"1GKB0RDC9S",2025,"GMC","HUMMER EV SUV","BEV",2,
"3GPKHVRJ2S",2025,"HONDA","PROLOGUE","BEV",2,
"1GT10MED1S",2025,"GMC","SIERRA","BEV",2,
"7SYEA3YB8S",2025,"POLESTAR","POLESTAR 3","BEV",2,
"JTMABACAXS",2025,"TOYOTA","BZ4X","BEV",2,
"3GPKHXRJXS",2025,"HONDA","PROLOGUE","BEV",2,
"3GPKHVRJ3S",2025,"HONDA","PROLOGUE","BEV",2,
"3C4RJNCK1S",2025,"JEEP","WAGONEER S","BEV",2,
"3C4RJNCK8S",2025,"JEEP","WAGONEER S","BEV",2,
"3GPKHZRJ2S",2025,"HONDA","PROLOGUE","BEV",2,
"3GPKHXRJ6S",2025,"HONDA","PROLOGUE","BEV",2,
"WMZ53GA08S",2025,"MINI","COUNTRYMAN","BEV",2,
"JTMAAAAA2S",2025,"TOYOTA","BZ4X","BEV",2,
"1GT10MED4S",2025,"GMC","SIERRA","BEV",2,
"50EA1TEAXS",2025,"LUCID","AIR","BEV",2,
"3GPKHZRJ1S",2025,"HONDA","PROLOGUE","BEV",2,
"3GPKHZRJ5S",2025,"HONDA","PROLOGUE","BEV",2,
"50EA1TEA7S",2025,"LUCID","AIR","BEV",2,
"3GPKHWRM5S",2025,"HONDA","PROLOGUE","BEV",2,
"YSREE3YBXS",2025,"POLESTAR","POLESTAR 3","BEV",2,
"JTMABACA2S",2025,"TOYOTA","BZ4X","BEV",2,
"3GPKHXRJ4S",2025,"HONDA","PROLOGUE","BEV",2,
"3GPKHXRJ3S",2025,"HONDA","PROLOGUE","BEV",2,
"1GKB0NDE8S",2025,"GMC","HUMMER EV SUV","BEV",2,
"JTMABABA5S",2025,"SUBARU","SOLTERRA","BEV",2,
"3GPKHVRJ0S",2025,"HONDA","PROLOGUE","BEV",2,
"7SYEA3YB9S",2025,"POLESTAR","POLESTAR 3","BEV",2,
"SCATK2C08S",2025,"ROLLS-ROYCE","SPECTRE","BEV",2,
"JTMABABAXS",2025,"SUBARU","SOLTERRA","BEV",2,
"JTJAAAABXS",2025,"LEXUS","RZ","BEV",2,
"JTMABACA0S",2025,"TOYOTA","BZ4X","BEV",2,
"7SYEE3YBXS",2025,"POLESTAR","POLESTAR 3","BEV",2,
"1GKB0RDC7S",2025,"GMC","HUMMER EV SUV","BEV",2,
"JTMAAAAA9S",2025,"TOYOTA","BZ4X","BEV",2,
"3GPKHZRJ6S",2025,"HONDA","PROLOGUE","BEV",2,
"WMZ53GA01S",2025,"MINI","COUNTRYMAN","BEV",2,
"JTJABABBXS",2025,"LEXUS","RZ","BEV",2,
"2C3CDBCK4S",2025,"DODGE","CHARGER","BEV",2,
"5NMMCET15S",2025,"GENESIS","GV70","BEV",2,
"JTMAAAAA1S",2025,"TOYOTA","BZ4X","BEV",2,
"JTMAAAAA6S",2025,"TOYOTA","BZ4X","BEV",2,
"JTJAAAAB3S",2025,"LEXUS","RZ","BEV",2,
"3GPKHZRJ9S",2025,"HONDA","PROLOGUE","BEV",2,
"YSREA3YB8S",2025,"POLESTAR","POLESTAR 3","BEV",2,
"JTJAAAAB1S",2025,"LEXUS","RZ","BEV",2,
"WMZ53GA03S",2025,"MINI","COUNTRYMAN","BEV",2,
"7SYEE3YB8S",2025,"POLESTAR","POLESTAR 3","BEV",2,
"JTMABABA9S",2025,"SUBARU","SOLTERRA","BEV",2,
"3C4RJNCK7S",2025,"JEEP","WAGONEER S","BEV",2,
"3GPKHVRJ9S",2025,"HONDA","PROLOGUE","BEV",2,
"7SYEE3YB2S",2025,"POLESTAR","POLESTAR 3","BEV",2,
"3C4RJNCK6S",2025,"JEEP","WAGONEER S","BEV",2,
"1GKB0RDC2S",2025,"GMC","HUMMER EV SUV","BEV",2,
"50EA1TEA6S",2025,"LUCID","AIR","BEV",2,
"3GPKHVRJ1S",2025,"HONDA","PROLOGUE","BEV",2,
"2C3CDBCK7S",2025,"DODGE","CHARGER","BEV",2,
"1GKB0NDE3S",2025,"GMC","HUMMER EV SUV","BEV",2,
"5NMMCET11S",2025,"GENESIS","GV70","BEV",2,
"JTMABABA1S",2025,"SUBARU","SOLTERRA","BEV",2,
"WMZ53GA09S",2025,"MINI","COUNTRYMAN","BEV",2,
"JTMABACA6S",2025,"TOYOTA","BZ4X","BEV",2,
"50EA1PGA9S",2025,"LUCID","AIR","BEV",2,
"50EA1PGA6S",2025,"LUCID","AIR","BEV",2,
"KMUKCDSC3S",2025,"GENESIS","GV60","BEV",2,
"WMZ53GA07S",2025,"MINI","COUNTRYMAN","BEV",2,
"JTMABABA4S",2025,"SUBARU","SOLTERRA","BEV",2,
"JTMAAAAA4S",2025,"TOYOTA","BZ4X","BEV",2,
"3GPKHXRJ0S",2025,"HONDA","PROLOGUE","BEV",2,
"1GT10MED8S",2025,"GMC","SIERRA","BEV",2,
"3GPKHZRJ7S",2025,"HONDA","PROLOGUE","BEV",2,
"JTMABACA8S",2025,"TOYOTA","BZ4X","BEV",2,
"JTMABABA6S",2025,"SUBARU","SOLTERRA","BEV",2,
"7SYEA3YB4S",2025,"POLESTAR","POLESTAR 3","BEV",2,
"3C4RJNCK4S",2025,"JEEP","WAGONEER S","BEV",2,
"7SYEE3YB1S",2025,"POLESTAR","POLESTAR 3","BEV",2,
"1GKB0RDC8S",2025,"GMC","HUMMER EV SUV","BEV",2,
"3GPKHVRJ7S",2025,"HONDA","PROLOGUE","BEV",2,
"2C3CDBDK1S",2025,"DODGE","CHARGER","BEV",2,
"5NMMCET17S",2025,"GENESIS","GV70","BEV",2,
"50EA1GBA2S",2025,"LUCID","AIR","BEV",2,
"3GPKHXRJ7S",2025,"HONDA","PROLOGUE","BEV",2,
"3GPKHZRJ8S",2025,"HONDA","PROLOGUE","BEV",2,
"1GT10MED2S",2025,"GMC","SIERRA","BEV",2,
"3GPKHVRJXS",2025,"HONDA","PROLOGUE","BEV",2,
"JTMABACA9S",2025,"TOYOTA","BZ4X","BEV",2,
"JTJABABB3S",2025,"LEXUS","RZ","BEV",2,
"1GT10DDB8S",2025,"GMC","HUMMER EV PICKUP","BEV",2,
"JTMABACA7S",2025,"TOYOTA","BZ4X","BEV",2,
"50EA1TEA8S",2025,"LUCID","AIR","BEV",2,
"7SYEE3YB6S",2025,"POLESTAR","POLESTAR 3","BEV",2,
"3GPKHXRJ2S",2025,"HONDA","PROLOGUE","BEV",2,
"50EA1TEA3S",2025,"LUCID","AIR","BEV",2,
"WMZ53GA02S",2025,"MINI","COUNTRYMAN","BEV",2,
"3GPKHXRJ8S",2025,"HONDA","PROLOGUE","BEV",2,
"1GT10BDD1S",2025,"GMC","HUMMER EV PICKUP","BEV",2,
"7SYEA3YB7S",2025,"POLESTAR","POLESTAR 3","BEV",2,
"3C4RJNCK9S",2025,"JEEP","WAGONEER S","BEV",2,
"2C3CDBDK4S",2025,"DODGE","CHARGER","BEV",2,
"1GT10MED6S",2025,"GMC","SIERRA","BEV",2,
"JTJAAAAB2S",2025,"LEXUS","RZ","BEV",2,
"ZFAFFAC44S",2025,"FIAT","500E","BEV",2,
"50EA1TEA5S",2025,"LUCID","AIR","BEV",2,
"2C3CDBCKXS",2025,"DODGE","CHARGER","BEV",2,
"WMZ53GA04S",2025,"MINI","COUNTRYMAN","BEV",2,
"JTMAAAAA8S",2025,"TOYOTA","BZ4X","BEV",2,
"JTMAAAAAXS",2025,"TOYOTA","BZ4X","BEV",2,
"2C3CDBDK8S",2025,"DODGE","CHARGER","BEV",2,
"WMZ53GA0XS",2025,"MINI","COUNTRYMAN","BEV",2,
"1GT10MEDXS",2025,"GMC","SIERRA","BEV",2,
"3GPKHVRJ4S",2025,"HONDA","PROLOGUE","BEV",2,
"YSREA3YB0S",2025,"POLESTAR","POLESTAR 3","BEV",2,
"7SYEA3YBXS",2025,"POLESTAR","POLESTAR 3","BEV",2,
"JTMABABA0S",2025,"SUBARU","SOLTERRA","BEV",2,
"3GPKHXRJ1S",2025,"HONDA","PROLOGUE","BEV",2,
"2C3CDBCK1S",2025,"DODGE","CHARGER","BEV",2,
"JTJAAAAB4S",2025,"LEXUS","RZ","BEV",2,
"3C4RJNCK3S",2025,"JEEP","WAGONEER S","BEV",2,
"3GPKHVRJ6S",2025,"HONDA","PROLOGUE","BEV",2,
"ZFAFFAC4XS",2025,"FIAT","500E","BEV",2,
"JTMABACA3S",2025,"TOYOTA","BZ4X","BEV",2,
"1GKB0RDC0S",2025,"GMC","HUMMER EV SUV","BEV",2,
"3GPKHVRJ5S",2025,"HONDA","PROLOGUE","BEV",2,
"1GT10BDDXS",2025,"GMC","HUMMER EV PICKUP","BEV",2,
"1GKB0NDE1S",2025,"GMC","HUMMER EV SUV","BEV",2,
"2C3CDBCK2S",2025,"DODGE","CHARGER","BEV",2,
"KMUKCDSC7S",2025,"GENESIS","GV60","BEV",2,
"5NMMCET14S",2025,"GENESIS","GV70","BEV",2,
"YSREE3YB7S",2025,"POLESTAR","POLESTAR 3","BEV",2,
"5NMMCET12S",2025,"GENESIS","GV70","BEV",2,
"YSREA3YB2S",2025,"POLESTAR","POLESTAR 3","BEV",2,
"50EA1TEA9S",2025,"LUCID","AIR","BEV",2,
"50EA1PGA0S",2025,"LUCID","AIR","BEV",2,
"JTJABABB7S",2025,"LEXUS","RZ","BEV",2,
"50EA1PGA7S",2025,"LUCID","AIR","BEV",2,
"3C4RJNCKXS",2025,"JEEP","WAGONEER S","BEV",2,
"1GT10BDD0S",2025,"GMC","HUMMER EV PICKUP","BEV",2,
"3GPKHZRJ3S",2025,"HONDA","PROLOGUE","BEV",2,
"7SYEA3YB2S",2025,"POLESTAR","POLESTAR 3","BEV",2,
"1GKB0RDC4S",2025,"GMC","HUMMER EV SUV","BEV",2,
"3GPKHXRJ9S",2025,"HONDA","PROLOGUE","BEV",2,
"50EA1PGA8S",2025,"LUCID","AIR","BEV",2,
"1GT10MED9S",2025,"GMC","SIERRA","BEV",2,
"3C4RJNAK9S",2025,"JEEP","WAGONEER S","BEV",2,
"3C4RJNAK1S",2025,"JEEP","WAGONEER S","BEV",2,
"50EA1PGA5S",2025,"LUCID","AIR","BEV",2,
"50EA1TEA2S",2025,"LUCID","AIR","BEV",2,
"1GKB0RDC1S",2025,"GMC","HUMMER EV SUV","BEV",2,
"WMZ53GA06S",2025,"MINI","COUNTRYMAN","BEV",2,
"JTMAAAAA7S",2025,"TOYOTA","BZ4X","BEV",2,
"3C6MRWEZXS",2025,"RAM","PROMASTER 3500","BEV",2,
"JTMAAAAA3S",2025,"TOYOTA","BZ4X","BEV",2,
"3C4RJNCK0S",2025,"JEEP","WAGONEER S","BEV",2,
"1GT10BDD4S",2025,"GMC","HUMMER EV PICKUP","BEV",2,
"1GT10BDD9S",2025,"GMC","HUMMER EV PICKUP","BEV",2,
"JTJABABB4S",2025,"LEXUS","RZ","BEV",2,
"7SYEA3YB3S",2025,"POLESTAR","POLESTAR 3","BEV",2,
"JTMABACA1S",2025,"TOYOTA","BZ4X","BEV",2,
"JTJABABB9S",2025,"LEXUS","RZ","BEV",2,
"3GPKHWRMXS",2025,"HONDA","PROLOGUE","BEV",2,
"7SYEA3YB1S",2025,"POLESTAR","POLESTAR 3","BEV",2,
"50EA1TEA0S",2025,"LUCID","AIR","BEV",2,
"3C4RJNAK3S",2025,"JEEP","WAGONEER S","BEV",2,
"3GPKHVRJ8S",2025,"HONDA","PROLOGUE","BEV",2,
"YSREE3YB9S",2025,"POLESTAR","POLESTAR 3","BEV",2,
"2C3CDBDK3S",2025,"DODGE","CHARGER","BEV",2,
"JTJAAAAB7S",2025,"LEXUS","RZ","BEV",2,
"KMUKCDSC9S",2025,"GENESIS","GV60","BEV",2,
"WMZ53GA05S",2025,"MINI","COUNTRYMAN","BEV",2,
"7SYEE3YB9S",2025,"POLESTAR","POLESTAR 3","BEV",2,
"2C3CDBCK3S",2025,"DODGE","CHARGER","BEV",2,
"JTJAAAAB9S",2025,"LEXUS","RZ","BEV",2,
"2C3CDBCK6S",2025,"DODGE","CHARGER","BEV",2,
"JTMAAAAA5S",2025,"TOYOTA","BZ4X","BEV",2,
"50EA1STA5S",2025,"LUCID","AIR","BEV",2,
"JTJAAAAB6S",2025,"LEXUS","RZ","BEV",2,
"3GPKHZRJ0S",2025,"HONDA","PROLOGUE","BEV",2,
"1GKB0NDE5S",2025,"GMC","HUMMER EV SUV","BEV",2,
"3C4RJNAK7S",2025,"JEEP","WAGONEER S","BEV",2,
"KMUKCDSC8S",2025,"GENESIS","GV60","BEV",2,
"3C4RJNAK4S",2025,"JEEP","WAGONEER S","BEV",2,
"1GT10MED0S",2025,"GMC","SIERRA","BEV",2,
"1GKB0RDCXS",2025,"GMC","HUMMER EV SUV","BEV",2,
"2C3CDBCK9S",2025,"DODGE","CHARGER","BEV",2,
"1GKB0NDE4S",2025,"GMC","HUMMER EV SUV","BEV",2,
"3GPKHURM3S",2025,"HONDA","PROLOGUE","BEV",2,
"50EA1GBA5S",2025,"LUCID","AIR","BEV",2,
"7SYEJ3YB0S",2025,"POLESTAR","POLESTAR 3","BEV",2,
"50EA1PGAXS",2025,"LUCID","AIR","BEV",2,
"3C4RJNAK5S",2025,"JEEP","WAGONEER S","BEV",2,
"1GT10MED5S",2025,"GMC","SIERRA","BEV",2,
"KMUKEDSB1S",2025,"GENESIS","GV60","BEV",2,
"1GT10MED7S",2025,"GMC","SIERRA","BEV",2,
"7SYEE3YB3S",2025,"POLESTAR","POLESTAR 3","BEV",2,
"7SYEE3YB4S",2025,"POLESTAR","POLESTAR 3","BEV",2,
"3C6MRWAZ8S",2025,"RAM","PROMASTER 3500","BEV",2,
"2C3CDBDK6S",2025,"DODGE","CHARGER","BEV",2,
"3GPKHWRM2S",2025,"HONDA","PROLOGUE","BEV",2,
"50EA1PGA1S",2025,"LUCID","AIR","BEV",2,
"50EA1GBA7S",2025,"LUCID","AIR","BEV",2,
"KMUKCDSC0S",2025,"GENESIS","GV60","BEV",2,
"3C4RJNCK5S",2025,"JEEP","WAGONEER S","BEV",2,
"5NMMCET1XS",2025,"GENESIS","GV70","BEV",2,
"50EA1PGA4S",2025,"LUCID","AIR","BEV",2,
"KMUKCDSC1S",2025,"GENESIS","GV60","BEV",2,
"1GT10BDD5S",2025,"GMC","HUMMER EV PICKUP","BEV",2,
"YSREE3YB8S",2025,"POLESTAR","POLESTAR 3","BEV",2,
"KMUKEDSB8S",2025,"GENESIS","GV60","BEV",2,
"7SYEE3YB0S",2025,"POLESTAR","POLESTAR 3","BEV",2,
"2C3CDBCK8S",2025,"DODGE","CHARGER","BEV",2,
"1GT10DDB4S",2025,"GMC","HUMMER EV PICKUP","BEV",2,
"3C4RJNCK2S",2025,"JEEP","WAGONEER S","BEV",2,
"KMUKEDSB9S",2025,"GENESIS","GV60","BEV",2,
"1GT10DDB3S",2025,"GMC","HUMMER EV PICKUP","BEV",2,
"YSREE3YB5S",2025,"POLESTAR","POLESTAR 3","BEV",2,
"50EA1GBAXS",2025,"LUCID","AIR","BEV",2,
"KMUKCDSCXS",2025,"GENESIS","GV60","BEV",2,
"1GT10BDD6S",2025,"GMC","HUMMER EV PICKUP","BEV",2,
"3C6MRWEZ2S",2025,"RAM","PROMASTER 3500","BEV",2,
"WMZ53GA00S",2025,"MINI","COUNTRYMAN","BEV",2,
"KMUKCDSC2S",2025,"GENESIS","GV60","BEV",2,
"3C4RJNAK8S",2025,"JEEP","WAGONEER S","BEV",2,
"KMUKEDSB3S",2025,"GENESIS","GV60","BEV",2,
"3C4RJNAK0S",2025,"JEEP","WAGONEER S","BEV",2,
"1GT10MED3S",2025,"GMC","SIERRA","BEV",2,
"KMUKEDSBXS",2025,"GENESIS","GV60","BEV",2,
"KMUKEDSB7S",2025,"GENESIS","GV60","BEV",2,
"7SYEE3YB5S",2025,"POLESTAR","POLESTAR 3","BEV",2,
"7SYEJ3YBXS",2025,"POLESTAR","POLESTAR 3","BEV",2,
"3GPKHWRM3S",2025,"HONDA","PROLOGUE","BEV",2,
"7SYEE3YB7S",2025,"POLESTAR","POLESTAR 3","BEV",2,
"JTJAAAAB8S",2025,"LEXUS","RZ","BEV",2,
"1GT10BDD7S",2025,"GMC","HUMMER EV PICKUP","BEV",2,
"50EA1GBA6S",2025,"LUCID","AIR","BEV",2,
"JTJABABB8S",2025,"LEXUS","RZ","BEV",2,
"2C3CDBDKXS",2025,"DODGE","CHARGER","BEV",2,
"50EA1GBA1S",2025,"LUCID","AIR","BEV",2,
"2C3CDBCK5S",2025,"DODGE","CHARGER","BEV",2,
"1GKB0RDC5S",2025,"GMC","HUMMER EV SUV","BEV",2,
"2C3CDBDK9S",2025,"DODGE","CHARGER","BEV",2,
"JTJABABB5S",2025,"LEXUS","RZ","BEV",2,
"JTJABABB0S",2025,"LEXUS","RZ","BEV",2,
"7SYEA3YB5S",2025,"POLESTAR","POLESTAR 3","BEV",2,
"3GPKHWRM0S",2025,"HONDA","PROLOGUE","BEV",2,
"YSREA3YB3S",2025,"POLESTAR","POLESTAR 3","BEV",2,
"1GKB0NDE2S",2025,"GMC","HUMMER EV SUV","BEV",2,
"5NMMCET16S",2025,"GENESIS","GV70","BEV",2,
"1GKB0NDE9S",2025,"GMC","HUMMER EV SUV","BEV",2,
"1GT10BDD3S",2025,"GMC","HUMMER EV PICKUP","BEV",2,
"YSREE3YB0S",2025,"POLESTAR","POLESTAR 3","BEV",2,
"KMUKEDSB0S",2025,"GENESIS","GV60","BEV",2,
"50EA1PGA3S",2025,"LUCID","AIR","BEV",2,
"1GKB0NDE0S",2025,"GMC","HUMMER EV SUV","BEV",2,
"1GT10DDB0S",2025,"GMC","HUMMER EV PICKUP","BEV",2,
"3GPKHURM5S",2025,"HONDA","PROLOGUE","BEV",2,
"YSREA3YB7S",2025,"POLESTAR","POLESTAR 3","BEV",2,
"3C4RJNAK6S",2025,"JEEP","WAGONEER S","BEV",2,
"YSREE3YB3S",2025,"POLESTAR","POLESTAR 3","BEV",2,
"KMUKCDSC4S",2025,"GENESIS","GV60","BEV",2,
"YSREA3YB9S",2025,"POLESTAR","POLESTAR 3","BEV",2,
"7SYEJ3YB2S",2025,"POLESTAR","POLESTAR 3","BEV",2,
"1GKB0NDE6S",2025,"GMC","HUMMER EV SUV","BEV",2,
"1GT10DDB1S",2025,"GMC","HUMMER EV PICKUP","BEV",2,
"7SYEJ3YB3S",2025,"POLESTAR","POLESTAR 3","BEV",2,
"YSREA3YB4S",2025,"POLESTAR","POLESTAR 3","BEV",2,
"50EA1GBA8S",2025,"LUCID","AIR","BEV",2,
"5NMMCET19S",2025,"GENESIS","GV70","BEV",2,
"1GKB0RDC3S",2025,"GMC","HUMMER EV SUV","BEV",2,
"7SYEJ3YB6S",2025,"POLESTAR","POLESTAR 3","BEV",2,
"JTJAAAAB0S",2025,"LEXUS","RZ","BEV",2,
"1GT10DDB6S",2025,"GMC","HUMMER EV PICKUP","BEV",2,
"3C4RJNAK2S",2025,"JEEP","WAGONEER S","BEV",2,
"KMUKEDSB5S",2025,"GENESIS","GV60","BEV",2,
"1GKB0NDEXS",2025,"GMC","HUMMER EV SUV","BEV",2,
"7SYEJ3YB4S",2025,"POLESTAR","POLESTAR 3","BEV",2,
"KMUKEDSB4S",2025,"GENESIS","GV60","BEV",2,
"3C4RJNAKXS",2025,"JEEP","WAGONEER S","BEV",2,
"5NMMCET13S",2025,"GENESIS","GV70","BEV",2,
"3GPKHURM2S",2025,"HONDA","PROLOGUE","BEV",2,
"ZFAFFAC40S",2025,"FIAT","500E","BEV",2,
"50EA1GBA3S",2025,"LUCID","AIR","BEV",2,
"1GT10DDB9S",2025,"GMC","HUMMER EV PICKUP","BEV",2,
"7SYEJ3YB1S",2025,"POLESTAR","POLESTAR 3","BEV",2,
"YSMFF3KA3S",2025,"POLESTAR","PS2","BEV",2,
"YSREA3YB6S",2025,"POLESTAR","POLESTAR 3","BEV",2,
"YSREE3YB2S",2025,"POLESTAR","POLESTAR 3","BEV",2,
"YSREA3YB1S",2025,"POLESTAR","POLESTAR 3","BEV",2,
"YSMFF3KA0S",2025,"POLESTAR","PS2","BEV",2,
"7SYEJ3YB7S",2025,"POLESTAR","POLESTAR 3","BEV",2,
"3GPKHURM1S",2025,"HONDA","PROLOGUE","BEV",2,
"5NMMCET18S",2025,"GENESIS","GV70","BEV",2,
"1GKB0RDC6S",2025,"GMC","HUMMER EV SUV","BEV",2,
"YSMFF3KA7S",2025,"POLESTAR","PS2","BEV",2,
"ZFAFFAC47S",2025,"FIAT","500E","BEV",2,
"1GT10DDB5S",2025,"GMC","HUMMER EV PICKUP","BEV",2,
"50EA1GBA0S",2025,"LUCID","AIR","BEV",2,
"YSMFF3KAXS",2025,"POLESTAR","PS2","BEV",2,
"1GT10BDD8S",2025,"GMC","HUMMER EV PICKUP","BEV",2,
"2C3CDBCK0S",2025,"DODGE","CHARGER","BEV",2,
"3GPKHURM8S",2025,"HONDA","PROLOGUE","BEV",2,
"3C6MRWEZ8S",2025,"RAM","PROMASTER 3500","BEV",2,
"KMUKEDSB6S",2025,"GENESIS","GV60","BEV",2,
"50EA1PGA2S",2025,"LUCID","AIR","BEV",2,
"YSREA3YBXS",2025,"POLESTAR","POLESTAR 3","BEV",2,
"50EA1GBA4S",2025,"LUCID","AIR","BEV",2,
"JTJABABB2S",2025,"LEXUS","RZ","BEV",2,
"1GT10DDB7S",2025,"GMC","HUMMER EV PICKUP","BEV",2,
"ZAMBMXE14S",2025,"MASERATI","GRANCABRIO","BEV",2,
"1GT10DDBXS",2025,"GMC","HUMMER EV PICKUP","BEV",2,
"3GPKHWRM4S",2025,"HONDA","PROLOGUE","BEV",2,
"1GT10DDB2S",2025,"GMC","HUMMER EV PICKUP","BEV",2,
"3GPKHURM4S",2025,"HONDA","PROLOGUE","BEV",2,
"YSREE3YB6S",2025,"POLESTAR","POLESTAR 3","BEV",2,
"1GKB0NDE7S",2025,"GMC","HUMMER EV SUV","BEV",2,
"3GPKHWRM7S",2025,"HONDA","PROLOGUE","BEV",2,
"7UUG1GHJ7S",2025,"LUCID","GRAVITY","BEV",2,
"ZFAFFAC42S",2025,"FIAT","500E","BEV",2,
"5NMMCET10S",2025,"GENESIS","GV70","BEV",2,
"YSREE3YB1S",2025,"POLESTAR","POLESTAR 3","BEV",2,
"3GPKHWRM9S",2025,"HONDA","PROLOGUE","BEV",2,
"3GPKHURM9S",2025,"HONDA","PROLOGUE","BEV",2,
"JTMABACA4R",2024,"TOYOTA","BZ4X","BEV",2,
"YV4ER3XMXR",2024,"VOLVO","XC40","BEV",2,
"JTMABABA6R",2024,"SUBARU","SOLTERRA","BEV",2,
"KMUKEDSB0R",2024,"GENESIS","GV60","BEV",2,
"50EA1TEAXR",2024,"LUCID","AIR","BEV",2,
"JTJAAAAB3R",2024,"LEXUS","RZ","BEV",2,
"3GPKHXRJ8R",2024,"HONDA","PROLOGUE","BEV",2,
"1GKB0NDE2R",2024,"GMC","HUMMER EV SUV","BEV",2,
"JTMABACA5R",2024,"TOYOTA","BZ4X","BEV",2,
"1V2WSPE80R",2024,"VOLKSWAGEN","ID.4","BEV",2,
"4W5KHNRL7R",2024,"ACURA","ZDX","BEV",2,
"3GPKHXRJ4R",2024,"HONDA","PROLOGUE","BEV",2,
"1V2BMPE8XR",2024,"VOLKSWAGEN","ID.4","BEV",2,
"JTMABACA7R",2024,"TOYOTA","BZ4X","BEV",2,
"JTMABACA8R",2024,"TOYOTA","BZ4X","BEV",2,
"50EA1PGA4R",2024,"LUCID","AIR","BEV",2,
"YSMFG3KA5R",2024,"POLESTAR","PS2","BEV",2,
"3GPKHZRJ9R",2024,"HONDA","PROLOGUE","BEV",2,
"JTMABACA6R",2024,"TOYOTA","BZ4X","BEV",2,
"YSMFD3KA6R",2024,"POLESTAR","PS2","BEV",2,
"1V2DSPE83R",2024,"VOLKSWAGEN","ID.4","BEV",2,
"3GPKHXRJ7R",2024,"HONDA","PROLOGUE","BEV",2,
"1V2DSPE86R",2024,"VOLKSWAGEN","ID.4","BEV",2,
"JTJAAAAB0R",2024,"LEXUS","RZ","BEV",2,
"3GPKHZRJ0R",2024,"HONDA","PROLOGUE","BEV",2,
"JTMABACA2R",2024,"TOYOTA","BZ4X","BEV",2,
"JTMAAAAA6R",2024,"TOYOTA","BZ4X","BEV",2,
"WMW13DJ00R",2024,"MINI","HARDTOP","BEV",2,
"1GKB0RDC4R",2024,"GMC","HUMMER EV SUV","BEV",2,
"1V2WSPE85R",2024,"VOLKSWAGEN","ID.4","BEV",2,
"ZFAFFAA41R",2024,"FIAT","500E","BEV",2,
"JTMABACA9R",2024,"TOYOTA","BZ4X","BEV",2,
"JTMABABA1R",2024,"SUBARU","SOLTERRA","BEV",2,
"50EA1TEA6R",2024,"LUCID","AIR","BEV",2,
"JTMABACA1R",2024,"TOYOTA","BZ4X","BEV",2,
"KMTGE4S1XR",2024,"GENESIS","G80","BEV",2,
"1GT10BDD7R",2024,"GMC","HUMMER EV PICKUP","BEV",2,
"1V2DSPE8XR",2024,"VOLKSWAGEN","ID.4","BEV",2,
"3GPKHZRJXR",2024,"HONDA","PROLOGUE","BEV",2,
"1V2DSPE80R",2024,"VOLKSWAGEN","ID.4","BEV",2,
"4W5KHNRLXR",2024,"ACURA","ZDX","BEV",2,
"JTMABABA9R",2024,"SUBARU","SOLTERRA","BEV",2,
"YSMFD3KA9R",2024,"POLESTAR","PS2","BEV",2,
"YV4EH3HM7R",2024,"VOLVO","XC40","BEV",2,
"1V2BMPE88R",2024,"VOLKSWAGEN","ID.4","BEV",2,
"50EA1PGA3R",2024,"LUCID","AIR","BEV",2,
"JTMABACAXR",2024,"TOYOTA","BZ4X","BEV",2,
"WP0BA2Y17R",2024,"PORSCHE","TAYCAN","BEV",2,
"YV4ER3XM7R",2024,"VOLVO","XC40","BEV",2,
"JTMABABA2R",2024,"SUBARU","SOLTERRA","BEV",2,
"1V25MPE83R",2024,"VOLKSWAGEN","ID.4","BEV",2,
"1V2BMPE84R",2024,"VOLKSWAGEN","ID.4","BEV",2,
"5NMMCET18R",2024,"GENESIS","GV70","BEV",2,
"1V2WSPE88R",2024,"VOLKSWAGEN","ID.4","BEV",2,
"1V2WSPE86R",2024,"VOLKSWAGEN","ID.4","BEV",2,
"1GKB0NDE1R",2024,"GMC","HUMMER EV SUV","BEV",2,
"YSMFE3KA5R",2024,"POLESTAR","PS2","BEV",2,
"4W5XHPRL8R",2024,"ACURA","ZDX","BEV",2,
"3GPKHZRJ6R",2024,"HONDA","PROLOGUE","BEV",2,
"1V25MPE82R",2024,"VOLKSWAGEN","ID.4","BEV",2,
"1GT10DDB4R",2024,"GMC","HUMMER EV PICKUP","BEV",2,
"3GPKHXRJ9R",2024,"HONDA","PROLOGUE","BEV",2,
"3GPKHVRJ9R",2024,"HONDA","PROLOGUE","BEV",2,
"3GPKHZRJ1R",2024,"HONDA","PROLOGUE","BEV",2,
"1V25MPE88R",2024,"VOLKSWAGEN","ID.4","BEV",2,
"YV4ER3XLXR",2024,"VOLVO","XC40","BEV",2,
"1V2DSPE81R",2024,"VOLKSWAGEN","ID.4","BEV",2,
"YV4ER3XL0R",2024,"VOLVO","XC40","BEV",2,
"YSMFD3KA0R",2024,"POLESTAR","PS2","BEV",2,
"WP0BB2Y19R",2024,"PORSCHE","TAYCAN","BEV",2,
"JTJAAAAB6R",2024,"LEXUS","RZ","BEV",2,
"1V2DSPE88R",2024,"VOLKSWAGEN","ID.4","BEV",2,
"WP0CD2Y13R",2024,"PORSCHE","TAYCAN","BEV",2,
"4W5XHPRLXR",2024,"ACURA","ZDX","BEV",2,
"JTMABABA8R",2024,"SUBARU","SOLTERRA","BEV",2,
"3GPKHVRJXR",2024,"HONDA","PROLOGUE","BEV",2,
"WMW13DJ01R",2024,"MINI","HARDTOP","BEV",2,
"YSMFD3KA2R",2024,"POLESTAR","PS2","BEV",2,
"WP0AA2Y13R",2024,"PORSCHE","TAYCAN","BEV",2,
"3GPKHXRJXR",2024,"HONDA","PROLOGUE","BEV",2,
"YV4ER3XM3R",2024,"VOLVO","XC40","BEV",2,
"1V2BMPE83R",2024,"VOLKSWAGEN","ID.4","BEV",2,
"JTJABABB7R",2024,"LEXUS","RZ","BEV",2,
"1V2BMPE81R",2024,"VOLKSWAGEN","ID.4","BEV",2,
"1V2BMPE82R",2024,"VOLKSWAGEN","ID.4","BEV",2,
"1V2DSPE85R",2024,"VOLKSWAGEN","ID.4","BEV",2,
"1V2BMPE80R",2024,"VOLKSWAGEN","ID.4","BEV",2,
"ZFAFFAA42R",2024,"FIAT","500E","BEV",2,
"JTMABABA4R",2024,"SUBARU","SOLTERRA","BEV",2,
"WP0AB2Y17R",2024,"PORSCHE","TAYCAN","BEV",2,
"JTMABABA3R",2024,"SUBARU","SOLTERRA","BEV",2,
"JTMABACA3R",2024,"TOYOTA","BZ4X","BEV",2,
"3GPKHZRJ2R",2024,"HONDA","PROLOGUE","BEV",2,
"KMUKB4SA7R",2024,"GENESIS","GV60","BEV",2,
"4W5KHNRL8R",2024,"ACURA","ZDX","BEV",2,
"JTMABABA5R",2024,"SUBARU","SOLTERRA","BEV",2,
"1V25MPE85R",2024,"VOLKSWAGEN","ID.4","BEV",2,
"JTMABABA0R",2024,"SUBARU","SOLTERRA","BEV",2,
"YSMFE3KA6R",2024,"POLESTAR","PS2","BEV",2,
"4W5KHNRL1R",2024,"ACURA","ZDX","BEV",2,
"3GPKHVRJ1R",2024,"HONDA","PROLOGUE","BEV",2,
"YV4ER3XM4R",2024,"VOLVO","XC40","BEV",2,
"3GPKHXRJ1R",2024,"HONDA","PROLOGUE","BEV",2,
"3GPKHXRJ6R",2024,"HONDA","PROLOGUE","BEV",2,
"3GPKHXRJ3R",2024,"HONDA","PROLOGUE","BEV",2,
"JTJAAAAB1R",2024,"LEXUS","RZ","BEV",2,
"3GPKHXRJ2R",2024,"HONDA","PROLOGUE","BEV",2,
"YV4EH3HK8R",2024,"VOLVO","XC40","BEV",2,
"WMW13DJ05R",2024,"MINI","HARDTOP","BEV",2,
"50EA1TEA1R",2024,"LUCID","AIR","BEV",2,
"KMUKEDSBXR",2024,"GENESIS","GV60","BEV",2,
"YSMFD3KA5R",2024,"POLESTAR","PS2","BEV",2,
"JTMABABAXR",2024,"SUBARU","SOLTERRA","BEV",2,
"1V25MPE84R",2024,"VOLKSWAGEN","ID.4","BEV",2,
"WP0AA2Y16R",2024,"PORSCHE","TAYCAN","BEV",2,
"YV4ER3XM1R",2024,"VOLVO","XC40","BEV",2,
"50EA1TEA9R",2024,"LUCID","AIR","BEV",2,
"WMW13DJ02R",2024,"MINI","HARDTOP","BEV",2,
"3GPKHVRJ5R",2024,"HONDA","PROLOGUE","BEV",2,
"JTMABABA7R",2024,"SUBARU","SOLTERRA","BEV",2,
"YSMFE3KA8R",2024,"POLESTAR","PS2","BEV",2,
"1V2WSPE81R",2024,"VOLKSWAGEN","ID.4","BEV",2,
"4W5XHPRL6R",2024,"ACURA","ZDX","BEV",2,
"1V2DSPE89R",2024,"VOLKSWAGEN","ID.4","BEV",2,
"3GPKHVRJ7R",2024,"HONDA","PROLOGUE","BEV",2,
"4W5XHPRL0R",2024,"ACURA","ZDX","BEV",2,
"ZFAFFAC47R",2024,"FIAT","500E","BEV",2,
"ZFAFFAC45R",2024,"FIAT","500E","BEV",2,
"4W5KHNRL9R",2024,"ACURA","ZDX","BEV",2,
"1V2BMPE87R",2024,"VOLKSWAGEN","ID.4","BEV",2,
"YV4EH3HL8R",2024,"VOLVO","XC40","BEV",2,
"4W5KHNRL0R",2024,"ACURA","ZDX","BEV",2,
"WMW13DJ0XR",2024,"MINI","HARDTOP","BEV",2,
"YV4ER3GM6R",2024,"VOLVO","C40","BEV",2,
"4W5KHNRL4R",2024,"ACURA","ZDX","BEV",2,
"4W5XHPRL2R",2024,"ACURA","ZDX","BEV",2,
"1V25MPE87R",2024,"VOLKSWAGEN","ID.4","BEV",2,
"4W5KHNRL5R",2024,"ACURA","ZDX","BEV",2,
"KMUKB4SA2R",2024,"GENESIS","GV60","BEV",2,
"1V25MPE8XR",2024,"VOLKSWAGEN","ID.4","BEV",2,
"50EA1PGAXR",2024,"LUCID","AIR","BEV",2,
"1V2CRPE82R",2024,"VOLKSWAGEN","ID.4","BEV",2,
"3GPKHXRJ0R",2024,"HONDA","PROLOGUE","BEV",2,
"YV4ER3XK1R",2024,"VOLVO","XC40","BEV",2,
"WP0AA2Y10R",2024,"PORSCHE","TAYCAN","BEV",2,
"WMW13DJ08R",2024,"MINI","HARDTOP","BEV",2,
"4W5KHNRL3R",2024,"ACURA","ZDX","BEV",2,
"1GT10BDD2R",2024,"GMC","HUMMER EV PICKUP","BEV",2,
"3GPKHZRJ4R",2024,"HONDA","PROLOGUE","BEV",2,
"1V2DSPE87R",2024,"VOLKSWAGEN","ID.4","BEV",2,
"ZFAFFAA43R",2024,"FIAT","500E","BEV",2,
"3C4RJNAK6R",2024,"JEEP","WAGONEER S","BEV",2,
"RLLV1AEBXR",2024,"VINFAST","VF 8","BEV",2,
"4W5XHPRL1R",2024,"ACURA","ZDX","BEV",2,
"1V2WSPE89R",2024,"VOLKSWAGEN","ID.4","BEV",2,
"3GPKHZRJ3R",2024,"HONDA","PROLOGUE","BEV",2,
"WP0AB2Y10R",2024,"PORSCHE","TAYCAN","BEV",2,
"JTJABABB0R",2024,"LEXUS","RZ","BEV",2,
"3GPKHZRJ7R",2024,"HONDA","PROLOGUE","BEV",2,
"1V2WSPE82R",2024,"VOLKSWAGEN","ID.4","BEV",2,
"3GPKHZRJ5R",2024,"HONDA","PROLOGUE","BEV",2,
"3GPKHXRJ5R",2024,"HONDA","PROLOGUE","BEV",2,
"3GPKHURM2R",2024,"HONDA","PROLOGUE","BEV",2,
"1GKB0RDC5R",2024,"GMC","HUMMER EV SUV","BEV",2,
"1V2WSPE83R",2024,"VOLKSWAGEN","ID.4","BEV",2,
"WP0BA2Y1XR",2024,"PORSCHE","TAYCAN","BEV",2,
"1V25MPE86R",2024,"VOLKSWAGEN","ID.4","BEV",2,
"KMUKB4SA4R",2024,"GENESIS","GV60","BEV",2,
"JTJAAAAB4R",2024,"LEXUS","RZ","BEV",2,
"YSMFD3KA4R",2024,"POLESTAR","PS2","BEV",2,
"YV4EH3HK9R",2024,"VOLVO","XC40","BEV",2,
"1V2BMPE89R",2024,"VOLKSWAGEN","ID.4","BEV",2,
"YSMFD3KA8R",2024,"POLESTAR","PS2","BEV",2,
"WP0AC2Y18R",2024,"PORSCHE","TAYCAN","BEV",2,
"ZFAFFAA48R",2024,"FIAT","500E","BEV",2,
"YV4ER3XM8R",2024,"VOLVO","XC40","BEV",2,
"3GPKHWRM0R",2024,"HONDA","PROLOGUE","BEV",2,
"WP0AB2Y1XR",2024,"PORSCHE","TAYCAN","BEV",2,
"WMW13DJ09R",2024,"MINI","HARDTOP","BEV",2,
"1V2CRPE86R",2024,"VOLKSWAGEN","ID.4","BEV",2,
"JTMAAAAA7R",2024,"TOYOTA","BZ4X","BEV",2,
"JTJAAAAB7R",2024,"LEXUS","RZ","BEV",2,
"YSMFD3KA3R",2024,"POLESTAR","PS2","BEV",2,
"JTMABACA0R",2024,"TOYOTA","BZ4X","BEV",2,
"1GKB0RDC7R",2024,"GMC","HUMMER EV SUV","BEV",2,
"1V25MPE89R",2024,"VOLKSWAGEN","ID.4","BEV",2,
"ZFAFFAA49R",2024,"FIAT","500E","BEV",2,
"1V2DSPE82R",2024,"VOLKSWAGEN","ID.4","BEV",2,
"1V2DSPE84R",2024,"VOLKSWAGEN","ID.4","BEV",2,
"4W5XHPRL9R",2024,"ACURA","ZDX","BEV",2,
"WP0AA2Y18R",2024,"PORSCHE","TAYCAN","BEV",2,
"1GKB0NDE4R",2024,"GMC","HUMMER EV SUV","BEV",2,
"1V25MPE80R",2024,"VOLKSWAGEN","ID.4","BEV",2,
"50EA1TEA7R",2024,"LUCID","AIR","BEV",2,
"YSMFG3KA2R",2024,"POLESTAR","PS2","BEV",2,
"YV4ER3XM9R",2024,"VOLVO","XC40","BEV",2,
"JTMAAAAA1R",2024,"TOYOTA","BZ4X","BEV",2,
"1GKB0NDE0R",2024,"GMC","HUMMER EV SUV","BEV",2,
"3C4RJNAK4R",2024,"JEEP","WAGONEER S","BEV",2,
"WP0AA2Y14R",2024,"PORSCHE","TAYCAN","BEV",2,
"1GKB0RDC0R",2024,"GMC","HUMMER EV SUV","BEV",2,
"3GPKHZRJ8R",2024,"HONDA","PROLOGUE","BEV",2,
"1GT10DDB0R",2024,"GMC","HUMMER EV PICKUP","BEV",2,
"WMW13DJ07R",2024,"MINI","HARDTOP","BEV",2,
"1V2BMPE85R",2024,"VOLKSWAGEN","ID.4","BEV",2,
"3GPKHVRJ2R",2024,"HONDA","PROLOGUE","BEV",2,
"WP0AA2Y17R",2024,"PORSCHE","TAYCAN","BEV",2,
"KMUKCDSC5R",2024,"GENESIS","GV60","BEV",2,
"1GKB0RDC1R",2024,"GMC","HUMMER EV SUV","BEV",2,
"WP0AA2Y11R",2024,"PORSCHE","TAYCAN","BEV",2,
"KMUKCDSC0R",2024,"GENESIS","GV60","BEV",2,
"2G5ZJ3TZ9R",2024,"BRIGHTDROP","ZEVO","BEV",2,
"3C4RJNAK3R",2024,"JEEP","WAGONEER S","BEV",2,
"ZFAFFAA45R",2024,"FIAT","500E","BEV",2,
"YSMFE3KA1R",2024,"POLESTAR","PS2","BEV",2,
"JTJAAAAB5R",2024,"LEXUS","RZ","BEV",2,
"1GKB0RDC9R",2024,"GMC","HUMMER EV SUV","BEV",2,
"WP0BB2Y1XR",2024,"PORSCHE","TAYCAN","BEV",2,
"1GT10DDB9R",2024,"GMC","HUMMER EV PICKUP","BEV",2,
"JTMAAAAA8R",2024,"TOYOTA","BZ4X","BEV",2,
"WMW13DJ03R",2024,"MINI","HARDTOP","BEV",2,
"ZFAFFAA47R",2024,"FIAT","500E","BEV",2,
"1GKB0RDC2R",2024,"GMC","HUMMER EV SUV","BEV",2,
"YV4ER3XL9R",2024,"VOLVO","XC40","BEV",2,
"50EA1PGA2R",2024,"LUCID","AIR","BEV",2,
"WP0BA2Y15R",2024,"PORSCHE","TAYCAN","BEV",2,
"3GPKHURM3R",2024,"HONDA","PROLOGUE","BEV",2,
"JTJAAAAB8R",2024,"LEXUS","RZ","BEV",2,
"JTJABABB2R",2024,"LEXUS","RZ","BEV",2,
"KMUKEDSB5R",2024,"GENESIS","GV60","BEV",2,
"JTJABABB3R",2024,"LEXUS","RZ","BEV",2,
"YSMFD3KAXR",2024,"POLESTAR","PS2","BEV",2,
"3GPKHVRJ6R",2024,"HONDA","PROLOGUE","BEV",2,
"WP0BC2Y16R",2024,"PORSCHE","TAYCAN","BEV",2,
"1GKB0NDE8R",2024,"GMC","HUMMER EV SUV","BEV",2,
"WP0CD2Y18R",2024,"PORSCHE","TAYCAN","BEV",2,
"5NMMCET17R",2024,"GENESIS","GV70","BEV",2,
"1GKB0RDCXR",2024,"GMC","HUMMER EV SUV","BEV",2,
"50EA1TEA2R",2024,"LUCID","AIR","BEV",2,
"YSMFG3KAXR",2024,"POLESTAR","PS2","BEV",2,
"KMUKEDSB8R",2024,"GENESIS","GV60","BEV",2,
"WP0AD2Y10R",2024,"PORSCHE","TAYCAN","BEV",2,
"3C4RJNAK0R",2024,"JEEP","WAGONEER S","BEV",2,
"1GKB0NDE7R",2024,"GMC","HUMMER EV SUV","BEV",2,
"3GPKHURM5R",2024,"HONDA","PROLOGUE","BEV",2,
"7TZ111C1XR",2024,"MULLEN AUTOMOTIVE INC.","ONE","BEV",2,
"YV4ER3XM6R",2024,"VOLVO","XC40","BEV",2,
"1GKB0NDE5R",2024,"GMC","HUMMER EV SUV","BEV",2,
"1GT10DDBXR",2024,"GMC","HUMMER EV PICKUP","BEV",2,
"WMW13DJ06R",2024,"MINI","HARDTOP","BEV",2,
"1V2WSPE84R",2024,"VOLKSWAGEN","ID.4","BEV",2,
"5NMMCET19R",2024,"GENESIS","GV70","BEV",2,
"KMUKCDSC1R",2024,"GENESIS","GV60","BEV",2,
"WP0AD2Y12R",2024,"PORSCHE","TAYCAN","BEV",2,
"5NMMCET15R",2024,"GENESIS","GV70","BEV",2,
"3GPKHVRJ4R",2024,"HONDA","PROLOGUE","BEV",2,
"ZFAFFAC40R",2024,"FIAT","500E","BEV",2,
"JTMAAAAA4R",2024,"TOYOTA","BZ4X","BEV",2,
"YV4ER3GM4R",2024,"VOLVO","C40","BEV",2,
"1V2VRPE84R",2024,"VOLKSWAGEN","ID.4","BEV",2,
"ZFAFFAA46R",2024,"FIAT","500E","BEV",2,
"1V2BMPE86R",2024,"VOLKSWAGEN","ID.4","BEV",2,
"YV4EH3HM0R",2024,"VOLVO","XC40","BEV",2,
"YV4ER3XM2R",2024,"VOLVO","XC40","BEV",2,
"KMUKCDSC8R",2024,"GENESIS","GV60","BEV",2,
"3GPKHURM9R",2024,"HONDA","PROLOGUE","BEV",2,
"YSMFD3KA1R",2024,"POLESTAR","PS2","BEV",2,
"JTMAAAAA3R",2024,"TOYOTA","BZ4X","BEV",2,
"5NMMCET11R",2024,"GENESIS","GV70","BEV",2,
"YSMFE3KA9R",2024,"POLESTAR","PS2","BEV",2,
"YV4ER3XL7R",2024,"VOLVO","XC40","BEV",2,
"SADHM2S12R",2024,"JAGUAR","I-PACE","BEV",2,
"3GPKHWRM5R",2024,"HONDA","PROLOGUE","BEV",2,
"4W5KHNRL2R",2024,"ACURA","ZDX","BEV",2,
"4W5XHPRL7R",2024,"ACURA","ZDX","BEV",2,
"5NMMCET10R",2024,"GENESIS","GV70","BEV",2,
"4W5XHPRL5R",2024,"ACURA","ZDX","BEV",2,
"1V2WSPE8XR",2024,"VOLKSWAGEN","ID.4","BEV",2,
"5NMMCET16R",2024,"GENESIS","GV70","BEV",2,
"WP0BB2Y13R",2024,"PORSCHE","TAYCAN","BEV",2,
"1V25MPE81R",2024,"VOLKSWAGEN","ID.4","BEV",2,
"KMUKEDSB3R",2024,"GENESIS","GV60","BEV",2,
"YV4EH3BM4R",2024,"VOLVO","C40","BEV",2,
"1V2CRPE8XR",2024,"VOLKSWAGEN","ID.4","BEV",2,
"YV4ER3GM3R",2024,"VOLVO","C40","BEV",2,
"JTMAAAAAXR",2024,"TOYOTA","BZ4X","BEV",2,
"1GKB0RDC6R",2024,"GMC","HUMMER EV SUV","BEV",2,
"JTJABABB4R",2024,"LEXUS","RZ","BEV",2,
"YSMFD3KA7R",2024,"POLESTAR","PS2","BEV",2,
"YSMFE3KAXR",2024,"POLESTAR","PS2","BEV",2,
"4W5KHNRL6R",2024,"ACURA","ZDX","BEV",2,
"ZFAFFAA40R",2024,"FIAT","500E","BEV",2,
"4W5KHMRK4R",2024,"ACURA","ZDX","BEV",2,
"WP0CD2Y11R",2024,"PORSCHE","TAYCAN","BEV",2,
"JTJABABB8R",2024,"LEXUS","RZ","BEV",2,
"YV4ER3GM2R",2024,"VOLVO","C40","BEV",2,
"YV4ER3GMXR",2024,"VOLVO","C40","BEV",2,
"1V2VRPE86R",2024,"VOLKSWAGEN","ID.4","BEV",2,
"5NMMCET1XR",2024,"GENESIS","GV70","BEV",2,
"4W5XHPRL4R",2024,"ACURA","ZDX","BEV",2,
"JTJAAAABXR",2024,"LEXUS","RZ","BEV",2,
"KMUKEDSB6R",2024,"GENESIS","GV60","BEV",2,
"YSMFG3KA4R",2024,"POLESTAR","PS2","BEV",2,
"KMUKCDSC3R",2024,"GENESIS","GV60","BEV",2,
"1GT10DDB2R",2024,"GMC","HUMMER EV PICKUP","BEV",2,
"1V2WSPE87R",2024,"VOLKSWAGEN","ID.4","BEV",2,
"YV4ER3GM5R",2024,"VOLVO","C40","BEV",2,
"3GPKHWRM2R",2024,"HONDA","PROLOGUE","BEV",2,
"WP0BB2Y12R",2024,"PORSCHE","TAYCAN","BEV",2,
"JTJAAAAB9R",2024,"LEXUS","RZ","BEV",2,
"YSMFE3KA3R",2024,"POLESTAR","PS2","BEV",2,
"WP0AA2Y1XR",2024,"PORSCHE","TAYCAN","BEV",2,
"4W5XHPRL3R",2024,"ACURA","ZDX","BEV",2,
"3GPKHWRMXR",2024,"HONDA","PROLOGUE","BEV",2,
"3GPKHVRJ0R",2024,"HONDA","PROLOGUE","BEV",2,
"JTJABABB9R",2024,"LEXUS","RZ","BEV",2,
"YSMFG3KA7R",2024,"POLESTAR","PS2","BEV",2,
"3C4RJNAKXR",2024,"JEEP","WAGONEER S","BEV",2,
"WP0AD2Y17R",2024,"PORSCHE","TAYCAN","BEV",2,
"2C3CDBDK4R",2024,"DODGE","CHARGER","BEV",2,
"SADHM2S16R",2024,"JAGUAR","I-PACE","BEV",2,
"1GKB0SDC3R",2024,"GMC","HUMMER EV SUV","BEV",2,
"ZFAFFAA4XR",2024,"FIAT","500E","BEV",2,
"YV4EH3HMXR",2024,"VOLVO","XC40","BEV",2,
"3GPKHVRJ3R",2024,"HONDA","PROLOGUE","BEV",2,
"YV4ER3XK2R",2024,"VOLVO","XC40","BEV",2,
"KMUKB4SA0R",2024,"GENESIS","GV60","BEV",2,
"3C6MRWAZ4R",2024,"RAM","PROMASTER 3500","BEV",2,
"YV4ER3GL2R",2024,"VOLVO","C40","BEV",2,
"1GKB0SDC2R",2024,"GMC","HUMMER EV SUV","BEV",2,
"2C3CDBDK8R",2024,"DODGE","CHARGER","BEV",2,
"YSMFG3KA0R",2024,"POLESTAR","PS2","BEV",2,
"KMUKEDSB4R",2024,"GENESIS","GV60","BEV",2,
"ZFAFFAC46R",2024,"FIAT","500E","BEV",2,
"KMUKCDSC4R",2024,"GENESIS","GV60","BEV",2,
"WP0AD2Y1XR",2024,"PORSCHE","TAYCAN","BEV",2,
"50EA1TEA5R",2024,"LUCID","AIR","BEV",2,
"YV4ER3GL6R",2024,"VOLVO","C40","BEV",2,
"1V2VRPE81R",2024,"VOLKSWAGEN","ID.4","BEV",2,
"SADHM2S15R",2024,"JAGUAR","I-PACE","BEV",2,
"1GT10BDDXR",2024,"GMC","HUMMER EV PICKUP","BEV",2,
"JTJAAAAB2R",2024,"LEXUS","RZ","BEV",2,
"50EA1TEA4R",2024,"LUCID","AIR","BEV",2,
"2C3CDBDK6R",2024,"DODGE","CHARGER","BEV",2,
"1GKB0NDE3R",2024,"GMC","HUMMER EV SUV","BEV",2,
"WP0BC2Y19R",2024,"PORSCHE","TAYCAN","BEV",2,
"ZFAFFAC48R",2024,"FIAT","500E","BEV",2,
"KMUKCDSC2R",2024,"GENESIS","GV60","BEV",2,
"3C4RJNAK1R",2024,"JEEP","WAGONEER S","BEV",2,
"YV4ER3GL1R",2024,"VOLVO","C40","BEV",2,
"2C3CDBDK7R",2024,"DODGE","CHARGER","BEV",2,
"JTMAAAAA5R",2024,"TOYOTA","BZ4X","BEV",2,
"2G5ZJ3TZ7R",2024,"BRIGHTDROP","ZEVO","BEV",2,
"YV4ER3XL6R",2024,"VOLVO","XC40","BEV",2,
"KMUKB4SA8R",2024,"GENESIS","GV60","BEV",2,
"KMUKCDSC6R",2024,"GENESIS","GV60","BEV",2,
"SCATK2C06R",2024,"ROLLS-ROYCE","SPECTRE","BEV",2,
"WP0AB2Y18R",2024,"PORSCHE","TAYCAN","BEV",2,
"2C3CDBCK8R",2024,"DODGE","CHARGER","BEV",2,
"YV4ER3XL2R",2024,"VOLVO","XC40","BEV",2,
"YV4EH3BM8R",2024,"VOLVO","C40","BEV",2,
"ZFAFFAC44R",2024,"FIAT","500E","BEV",2,
"3GPKHVRJ8R",2024,"HONDA","PROLOGUE","BEV",2,
"1GKB0NDE6R",2024,"GMC","HUMMER EV SUV","BEV",2,
"5NMMCET13R",2024,"GENESIS","GV70","BEV",2,
"3GPKHURM0R",2024,"HONDA","PROLOGUE","BEV",2,
"WP0BA2Y11R",2024,"PORSCHE","TAYCAN","BEV",2,
"YSMFG3KA8R",2024,"POLESTAR","PS2","BEV",2,
"1GKB0SDC0R",2024,"GMC","HUMMER EV SUV","BEV",2,
"WMW13DJ04R",2024,"MINI","HARDTOP","BEV",2,
"1GT10BDD4R",2024,"GMC","HUMMER EV PICKUP","BEV",2,
"50EA1GBA9R",2024,"LUCID","AIR","BEV",2,
"YSMFE3KA7R",2024,"POLESTAR","PS2","BEV",2,
"YSMFG3KA6R",2024,"POLESTAR","PS2","BEV",2,
"WP0BC2Y12R",2024,"PORSCHE","TAYCAN","BEV",2,
"1GT10BDD8R",2024,"GMC","HUMMER EV PICKUP","BEV",2,
"ZFAFFAA44R",2024,"FIAT","500E","BEV",2,
"2G5ZJ3TZ4R",2024,"BRIGHTDROP","ZEVO","BEV",2,
"2C3CDBCKXR",2024,"DODGE","CHARGER","BEV",2,
"3C4RJNAK8R",2024,"JEEP","WAGONEER S","BEV",2,
"SADHM2S1XR",2024,"JAGUAR","I-PACE","BEV",2,
"1GKB0RDC8R",2024,"GMC","HUMMER EV SUV","BEV",2,
"7TZ111C15R",2024,"MULLEN AUTOMOTIVE INC.","ONE","BEV",2,
"7TZ111C10R",2024,"MULLEN AUTOMOTIVE INC.","ONE","BEV",2,
"WP0AB2Y15R",2024,"PORSCHE","TAYCAN","BEV",2,
"YV4ER3GM7R",2024,"VOLVO","C40","BEV",2,
"3C4RJNAK2R",2024,"JEEP","WAGONEER S","BEV",2,
"KMUKCDSC7R",2024,"GENESIS","GV60","BEV",2,
"YV4ER3XK6R",2024,"VOLVO","XC40","BEV",2,
"JTMAAAAA0R",2024,"TOYOTA","BZ4X","BEV",2,
"KMUKEDSB7R",2024,"GENESIS","GV60","BEV",2,
"KMUKEDSB1R",2024,"GENESIS","GV60","BEV",2,
"5NMMCET12R",2024,"GENESIS","GV70","BEV",2,
"WP0BB2Y11R",2024,"PORSCHE","TAYCAN","BEV",2,
"YSMFG3KA1R",2024,"POLESTAR","PS2","BEV",2,
"2C3CDBCK0R",2024,"DODGE","CHARGER","BEV",2,
"3GPKHWRM9R",2024,"HONDA","PROLOGUE","BEV",2,
"1GKB0SDC9R",2024,"GMC","HUMMER EV SUV","BEV",2,
"WP0BA2Y18R",2024,"PORSCHE","TAYCAN","BEV",2,
"2C3CDBDK3R",2024,"DODGE","CHARGER","BEV",2,
"50EA1TEA8R",2024,"LUCID","AIR","BEV",2,
"SADHM2S18R",2024,"JAGUAR","I-PACE","BEV",2,
"4W5KHMRK9R",2024,"ACURA","ZDX","BEV",2,
"3GPKHURMXR",2024,"HONDA","PROLOGUE","BEV",2,
"1GT10BDD1R",2024,"GMC","HUMMER EV PICKUP","BEV",2,
"YV4ER3XM0R",2024,"VOLVO","XC40","BEV",2,
"YV4EH3HL9R",2024,"VOLVO","XC40","BEV",2,
"WP0BA2Y14R",2024,"PORSCHE","TAYCAN","BEV",2,
"3C4RJNAK7R",2024,"JEEP","WAGONEER S","BEV",2,
"YV4ER3GL4R",2024,"VOLVO","C40","BEV",2,
"2C3CDBCK7R",2024,"DODGE","CHARGER","BEV",2,
"3C4RJNAK9R",2024,"JEEP","WAGONEER S","BEV",2,
"2C3CDBDK9R",2024,"DODGE","CHARGER","BEV",2,
"50EA1TEA3R",2024,"LUCID","AIR","BEV",2,
"KMUKCDSCXR",2024,"GENESIS","GV60","BEV",2,
"2C3CDBDK0R",2024,"DODGE","CHARGER","BEV",2,
"YV4ER3XL1R",2024,"VOLVO","XC40","BEV",2,
"YV4ER3XL5R",2024,"VOLVO","XC40","BEV",2,
"WP0BA2Y12R",2024,"PORSCHE","TAYCAN","BEV",2,
"3C6MRWAZ7R",2024,"RAM","PROMASTER 3500","BEV",2,
"1GKB0RDC3R",2024,"GMC","HUMMER EV SUV","BEV",2,
"1V2VRPE88R",2024,"VOLKSWAGEN","ID.4","BEV",2,
"1GT10DDB3R",2024,"GMC","HUMMER EV PICKUP","BEV",2,
"ZFAFFAC49R",2024,"FIAT","500E","BEV",2,
"KMTGE4S13R",2024,"GENESIS","G80","BEV",2,
"YV4EH3HM5R",2024,"VOLVO","XC40","BEV",2,
"2G5ZJ3TYXR",2024,"BRIGHTDROP","ZEVO","BEV",2,
"2C3CDBCK1R",2024,"DODGE","CHARGER","BEV",2,
"1GKB0NDEXR",2024,"GMC","HUMMER EV SUV","BEV",2,
"WP0CD2Y1XR",2024,"PORSCHE","TAYCAN","BEV",2,
"1GKB0NDE9R",2024,"GMC","HUMMER EV SUV","BEV",2,
"2G5ZJ3TZ0R",2024,"BRIGHTDROP","ZEVO","BEV",2,
"WP0CD2Y16R",2024,"PORSCHE","TAYCAN","BEV",2,
"2G5ZJ2TY9R",2024,"BRIGHTDROP","ZEVO","BEV",2,
"YV4ER3XL8R",2024,"VOLVO","XC40","BEV",2,
"1GT10BDD9R",2024,"GMC","HUMMER EV PICKUP","BEV",2,
"1V2CRPE85R",2024,"VOLKSWAGEN","ID.4","BEV",2,
"2G5ZJ3TZ8R",2024,"BRIGHTDROP","ZEVO","BEV",2,
"YV4EH3HL6R",2024,"VOLVO","XC40","BEV",2,
"2G5ZJ3TZXR",2024,"BRIGHTDROP","ZEVO","BEV",2,
"YV4EH3BM0R",2024,"VOLVO","C40","BEV",2,
"RLLV1AFA0R",2024,"VINFAST","VF 8","BEV",2,
"50EA1GBA3R",2024,"LUCID","AIR","BEV",2,
"50EA1GBA4R",2024,"LUCID","AIR","BEV",2,
"2C3CDBCK5R",2024,"DODGE","CHARGER","BEV",2,
"2G5ZJ3TY8R",2024,"BRIGHTDROP","ZEVO","BEV",2,
"YSMFG3KA3R",2024,"POLESTAR","PS2","BEV",2,
"2G5ZJ3TY1R",2024,"BRIGHTDROP","ZEVO","BEV",2,
"WP0AD2Y16R",2024,"PORSCHE","TAYCAN","BEV",2,
"YV4EH3BL5R",2024,"VOLVO","C40","BEV",2,
"JTMAAAAA2R",2024,"TOYOTA","BZ4X","BEV",2,
"YV4EH3HK3R",2024,"VOLVO","XC40","BEV",2,
"YV4ER3XL4R",2024,"VOLVO","XC40","BEV",2,
"1V2VRPE87R",2024,"VOLKSWAGEN","ID.4","BEV",2,
"50EA1PGA7R",2024,"LUCID","AIR","BEV",2,
"2C3CDBDK1R",2024,"DODGE","CHARGER","BEV",2,
"KMTGE4S11R",2024,"GENESIS","G80","BEV",2,
"3C4RJNAK5R",2024,"JEEP","WAGONEER S","BEV",2,
"50EA1PGA9R",2024,"LUCID","AIR","BEV",2,
"YV4ER3XL3R",2024,"VOLVO","XC40","BEV",2,
"1GKB0SDC1R",2024,"GMC","HUMMER EV SUV","BEV",2,
"1V2CRPE88R",2024,"VOLKSWAGEN","ID.4","BEV",2,
"1V2CRPE84R",2024,"VOLKSWAGEN","ID.4","BEV",2,
"YV4EH3HL0R",2024,"VOLVO","XC40","BEV",2,
"3GPKHWRM6R",2024,"HONDA","PROLOGUE","BEV",2,
"YV4EH3BL1R",2024,"VOLVO","C40","BEV",2,
"2C3CDBDK5R",2024,"DODGE","CHARGER","BEV",2,
"JTJABABB1R",2024,"LEXUS","RZ","BEV",2,
"KMUKB4SA9R",2024,"GENESIS","GV60","BEV",2,
"SADHM2S17R",2024,"JAGUAR","I-PACE","BEV",2,
"5NMMCET14R",2024,"GENESIS","GV70","BEV",2,
"1GKB0SDC6R",2024,"GMC","HUMMER EV SUV","BEV",2,
"YV4ER3GM1R",2024,"VOLVO","C40","BEV",2,
"1GKB0SDCXR",2024,"GMC","HUMMER EV SUV","BEV",2,
"WP0AD2Y15R",2024,"PORSCHE","TAYCAN","BEV",2,
"1GT10DDB8R",2024,"GMC","HUMMER EV PICKUP","BEV",2,
"WP0BA2Y10R",2024,"PORSCHE","TAYCAN","BEV",2,
"WP0AD2Y13R",2024,"PORSCHE","TAYCAN","BEV",2,
"YV4ER3XK0R",2024,"VOLVO","XC40","BEV",2,
"KMUKEDSB2R",2024,"GENESIS","GV60","BEV",2,
"WP0AA2Y12R",2024,"PORSCHE","TAYCAN","BEV",2,
"WP0AB2Y19R",2024,"PORSCHE","TAYCAN","BEV",2,
"YV4ER3XM5R",2024,"VOLVO","XC40","BEV",2,
"SCATK2C03R",2024,"ROLLS-ROYCE","SPECTRE","BEV",2,
"KMUKEDSB9R",2024,"GENESIS","GV60","BEV",2,
"50EA1PGA0R",2024,"LUCID","AIR","BEV",2,
"YV4ER3GM8R",2024,"VOLVO","C40","BEV",2,
"YV4ER3GL9R",2024,"VOLVO","C40","BEV",2,
"YV4EH3HM2R",2024,"VOLVO","XC40","BEV",2,
"2G5ZJ2TY5R",2024,"BRIGHTDROP","ZEVO","BEV",2,
"4W5KHMRK1R",2024,"ACURA","ZDX","BEV",2,
"50EA1PGA5R",2024,"LUCID","AIR","BEV",2,
"JTJABABB5R",2024,"LEXUS","RZ","BEV",2,
"3C6MRWAZ2R",2024,"RAM","PROMASTER 3500","BEV",2,
"YV4ER3XK3R",2024,"VOLVO","XC40","BEV",2,
"3C6MRWAZ9R",2024,"RAM","PROMASTER 3500","BEV",2,
"YV4ER3GM9R",2024,"VOLVO","C40","BEV",2,
"1V2VRPE83R",2024,"VOLKSWAGEN","ID.4","BEV",2,
"JTJABABBXR",2024,"LEXUS","RZ","BEV",2,
"2C3CDBDKXR",2024,"DODGE","CHARGER","BEV",2,
"YSMFE3KA4R",2024,"POLESTAR","PS2","BEV",2,
"YV4EH3HM1R",2024,"VOLVO","XC40","BEV",2,
"3GPKHURM7R",2024,"HONDA","PROLOGUE","BEV",2,
"1GKB0SDC7R",2024,"GMC","HUMMER EV SUV","BEV",2,
"WP0AA2Y15R",2024,"PORSCHE","TAYCAN","BEV",2,
"WP0AD2Y19R",2024,"PORSCHE","TAYCAN","BEV",2,
"WP0CD2Y19R",2024,"PORSCHE","TAYCAN","BEV",2,
"YSMFG3KA9R",2024,"POLESTAR","PS2","BEV",2,
"WP0CD2Y17R",2024,"PORSCHE","TAYCAN","BEV",2,
"2C3CDBCK4R",2024,"DODGE","CHARGER","BEV",2,
"YV4EH3HM8R",2024,"VOLVO","XC40","BEV",2,
"SADHM2S19R",2024,"JAGUAR","I-PACE","BEV",2,
"1GKB0SDC5R",2024,"GMC","HUMMER EV SUV","BEV",2,
"WP0BB2Y17R",2024,"PORSCHE","TAYCAN","BEV",2,
"KMUKCDSC9R",2024,"GENESIS","GV60","BEV",2,
"WP0CD2Y12R",2024,"PORSCHE","TAYCAN","BEV",2,
"WP0AC2Y14R",2024,"PORSCHE","TAYCAN","BEV",2,
"1GT10BDD6R",2024,"GMC","HUMMER EV PICKUP","BEV",2,
"3C6MRWAZXR",2024,"RAM","PROMASTER 3500","BEV",2,
"2G5ZJ2TYXR",2024,"BRIGHTDROP","ZEVO","BEV",2,
"JTMAAAAA9R",2024,"TOYOTA","BZ4X","BEV",2,
"1GT10BDD3R",2024,"GMC","HUMMER EV PICKUP","BEV",2,
"YV4EH3BL7R",2024,"VOLVO","C40","BEV",2,
"1V2VRPE8XR",2024,"VOLKSWAGEN","ID.4","BEV",2,
"7TZ111C19R",2024,"MULLEN AUTOMOTIVE INC.","ONE","BEV",2,
"4W5KHMRKXR",2024,"ACURA","ZDX","BEV",2,
"3GPKHWRM8R",2024,"HONDA","PROLOGUE","BEV",2,
"1V2VRPE82R",2024,"VOLKSWAGEN","ID.4","BEV",2,
"50EA1PGA1R",2024,"LUCID","AIR","BEV",2,
"YSMFE3KA0R",2024,"POLESTAR","PS2","BEV",2,
"YV4EH3HL1R",2024,"VOLVO","XC40","BEV",2,
"1V2CRPE83R",2024,"VOLKSWAGEN","ID.4","BEV",2,
"1GT10DDB5R",2024,"GMC","HUMMER EV PICKUP","BEV",2,
"1GT10BDD5R",2024,"GMC","HUMMER EV PICKUP","BEV",2,
"3GPKHURM1R",2024,"HONDA","PROLOGUE","BEV",2,
"3C6MRWAZ8R",2024,"RAM","PROMASTER 3500","BEV",2,
"3C6MRWAZ0R",2024,"RAM","PROMASTER 3500","BEV",2,
"SCATK2C08R",2024,"ROLLS-ROYCE","SPECTRE","BEV",2,
"3C6MRWAZ3R",2024,"RAM","PROMASTER 3500","BEV",2,
"YV4ER3XK8R",2024,"VOLVO","XC40","BEV",2,
"SADHM2S13R",2024,"JAGUAR","I-PACE","BEV",2,
"YV4ER3XKXR",2024,"VOLVO","XC40","BEV",2,
"3C6MRWAZ6R",2024,"RAM","PROMASTER 3500","BEV",2,
"1GT10DDB1R",2024,"GMC","HUMMER EV PICKUP","BEV",2,
"YV4EH3HL3R",2024,"VOLVO","XC40","BEV",2,
"1GT10DDB6R",2024,"GMC","HUMMER EV PICKUP","BEV",2,
"1V2VRPE85R",2024,"VOLKSWAGEN","ID.4","BEV",2,
"ZFAFFAC4XR",2024,"FIAT","500E","BEV",2,
"1GT10BDD0R",2024,"GMC","HUMMER EV PICKUP","BEV",2,
"3C6MRWAZ1R",2024,"RAM","PROMASTER 3500","BEV",2,
"YV4EH3BM5R",2024,"VOLVO","C40","BEV",2,
"WP0AB2Y13R",2024,"PORSCHE","TAYCAN","BEV",2,
"YV4ER3GK7R",2024,"VOLVO","C40","BEV",2,
"WP0BB2Y16R",2024,"PORSCHE","TAYCAN","BEV",2,
"4W5KHMRK7R",2024,"ACURA","ZDX","BEV",2,
"WP0CD2Y10R",2024,"PORSCHE","TAYCAN","BEV",2,
"1GKB0SDC4R",2024,"GMC","HUMMER EV SUV","BEV",2,
"WP0AB2Y16R",2024,"PORSCHE","TAYCAN","BEV",2,
"WP0BB2Y14R",2024,"PORSCHE","TAYCAN","BEV",2,
"50EA1GBAXR",2024,"LUCID","AIR","BEV",2,
"ZFAFFAC41R",2024,"FIAT","500E","BEV",2,
"JN1CF0BB5R",2024,"NISSAN","ARIYA HATCHBACK","BEV",2,
"1N4CZ1CVXR",2024,"NISSAN","LEAF","BEV",2,
"JN1DF0BB8R",2024,"NISSAN","ARIYA HATCHBACK","BEV",2,
"JN1DF0BB3R",2024,"NISSAN","ARIYA HATCHBACK","BEV",2,
"JN1DF0BB5R",2024,"NISSAN","ARIYA HATCHBACK","BEV",2,
"JN1DF0CD9R",2024,"NISSAN","ARIYA HATCHBACK","BEV",2,
"1N4AZ1BV6R",2024,"NISSAN","LEAF","BEV",2,
"JN1DF0BB7R",2024,"NISSAN","ARIYA HATCHBACK","BEV",2,
"1N4CZ1CV6R",2024,"NISSAN","LEAF","BEV",2,
"JN1CF0BB9R",2024,"NISSAN","ARIYA HATCHBACK","BEV",2,
"1N4AZ1BV0R",2024,"NISSAN","LEAF","BEV",2,
"1N4CZ1CV8R",2024,"NISSAN","LEAF","BEV",2,
"JN1DF0BB0R",2024,"NISSAN","ARIYA HATCHBACK","BEV",2,
"JN1BF0BA0R",2024,"NISSAN","ARIYA HATCHBACK","BEV",2,
"JN1BF0BA4R",2024,"NISSAN","ARIYA HATCHBACK","BEV",2,
"1N4AZ1BV7R",2024,"NISSAN","LEAF","BEV",2,
"1N4CZ1CV7R",2024,"NISSAN","LEAF","BEV",2,
"JN1BF0BA5R",2024,"NISSAN","ARIYA HATCHBACK","BEV",2,
"JN1BF0BA3R",2024,"NISSAN","ARIYA HATCHBACK","BEV",2,
"JN1DF0BB2R",2024,"NISSAN","ARIYA HATCHBACK","BEV",2,
"JN1BF0BA1R",2024,"NISSAN","ARIYA HATCHBACK","BEV",2,
"JN1BF0BA7R",2024,"NISSAN","ARIYA HATCHBACK","BEV",2,
"JN1DF0BBXR",2024,"NISSAN","ARIYA HATCHBACK","BEV",2,
"1N4CZ1CV2R",2024,"NISSAN","LEAF","BEV",2,
"JN1AF0BA5R",2024,"NISSAN","ARIYA HATCHBACK","BEV",2,
"1N4AZ1BV1R",2024,"NISSAN","LEAF","BEV",2,
"JN1AF0BA3R",2024,"NISSAN","ARIYA HATCHBACK","BEV",2,
"JN1CF0BB1R",2024,"NISSAN","ARIYA HATCHBACK","BEV",2,
"1N4CZ1CV0R",2024,"NISSAN","LEAF","BEV",2,
"JN1CF0BB0R",2024,"NISSAN","ARIYA HATCHBACK","BEV",2,
"JN1DF0BB9R",2024,"NISSAN","ARIYA HATCHBACK","BEV",2,
"JN1AF0BA4R",2024,"NISSAN","ARIYA HATCHBACK","BEV",2,
"JN1BF0BA9R",2024,"NISSAN","ARIYA HATCHBACK","BEV",2,
"JN1DF0CD5R",2024,"NISSAN","ARIYA HATCHBACK","BEV",2,
"JN1AF0BA9R",2024,"NISSAN","ARIYA HATCHBACK","BEV",2,
"1N4AZ1BVXR",2024,"NISSAN","LEAF","BEV",2,
"JN1BF0BA8R",2024,"NISSAN","ARIYA HATCHBACK","BEV",2,
"1N4AZ1BV8R",2024,"NISSAN","LEAF","BEV",2,
"JN1DF0CD0R",2024,"NISSAN","ARIYA HATCHBACK","BEV",2,
"JN1CF0BB2R",2024,"NISSAN","ARIYA HATCHBACK","BEV",2,
"1N4CZ1CV3R",2024,"NISSAN","LEAF","BEV",2,
"JN1AF0BA8R",2024,"NISSAN","ARIYA HATCHBACK","BEV",2,
"JN1CF0BB4R",2024,"NISSAN","ARIYA HATCHBACK","BEV",2,
"JN1AF0BA6R",2024,"NISSAN","ARIYA HATCHBACK","BEV",2,
"JN1CF0BB6R",2024,"NISSAN","ARIYA HATCHBACK","BEV",2,
"1N4CZ1CV9R",2024,"NISSAN","LEAF","BEV",2,
"JN1DF0CD6R",2024,"NISSAN","ARIYA HATCHBACK","BEV",2,
"JN1DF0BB1R",2024,"NISSAN","ARIYA HATCHBACK","BEV",2,
"JN1DF0CD2R",2024,"NISSAN","ARIYA HATCHBACK","BEV",2,
"JN1CF0BBXR",2024,"NISSAN","ARIYA HATCHBACK","BEV",2,
"JN1BF0BA6R",2024,"NISSAN","ARIYA HATCHBACK","BEV",2,
"1N4CZ1CV1R",2024,"NISSAN","LEAF","BEV",2,
"JN1BF0BAXR",2024,"NISSAN","ARIYA HATCHBACK","BEV",2,
"JN1DF0CD1R",2024,"NISSAN","ARIYA HATCHBACK","BEV",2,
"JN1AF0BAXR",2024,"NISSAN","ARIYA HATCHBACK","BEV",2,
"JN1DF0CD3R",2024,"NISSAN","ARIYA HATCHBACK","BEV",2,
"1N4AZ1BV9R",2024,"NISSAN","LEAF","BEV",2,
"JN1CF0BB8R",2024,"NISSAN","ARIYA HATCHBACK","BEV",2,
"1N4CZ1CV4R",2024,"NISSAN","LEAF","BEV",2,
"JN1DF0BB4R",2024,"NISSAN","ARIYA HATCHBACK","BEV",2,
"JN1DF0BB6R",2024,"NISSAN","ARIYA HATCHBACK","BEV",2,
"1N4AZ1BV4R",2024,"NISSAN","LEAF","BEV",2,
"1N4AZ1BV3R",2024,"NISSAN","LEAF","BEV",2,
"JN1CF0BB7R",2024,"NISSAN","ARIYA HATCHBACK","BEV",2,
"1N4AZ1BV5R",2024,"NISSAN","LEAF","BEV",2,
"JN1BF0AA0R",2024,"NISSAN","ARIYA HATCHBACK","BEV",2,
"JN1BF0BA2R",2024,"NISSAN","ARIYA HATCHBACK","BEV",2,
"JN1CF0BB3R",2024,"NISSAN","ARIYA HATCHBACK","BEV",2,
"JN1AF0BA0R",2024,"NISSAN","ARIYA HATCHBACK","BEV",2,
"JN1DF0CDXR",2024,"NISSAN","ARIYA HATCHBACK","BEV",2,
"JN1AF0BA1R",2024,"NISSAN","ARIYA HATCHBACK","BEV",2,
"JN1AF0BA7R",2024,"NISSAN","ARIYA HATCHBACK","BEV",2,
"1N4AZ1BV2R",2024,"NISSAN","LEAF","BEV",2,
"JN1AF0BA2R",2024,"NISSAN","ARIYA HATCHBACK","BEV",2,
"JN1DF0CD8R",2024,"NISSAN","ARIYA HATCHBACK","BEV",2,
"1N4CZ1CV5R",2024,"NISSAN","LEAF","BEV",2,
"JN1DF0CD7R",2024,"NISSAN","ARIYA HATCHBACK","BEV",2,
"JN1BF0AA3R",2024,"NISSAN","ARIYA HATCHBACK","BEV",2,
"JN1BF0AA6R",2024,"NISSAN","ARIYA HATCHBACK","BEV",2,
"JN1BF0AA9R",2024,"NISSAN","ARIYA HATCHBACK","BEV",2,
"JN1BF0AA2R",2024,"NISSAN","ARIYA HATCHBACK","BEV",2,
"JN1DF0CD4R",2024,"NISSAN","ARIYA HATCHBACK","BEV",2,
"JN1BF0AA1R",2024,"NISSAN","ARIYA HATCHBACK","BEV",2,
"JN1BF0AA8R",2024,"NISSAN","ARIYA HATCHBACK","BEV",2,
"JN1BF0AA4R",2024,"NISSAN","ARIYA HATCHBACK","BEV",2,
"7PDSGCBA6R",2024,"RIVIAN","R1S","BEV",2,
"7PDSGBBA4R",2024,"RIVIAN","R1S","BEV",2,
"7PDSGBBA8R",2024,"RIVIAN","R1S","BEV",2,
"7FCTGBAA1R",2024,"RIVIAN","R1T","BEV",2,
"7PDSGABAXR",2024,"RIVIAN","R1S","BEV",2,
"7PDSGCBAXR",2024,"RIVIAN","R1S","BEV",2,
"7FCTGBAA5R",2024,"RIVIAN","R1T","BEV",2,
"7PDSGCBA5R",2024,"RIVIAN","R1S","BEV",2,
"7PDSGCBA3R",2024,"RIVIAN","R1S","BEV",2,
"7PDSGCBA1R",2024,"RIVIAN","R1S","BEV",2,
"7PDSGBBA9R",2024,"RIVIAN","R1S","BEV",2,
"7PDSGBBA6R",2024,"RIVIAN","R1S","BEV",2,
"7FCTGAAA1R",2024,"RIVIAN","R1T","BEV",2,
"7PDSGCBA7R",2024,"RIVIAN","R1S","BEV",2,
"7PDSGABA7R",2024,"RIVIAN","R1S","BEV",2,
"7PDSGABA1R",2024,"RIVIAN","R1S","BEV",2,
"7PDSGABA2R",2024,"RIVIAN","R1S","BEV",2,
"7FCTGBAAXR",2024,"RIVIAN","R1T","BEV",2,
"7PDSGBBA7R",2024,"RIVIAN","R1S","BEV",2,
"7PDSGABA4R",2024,"RIVIAN","R1S","BEV",2,
"7FCTGBAA8R",2024,"RIVIAN","R1T","BEV",2,
"7PDSGBBA2R",2024,"RIVIAN","R1S","BEV",2,
"7PDSGABA5R",2024,"RIVIAN","R1S","BEV",2,
"7FCTGBAA4R",2024,"RIVIAN","R1T","BEV",2,
"7PDSGABL8R",2024,"RIVIAN","R1S","BEV",2,
"7PDSGABA6R",2024,"RIVIAN","R1S","BEV",2,
"7PDSGABA3R",2024,"RIVIAN","R1S","BEV",2,
"7PDSGABA9R",2024,"RIVIAN","R1S","BEV",2,
"7FCTGBAA0R",2024,"RIVIAN","R1T","BEV",2,
"7FCTGCAA1R",2024,"RIVIAN","R1T","BEV",2,
"7PDSGBBAXR",2024,"RIVIAN","R1S","BEV",2,
"7PDSGCBA9R",2024,"RIVIAN","R1S","BEV",2,
"7FCTGBAA3R",2024,"RIVIAN","R1T","BEV",2,
"7PDSGBBA5R",2024,"RIVIAN","R1S","BEV",2,
"7FCTGCAA9R",2024,"RIVIAN","R1T","BEV",2,
"7PDSGBBA1R",2024,"RIVIAN","R1S","BEV",2,
"7PDSGCBA0R",2024,"RIVIAN","R1S","BEV",2,
"7FCTGBAA2R",2024,"RIVIAN","R1T","BEV",2,
"7PDSGBBA3R",2024,"RIVIAN","R1S","BEV",2,
"7FCTGAAA7R",2024,"RIVIAN","R1T","BEV",2,
"7PDSGBBA0R",2024,"RIVIAN","R1S","BEV",2,
"7FCTGAAL6R",2024,"RIVIAN","R1T","BEV",2,
"7FCTGCAA3R",2024,"RIVIAN","R1T","BEV",2,
"7PDSGABA0R",2024,"RIVIAN","R1S","BEV",2,
"7PDSGABLXR",2024,"RIVIAN","R1S","BEV",2,
"7FCTGBAA6R",2024,"RIVIAN","R1T","BEV",2,
"7FCTGAAA2R",2024,"RIVIAN","R1T","BEV",2,
"7PDSGCBA2R",2024,"RIVIAN","R1S","BEV",2,
"7FCTGBAA9R",2024,"RIVIAN","R1T","BEV",2,
"7PDSGABL6R",2024,"RIVIAN","R1S","BEV",2,
"7PDSGABA8R",2024,"RIVIAN","R1S","BEV",2,
"7FCTGBAA7R",2024,"RIVIAN","R1T","BEV",2,
"7PDSGCBA8R",2024,"RIVIAN","R1S","BEV",2,
"7PDSGABL1R",2024,"RIVIAN","R1S","BEV",2,
"7FCEHEB24R",2024,"RIVIAN","EDV","BEV",2,
"7FCEHEB2XR",2024,"RIVIAN","EDV","BEV",2,
"7FCTGAAA0R",2024,"RIVIAN","R1T","BEV",2,
"7FCEHEB29R",2024,"RIVIAN","EDV","BEV",2,
"7FCEHEB22R",2024,"RIVIAN","EDV","BEV",2,
"7FCEHEB23R",2024,"RIVIAN","EDV","BEV",2,
"7FCTGAAA6R",2024,"RIVIAN","R1T","BEV",2,
"7FCEHEB21R",2024,"RIVIAN","EDV","BEV",2,
"7FCEHEB26R",2024,"RIVIAN","EDV","BEV",2,
"7PDSGCBA4R",2024,"RIVIAN","R1S","BEV",2,
"7FCEHEB28R",2024,"RIVIAN","EDV","BEV",2,
"7FCTGAAA9R",2024,"RIVIAN","R1T","BEV",2,
"7FCTGCAAXR",2024,"RIVIAN","R1T","BEV",2,
"7FCTGAAA3R",2024,"RIVIAN","R1T","BEV",2,
"7FCEHEB25R",2024,"RIVIAN","EDV","BEV",2,
"7FCEHEB20R",2024,"RIVIAN","EDV","BEV",2,
"7FCEHEB27R",2024,"RIVIAN","EDV","BEV",2,
"7FCTGCAA8R",2024,"RIVIAN","R1T","BEV",2,
"7FCTGCAA7R",2024,"RIVIAN","R1T","BEV",2,
"7FCTGCAA4R",2024,"RIVIAN","R1T","BEV",2,
"7FCTGAAA4R",2024,"RIVIAN","R1T","BEV",2,
"7FCTGAAA8R",2024,"RIVIAN","R1T","BEV",2,
"7FCTGCAA6R",2024,"RIVIAN","R1T","BEV",2,
"7FCTGAAAXR",2024,"RIVIAN","R1T","BEV",2,
"7PDSGABL7R",2024,"RIVIAN","R1S","BEV",2,
"7FCDHEB51R",2024,"RIVIAN","RCV","BEV",2,
"7PDSGABL3R",2024,"RIVIAN","R1S","BEV",2,
"7FCTGCAA2R",2024,"RIVIAN","R1T","BEV",2,
"7PDSGABL9R",2024,"RIVIAN","R1S","BEV",2,
"7FCTGCAA5R",2024,"RIVIAN","R1T","BEV",2,
"7PDSGABL2R",2024,"RIVIAN","R1S","BEV",2,
"7PDSGABL5R",2024,"RIVIAN","R1S","BEV",2,
"7FCTGCAA0R",2024,"RIVIAN","R1T","BEV",2,
"7PDSGABL0R",2024,"RIVIAN","R1S","BEV",2,
"7FCTGAAA5R",2024,"RIVIAN","R1T","BEV",2,
"7PDSGABL4R",2024,"RIVIAN","R1S","BEV",2,
"7FCTGAAL4R",2024,"RIVIAN","R1T","BEV",2,
"WBY83FB04R",2024,"BMW","I4","BEV",2,
"WBY33AW01R",2024,"BMW","I4","BEV",2,
"WBY83FB06R",2024,"BMW","I4","BEV",2,
"WB523CF09R",2024,"BMW","IX","BEV",2,
"WB523CF06R",2024,"BMW","IX","BEV",2,
"WBY53EJ09R",2024,"BMW","I7","BEV",2,
"WBY43AW01R",2024,"BMW","I4","BEV",2,
"WBY73AW03R",2024,"BMW","I4","BEV",2,
"WBY33AW09R",2024,"BMW","I4","BEV",2,
"WB523CF08R",2024,"BMW","IX","BEV",2,
"WBY83FB09R",2024,"BMW","I4","BEV",2,
"WBY43FK09R",2024,"BMW","I5","BEV",2,
"WB523CF01R",2024,"BMW","IX","BEV",2,
"WBY83FB01R",2024,"BMW","I4","BEV",2,
"WB523CF05R",2024,"BMW","IX","BEV",2,
"WBY33AW07R",2024,"BMW","I4","BEV",2,
"WB523CF04R",2024,"BMW","IX","BEV",2,
"WB523CF0XR",2024,"BMW","IX","BEV",2,
"WBY73AW06R",2024,"BMW","I4","BEV",2,
"WBY43FK08R",2024,"BMW","I5","BEV",2,
"WB533CF06R",2024,"BMW","IX","BEV",2,
"WB523CF07R",2024,"BMW","IX","BEV",2,
"WBY43FK06R",2024,"BMW","I5","BEV",2,
"WBY73AW02R",2024,"BMW","I4","BEV",2,
"WBY33AW03R",2024,"BMW","I4","BEV",2,
"WBY43AW09R",2024,"BMW","I4","BEV",2,
"WBY83FB07R",2024,"BMW","I4","BEV",2,
"WBY43FK01R",2024,"BMW","I5","BEV",2,
"WB523CF02R",2024,"BMW","IX","BEV",2,
"WBY33AW08R",2024,"BMW","I4","BEV",2,
"WB523CF03R",2024,"BMW","IX","BEV",2,
"WBY43AW02R",2024,"BMW","I4","BEV",2,
"WBY53EJ06R",2024,"BMW","I7","BEV",2,
"WBY73AW04R",2024,"BMW","I4","BEV",2,
"WBY33AW00R",2024,"BMW","I4","BEV",2,
"WBY33AW05R",2024,"BMW","I4","BEV",2,
"WBY33AW06R",2024,"BMW","I4","BEV",2,
"WBY33AW02R",2024,"BMW","I4","BEV",2,
"WBY33FK02R",2024,"BMW","I5","BEV",2,
"WB533CF0XR",2024,"BMW","IX","BEV",2,
"WBY43AW03R",2024,"BMW","I4","BEV",2,
"WBY33AW0XR",2024,"BMW","I4","BEV",2,
"WBY33FK01R",2024,"BMW","I5","BEV",2,
"WBY73AW05R",2024,"BMW","I4","BEV",2,
"WBY83FB00R",2024,"BMW","I4","BEV",2,
"WBY83FB03R",2024,"BMW","I4","BEV",2,
"WBY83FB02R",2024,"BMW","I4","BEV",2,
"WBY83EH0XR",2024,"BMW","I7","BEV",2,
"WBY33FK06R",2024,"BMW","I5","BEV",2,
"WBY53EJ0XR",2024,"BMW","I7","BEV",2,
"WBY43FK0XR",2024,"BMW","I5","BEV",2,
"WBY43AW00R",2024,"BMW","I4","BEV",2,
"WBY43AW0XR",2024,"BMW","I4","BEV",2,
"WBY33FK08R",2024,"BMW","I5","BEV",2,
"WBY43FK03R",2024,"BMW","I5","BEV",2,
"WBY33AW04R",2024,"BMW","I4","BEV",2,
"WBY73AW07R",2024,"BMW","I4","BEV",2,
"WB523CF00R",2024,"BMW","IX","BEV",2,
"WBY43FK04R",2024,"BMW","I5","BEV",2,
"WBY43FK02R",2024,"BMW","I5","BEV",2,
"WBY43AW05R",2024,"BMW","I4","BEV",2,
"WBY83FB0XR",2024,"BMW","I4","BEV",2,
"WBY33FK00R",2024,"BMW","I5","BEV",2,
"WBY53EJ00R",2024,"BMW","I7","BEV",2,
"WBY73AW0XR",2024,"BMW","I4","BEV",2,
"WBY33FK07R",2024,"BMW","I5","BEV",2,
"WBY43AW06R",2024,"BMW","I4","BEV",2,
"WBY33FK03R",2024,"BMW","I5","BEV",2,
"WBY43FK07R",2024,"BMW","I5","BEV",2,
"WBY83FB05R",2024,"BMW","I4","BEV",2,
"WBY43AW07R",2024,"BMW","I4","BEV",2,
"WBY33FK05R",2024,"BMW","I5","BEV",2,
"WBY73AW00R",2024,"BMW","I4","BEV",2,
"WBY53EJ01R",2024,"BMW","I7","BEV",2,
"WBY33FK09R",2024,"BMW","I5","BEV",2,
"WBY43AW04R",2024,"BMW","I4","BEV",2,
"WB533CF02R",2024,"BMW","IX","BEV",2,
"WBY73AW08R",2024,"BMW","I4","BEV",2,
"WBY53EJ03R",2024,"BMW","I7","BEV",2,
"WBY73AW01R",2024,"BMW","I4","BEV",2,
"WBY53EJ04R",2024,"BMW","I7","BEV",2,
"WBY83FB08R",2024,"BMW","I4","BEV",2,
"WBY43FK05R",2024,"BMW","I5","BEV",2,
"WBY53EJ02R",2024,"BMW","I7","BEV",2,
"WB533CF09R",2024,"BMW","IX","BEV",2,
"WBY53EJ08R",2024,"BMW","I7","BEV",2,
"WBY43AW08R",2024,"BMW","I4","BEV",2,
"WB533CF03R",2024,"BMW","IX","BEV",2,
"WBY43FK00R",2024,"BMW","I5","BEV",2,
"WB533CF04R",2024,"BMW","IX","BEV",2,
"WB533CF00R",2024,"BMW","IX","BEV",2,
"WB533CF05R",2024,"BMW","IX","BEV",2,
"WB533CF07R",2024,"BMW","IX","BEV",2,
"WBY73AW09R",2024,"BMW","I4","BEV",2,
"WBY43EJ07R",2024,"BMW","I7","BEV",2,
"WBY53EJ07R",2024,"BMW","I7","BEV",2,
"WB533CF08R",2024,"BMW","IX","BEV",2,
"WBY33FK04R",2024,"BMW","I5","BEV",2,
"WBY83EH00R",2024,"BMW","I7","BEV",2,
"WBY33FK0XR",2024,"BMW","I5","BEV",2,
"WB533CF01R",2024,"BMW","IX","BEV",2,
"WBY83EH09R",2024,"BMW","I7","BEV",2,
"WBY43EJ0XR",2024,"BMW","I7","BEV",2,
"WBY83EH05R",2024,"BMW","I7","BEV",2,
"WBY53EJ05R",2024,"BMW","I7","BEV",2,
"WBY43EJ02R",2024,"BMW","I7","BEV",2,
"WBY83EH08R",2024,"BMW","I7","BEV",2,
"WBY43EJ06R",2024,"BMW","I7","BEV",2,
"KNDADFS50R",2024,"KIA","EV9","BEV",2,
"KNDCT3L13R",2024,"KIA","NIRO","BEV",2,
"KNDCR3L11R",2024,"KIA","NIRO","BEV",2,
"KNDC4DLC7R",2024,"KIA","EV6","BEV",2,
"KNDAEFS58R",2024,"KIA","EV9","BEV",2,
"KNDC3DLCXR",2024,"KIA","EV6","BEV",2,
"KNDAEFS5XR",2024,"KIA","EV9","BEV",2,
"KNDAEFS52R",2024,"KIA","EV9","BEV",2,
"KNDADFS55R",2024,"KIA","EV9","BEV",2,
"KNDCT3L10R",2024,"KIA","NIRO","BEV",2,
"KNDCR3L19R",2024,"KIA","NIRO","BEV",2,
"KNDADFS52R",2024,"KIA","EV9","BEV",2,
"KNDCR3L10R",2024,"KIA","NIRO","BEV",2,
"KNDAEFS50R",2024,"KIA","EV9","BEV",2,
"KNDAFFS50R",2024,"KIA","EV9","BEV",2,
"KNDC3DLC7R",2024,"KIA","EV6","BEV",2,
"KNDC4DLC2R",2024,"KIA","EV6","BEV",2,
"KNDAFFS52R",2024,"KIA","EV9","BEV",2,
"KNDC3DLC5R",2024,"KIA","EV6","BEV",2,
"KNDC34LA3R",2024,"KIA","EV6","BEV",2,
"KNDC3DLC9R",2024,"KIA","EV6","BEV",2,
"KNDC3DLC8R",2024,"KIA","EV6","BEV",2,
"KNDAFFS56R",2024,"KIA","EV9","BEV",2,
"KNDC3DLC0R",2024,"KIA","EV6","BEV",2,
"KNDC3DLC3R",2024,"KIA","EV6","BEV",2,
"KNDAFFS58R",2024,"KIA","EV9","BEV",2,
"KNDC3DLC6R",2024,"KIA","EV6","BEV",2,
"KNDAEFS57R",2024,"KIA","EV9","BEV",2,
"KNDC4DLC1R",2024,"KIA","EV6","BEV",2,
"KNDC4DLCXR",2024,"KIA","EV6","BEV",2,
"KNDCR3L16R",2024,"KIA","NIRO","BEV",2,
"KNDAEFS54R",2024,"KIA","EV9","BEV",2,
"KNDAB5S15R",2024,"KIA","EV9","BEV",2,
"KNDAEFS56R",2024,"KIA","EV9","BEV",2,
"KNDC34LA2R",2024,"KIA","EV6","BEV",2,
"KNDAFFS54R",2024,"KIA","EV9","BEV",2,
"KNDADFS59R",2024,"KIA","EV9","BEV",2,
"KNDC34LA0R",2024,"KIA","EV6","BEV",2,
"KNDC34LA8R",2024,"KIA","EV6","BEV",2,
"KNDAFFS5XR",2024,"KIA","EV9","BEV",2,
"KNDADFS56R",2024,"KIA","EV9","BEV",2,
"KNDC5DLE2R",2024,"KIA","EV6","BEV",2,
"KNDCR3L1XR",2024,"KIA","NIRO","BEV",2,
"KNDAEFS59R",2024,"KIA","EV9","BEV",2,
"KNDC3DLC4R",2024,"KIA","EV6","BEV",2,
"KNDC4DLC3R",2024,"KIA","EV6","BEV",2,
"KNDADFS53R",2024,"KIA","EV9","BEV",2,
"KNDAEFS51R",2024,"KIA","EV9","BEV",2,
"KNDC4DLC6R",2024,"KIA","EV6","BEV",2,
"KNDC4DLC8R",2024,"KIA","EV6","BEV",2,
"KNDC34LA9R",2024,"KIA","EV6","BEV",2,
"KNDCR3L15R",2024,"KIA","NIRO","BEV",2,
"KNDADFS54R",2024,"KIA","EV9","BEV",2,
"KNDC3DLC2R",2024,"KIA","EV6","BEV",2,
"KNDAFFS59R",2024,"KIA","EV9","BEV",2,
"KNDC34LA5R",2024,"KIA","EV6","BEV",2,
"KNDAEFS53R",2024,"KIA","EV9","BEV",2,
"KNDCT3L16R",2024,"KIA","NIRO","BEV",2,
"KNDAFFS51R",2024,"KIA","EV9","BEV",2,
"KNDC34LA7R",2024,"KIA","EV6","BEV",2,
"KNDC34LB8R",2024,"KIA","EV6","BEV",2,
"KNDC5DLE6R",2024,"KIA","EV6","BEV",2,
"KNDCR3L18R",2024,"KIA","NIRO","BEV",2,
"KNDAFFS55R",2024,"KIA","EV9","BEV",2,
"KNDAFFS57R",2024,"KIA","EV9","BEV",2,
"KNDCT3L15R",2024,"KIA","NIRO","BEV",2,
"KNDC34LB4R",2024,"KIA","EV6","BEV",2,
"KNDAEFS55R",2024,"KIA","EV9","BEV",2,
"KNDCT3L19R",2024,"KIA","NIRO","BEV",2,
"KNDC34LA6R",2024,"KIA","EV6","BEV",2,
"KNDCT3L12R",2024,"KIA","NIRO","BEV",2,
"KNDAB5S14R",2024,"KIA","EV9","BEV",2,
"KNDCT3L1XR",2024,"KIA","NIRO","BEV",2,
"KNDC3DLC1R",2024,"KIA","EV6","BEV",2,
"KNDCR3L12R",2024,"KIA","NIRO","BEV",2,
"KNDADFS57R",2024,"KIA","EV9","BEV",2,
"KNDC44LA2R",2024,"KIA","EV6","BEV",2,
"KNDC4DLC9R",2024,"KIA","EV6","BEV",2,
"KNDC34LA1R",2024,"KIA","EV6","BEV",2,
"KNDCR3L13R",2024,"KIA","NIRO","BEV",2,
"KNDC4DLC5R",2024,"KIA","EV6","BEV",2,
"KNDCR3L14R",2024,"KIA","NIRO","BEV",2,
"KNDAFFS53R",2024,"KIA","EV9","BEV",2,
"KNDAB5S12R",2024,"KIA","EV9","BEV",2,
"KNDC5DLE1R",2024,"KIA","EV6","BEV",2,
"KNDAA5S28R",2024,"KIA","EV9","BEV",2,
"KNDCT3L11R",2024,"KIA","NIRO","BEV",2,
"KNDC5DLE8R",2024,"KIA","EV6","BEV",2,
"KNDAB5S10R",2024,"KIA","EV9","BEV",2,
"KNDC4DLC0R",2024,"KIA","EV6","BEV",2,
"KNDCT3L14R",2024,"KIA","NIRO","BEV",2,
"KNDAB5S17R",2024,"KIA","EV9","BEV",2,
"KNDADFS51R",2024,"KIA","EV9","BEV",2,
"KNDCR3L17R",2024,"KIA","NIRO","BEV",2,
"KNDAB5S18R",2024,"KIA","EV9","BEV",2,
"KNDADFS5XR",2024,"KIA","EV9","BEV",2,
"KNDAA5S26R",2024,"KIA","EV9","BEV",2,
"KNDC34LB5R",2024,"KIA","EV6","BEV",2,
"KNDADFS58R",2024,"KIA","EV9","BEV",2,
"KNDC4DLC4R",2024,"KIA","EV6","BEV",2,
"KNDC5DLE0R",2024,"KIA","EV6","BEV",2,
"KNDC34LB0R",2024,"KIA","EV6","BEV",2,
"KNDC34LA4R",2024,"KIA","EV6","BEV",2,
"KNDCT3L17R",2024,"KIA","NIRO","BEV",2,
"KNDAB5S19R",2024,"KIA","EV9","BEV",2,
"KNDC44LA8R",2024,"KIA","EV6","BEV",2,
"KNDC34LAXR",2024,"KIA","EV6","BEV",2,
"KNDAA5S22R",2024,"KIA","EV9","BEV",2,
"KNDAB5S16R",2024,"KIA","EV9","BEV",2,
"KNDC34LB7R",2024,"KIA","EV6","BEV",2,
"KNDAA5S24R",2024,"KIA","EV9","BEV",2,
"KNDAA5S20R",2024,"KIA","EV9","BEV",2,
"KNDC34LB9R",2024,"KIA","EV6","BEV",2,
"KNDAB5S11R",2024,"KIA","EV9","BEV",2,
"KNDC5DLE5R",2024,"KIA","EV6","BEV",2,
"KNDC44LA0R",2024,"KIA","EV6","BEV",2,
"KNDC5DLE4R",2024,"KIA","EV6","BEV",2,
"KNDAA5S23R",2024,"KIA","EV9","BEV",2,
"KNDC44LA5R",2024,"KIA","EV6","BEV",2,
"KNDC44LA3R",2024,"KIA","EV6","BEV",2,
"KNDC5DLE3R",2024,"KIA","EV6","BEV",2,
"KNDCT3L18R",2024,"KIA","NIRO","BEV",2,
"KNDC34LB1R",2024,"KIA","EV6","BEV",2,
"KNDC5DLEXR",2024,"KIA","EV6","BEV",2,
"KNDAA5S29R",2024,"KIA","EV9","BEV",2,
"KNDAB5S1XR",2024,"KIA","EV9","BEV",2,
"KNDAA5S2XR",2024,"KIA","EV9","BEV",2,
"KNDC34LB6R",2024,"KIA","EV6","BEV",2,
"KNDC44LAXR",2024,"KIA","EV6","BEV",2,
"KNDC34LBXR",2024,"KIA","EV6","BEV",2,
"KNDC44LA7R",2024,"KIA","EV6","BEV",2,
"KNDC5DLE9R",2024,"KIA","EV6","BEV",2,
"KNDC44LA6R",2024,"KIA","EV6","BEV",2,
"KNDAB5S13R",2024,"KIA","EV9","BEV",2,
"KNDC34LB2R",2024,"KIA","EV6","BEV",2,
"KNDAA5S25R",2024,"KIA","EV9","BEV",2,
"KNDC44LA9R",2024,"KIA","EV6","BEV",2,
"W1KEG1CB5R",2024,"MERCEDES-BENZ","EQE-CLASS SEDAN","BEV",2,
"W1KCG4EB9R",2024,"MERCEDES-BENZ","EQS-CLASS SEDAN","BEV",2,
"W1N9M0KB0R",2024,"MERCEDES-BENZ","EQB-CLASS","BEV",2,
"W1KCG4EBXR",2024,"MERCEDES-BENZ","EQS-CLASS SEDAN","BEV",2,
"4JGGM5DB7R",2024,"MERCEDES-BENZ","EQE-CLASS SUV","BEV",2,
"4JGGM1CB5R",2024,"MERCEDES-BENZ","EQE-CLASS SUV","BEV",2,
"4JGGM5DB3R",2024,"MERCEDES-BENZ","EQE-CLASS SUV","BEV",2,
"W1N9M0KB4R",2024,"MERCEDES-BENZ","EQB-CLASS","BEV",2,
"W1N9M0CBXR",2024,"MERCEDES-BENZ","EQB-CLASS","BEV",2,
"W1KEG1CB4R",2024,"MERCEDES-BENZ","EQE-CLASS SEDAN","BEV",2,
"W1Y4UCHY3R",2024,"MERCEDES-BENZ","ESPRINTER","BEV",2,
"4JGDM2EB1R",2024,"MERCEDES-BENZ","EQS-CLASS SUV","BEV",2,
"4JGGM1CB4R",2024,"MERCEDES-BENZ","EQE-CLASS SUV","BEV",2,
"W1N9M0KB7R",2024,"MERCEDES-BENZ","EQB-CLASS","BEV",2,
"W1Y4VCHY7R",2024,"MERCEDES-BENZ","ESPRINTER","BEV",2,
"4JGDM2EB9R",2024,"MERCEDES-BENZ","EQS-CLASS SUV","BEV",2,
"W1KCG2EBXR",2024,"MERCEDES-BENZ","EQS-CLASS SEDAN","BEV",2,
"W1N9M0KB6R",2024,"MERCEDES-BENZ","EQB-CLASS","BEV",2,
"4JGGM1CB8R",2024,"MERCEDES-BENZ","EQE-CLASS SUV","BEV",2,
"W1Y4VCHY9R",2024,"MERCEDES-BENZ","ESPRINTER","BEV",2,
"W1N9M0KBXR",2024,"MERCEDES-BENZ","EQB-CLASS","BEV",2,
"4JGGM1CB7R",2024,"MERCEDES-BENZ","EQE-CLASS SUV","BEV",2,
"4JGGM5DBXR",2024,"MERCEDES-BENZ","EQE-CLASS SUV","BEV",2,
"W1Y4VCHY8R",2024,"MERCEDES-BENZ","ESPRINTER","BEV",2,
"4JGDM4EB6R",2024,"MERCEDES-BENZ","EQS-CLASS SUV","BEV",2,
"W1KCG2EB9R",2024,"MERCEDES-BENZ","EQS-CLASS SEDAN","BEV",2,
"4JGGM5DB0R",2024,"MERCEDES-BENZ","EQE-CLASS SUV","BEV",2,
"W1N9M1DB2R",2024,"MERCEDES-BENZ","EQB-CLASS","BEV",2,
"4JGGM1CB0R",2024,"MERCEDES-BENZ","EQE-CLASS SUV","BEV",2,
"4JGDM2EB7R",2024,"MERCEDES-BENZ","EQS-CLASS SUV","BEV",2,
"W1N9M0CB8R",2024,"MERCEDES-BENZ","EQB-CLASS","BEV",2,
"W1N9M0KB5R",2024,"MERCEDES-BENZ","EQB-CLASS","BEV",2,
"4JGDM2DB3R",2024,"MERCEDES-BENZ","EQS-CLASS SUV","BEV",2,
"4JGGM5DB9R",2024,"MERCEDES-BENZ","EQE-CLASS SUV","BEV",2,
"4JGGM1CB9R",2024,"MERCEDES-BENZ","EQE-CLASS SUV","BEV",2,
"W1N9M0CB6R",2024,"MERCEDES-BENZ","EQB-CLASS","BEV",2,
"W1N9M0KB8R",2024,"MERCEDES-BENZ","EQB-CLASS","BEV",2,
"W1KEG2CB8R",2024,"MERCEDES-BENZ","EQE-CLASS SEDAN","BEV",2,
"W1KCG2EB7R",2024,"MERCEDES-BENZ","EQS-CLASS SEDAN","BEV",2,
"W1KEG1CB7R",2024,"MERCEDES-BENZ","EQE-CLASS SEDAN","BEV",2,
"W1N9M0KB2R",2024,"MERCEDES-BENZ","EQB-CLASS","BEV",2,
"4JGGM5DB2R",2024,"MERCEDES-BENZ","EQE-CLASS SUV","BEV",2,
"W1KEG1CB2R",2024,"MERCEDES-BENZ","EQE-CLASS SEDAN","BEV",2,
"4JGGM2BB1R",2024,"MERCEDES-BENZ","EQE-CLASS SUV","BEV",2,
"W1Y4UCHYXR",2024,"MERCEDES-BENZ","ESPRINTER","BEV",2,
"4JGGM1CBXR",2024,"MERCEDES-BENZ","EQE-CLASS SUV","BEV",2,
"W1KEG1CB1R",2024,"MERCEDES-BENZ","EQE-CLASS SEDAN","BEV",2,
"W1KCG2EB8R",2024,"MERCEDES-BENZ","EQS-CLASS SEDAN","BEV",2,
"4JGGM1CB1R",2024,"MERCEDES-BENZ","EQE-CLASS SUV","BEV",2,
"W1N9M0CB1R",2024,"MERCEDES-BENZ","EQB-CLASS","BEV",2,
"W1KCG2EB6R",2024,"MERCEDES-BENZ","EQS-CLASS SEDAN","BEV",2,
"W1KEG1CB6R",2024,"MERCEDES-BENZ","EQE-CLASS SEDAN","BEV",2,
"W1N9M0CB2R",2024,"MERCEDES-BENZ","EQB-CLASS","BEV",2,
"W1N9M0CB3R",2024,"MERCEDES-BENZ","EQB-CLASS","BEV",2,
"W1N9M0KB1R",2024,"MERCEDES-BENZ","EQB-CLASS","BEV",2,
"W1Y4UCHY2R",2024,"MERCEDES-BENZ","ESPRINTER","BEV",2,
"4JGGM1CB3R",2024,"MERCEDES-BENZ","EQE-CLASS SUV","BEV",2,
"W1KCG4EB8R",2024,"MERCEDES-BENZ","EQS-CLASS SEDAN","BEV",2,
"W1N9M0KB3R",2024,"MERCEDES-BENZ","EQB-CLASS","BEV",2,
"4JGGM5DB8R",2024,"MERCEDES-BENZ","EQE-CLASS SUV","BEV",2,
"4JGDM2EB5R",2024,"MERCEDES-BENZ","EQS-CLASS SUV","BEV",2,
"4JGDX5FB0R",2024,"MERCEDES-BENZ","EQS-CLASS SUV","BEV",2,
"4JGDM4EB1R",2024,"MERCEDES-BENZ","EQS-CLASS SUV","BEV",2,
"W1N9M1DB6R",2024,"MERCEDES-BENZ","EQB-CLASS","BEV",2,
"W1KEG1CBXR",2024,"MERCEDES-BENZ","EQE-CLASS SEDAN","BEV",2,
"W1Y4UCHY0R",2024,"MERCEDES-BENZ","ESPRINTER","BEV",2,
"W1N9M0CB4R",2024,"MERCEDES-BENZ","EQB-CLASS","BEV",2,
"4JGDX5FB2R",2024,"MERCEDES-BENZ","EQS-CLASS SUV","BEV",2,
"4JGGM1CB2R",2024,"MERCEDES-BENZ","EQE-CLASS SUV","BEV",2,
"W1Y4UCHY5R",2024,"MERCEDES-BENZ","ESPRINTER","BEV",2,
"4JGGM2BB3R",2024,"MERCEDES-BENZ","EQE-CLASS SUV","BEV",2,
"4JGDM2EB8R",2024,"MERCEDES-BENZ","EQS-CLASS SUV","BEV",2,
"W1KEG2CB0R",2024,"MERCEDES-BENZ","EQE-CLASS SEDAN","BEV",2,
"W1KCG2EB2R",2024,"MERCEDES-BENZ","EQS-CLASS SEDAN","BEV",2,
"W1KCG2DB2R",2024,"MERCEDES-BENZ","EQS-CLASS SEDAN","BEV",2,
"4JGDM2EB4R",2024,"MERCEDES-BENZ","EQS-CLASS SUV","BEV",2,
"W1N9M0CB0R",2024,"MERCEDES-BENZ","EQB-CLASS","BEV",2,
"W1KCG2EB1R",2024,"MERCEDES-BENZ","EQS-CLASS SEDAN","BEV",2,
"4JGDX5FB4R",2024,"MERCEDES-BENZ","EQS-CLASS SUV","BEV",2,
"4JGDM2EB0R",2024,"MERCEDES-BENZ","EQS-CLASS SUV","BEV",2,
"4JGDM2EBXR",2024,"MERCEDES-BENZ","EQS-CLASS SUV","BEV",2,
"W1Y4UCHY9R",2024,"MERCEDES-BENZ","ESPRINTER","BEV",2,
"W1KEG5DB0R",2024,"MERCEDES-BENZ","EQE-CLASS SEDAN","BEV",2,
"4JGGM5DB4R",2024,"MERCEDES-BENZ","EQE-CLASS SUV","BEV",2,
"W1KEG5DBXR",2024,"MERCEDES-BENZ","EQE-CLASS SEDAN","BEV",2,
"W1KEG1CB3R",2024,"MERCEDES-BENZ","EQE-CLASS SEDAN","BEV",2,
"4JGGM2CB8R",2024,"MERCEDES-BENZ","EQE-CLASS SUV","BEV",2,
"W1KCG5FB8R",2024,"MERCEDES-BENZ","EQS-CLASS SEDAN","BEV",2,
"W1KCG2EB3R",2024,"MERCEDES-BENZ","EQS-CLASS SEDAN","BEV",2,
"W1N9M0CB9R",2024,"MERCEDES-BENZ","EQB-CLASS","BEV",2,
"W1N9M0KB9R",2024,"MERCEDES-BENZ","EQB-CLASS","BEV",2,
"W1N9M0CB5R",2024,"MERCEDES-BENZ","EQB-CLASS","BEV",2,
"W1KEG1CB0R",2024,"MERCEDES-BENZ","EQE-CLASS SEDAN","BEV",2,
"W1KCG4EB7R",2024,"MERCEDES-BENZ","EQS-CLASS SEDAN","BEV",2,
"W1Y4VCHY1R",2024,"MERCEDES-BENZ","ESPRINTER","BEV",2,
"W1KCG2EB4R",2024,"MERCEDES-BENZ","EQS-CLASS SEDAN","BEV",2,
"W1Y4VCHY2R",2024,"MERCEDES-BENZ","ESPRINTER","BEV",2,
"W1Y4VCHY6R",2024,"MERCEDES-BENZ","ESPRINTER","BEV",2,
"W1N9M0CB7R",2024,"MERCEDES-BENZ","EQB-CLASS","BEV",2,
"4JGDM2EB3R",2024,"MERCEDES-BENZ","EQS-CLASS SUV","BEV",2,
"W1KCG2EB5R",2024,"MERCEDES-BENZ","EQS-CLASS SEDAN","BEV",2,
"W1N9M1DB7R",2024,"MERCEDES-BENZ","EQB-CLASS","BEV",2,
"4JGGM1CB6R",2024,"MERCEDES-BENZ","EQE-CLASS SUV","BEV",2,
"4JGDM2EB2R",2024,"MERCEDES-BENZ","EQS-CLASS SUV","BEV",2,
"W1KEG1CB8R",2024,"MERCEDES-BENZ","EQE-CLASS SEDAN","BEV",2,
"4JGDM2EB6R",2024,"MERCEDES-BENZ","EQS-CLASS SUV","BEV",2,
"W1KCG5FB9R",2024,"MERCEDES-BENZ","EQS-CLASS SEDAN","BEV",2,
"W1N9M1DB5R",2024,"MERCEDES-BENZ","EQB-CLASS","BEV",2,
"W1KEG5DB5R",2024,"MERCEDES-BENZ","EQE-CLASS SEDAN","BEV",2,
"4JGGM2CB0R",2024,"MERCEDES-BENZ","EQE-CLASS SUV","BEV",2,
"W1KCG5FB1R",2024,"MERCEDES-BENZ","EQS-CLASS SEDAN","BEV",2,
"4JGGM2CB2R",2024,"MERCEDES-BENZ","EQE-CLASS SUV","BEV",2,
"W1KEG1CB9R",2024,"MERCEDES-BENZ","EQE-CLASS SEDAN","BEV",2,
"W1N9M1DB8R",2024,"MERCEDES-BENZ","EQB-CLASS","BEV",2,
"4JGDX5FB6R",2024,"MERCEDES-BENZ","EQS-CLASS SUV","BEV",2,
"W1KCG4EB4R",2024,"MERCEDES-BENZ","EQS-CLASS SEDAN","BEV",2,
"W1KCG5FB2R",2024,"MERCEDES-BENZ","EQS-CLASS SEDAN","BEV",2,
"W1KCG4EB0R",2024,"MERCEDES-BENZ","EQS-CLASS SEDAN","BEV",2,
"W1KCG5FB0R",2024,"MERCEDES-BENZ","EQS-CLASS SEDAN","BEV",2,
"4JGGM5DB6R",2024,"MERCEDES-BENZ","EQE-CLASS SUV","BEV",2,
"W1Y4VCHY5R",2024,"MERCEDES-BENZ","ESPRINTER","BEV",2,
"W1Y4UCHY4R",2024,"MERCEDES-BENZ","ESPRINTER","BEV",2,
"W1KCG4EB1R",2024,"MERCEDES-BENZ","EQS-CLASS SEDAN","BEV",2,
"W1KEG2CB6R",2024,"MERCEDES-BENZ","EQE-CLASS SEDAN","BEV",2,
"W1Y4VCHYXR",2024,"MERCEDES-BENZ","ESPRINTER","BEV",2,
"4JGDX5FB1R",2024,"MERCEDES-BENZ","EQS-CLASS SUV","BEV",2,
"4JGDM2DB2R",2024,"MERCEDES-BENZ","EQS-CLASS SUV","BEV",2,
"4JGGM5DB1R",2024,"MERCEDES-BENZ","EQE-CLASS SUV","BEV",2,
"W1Y4UCHY6R",2024,"MERCEDES-BENZ","ESPRINTER","BEV",2,
"W1KCG5FB4R",2024,"MERCEDES-BENZ","EQS-CLASS SEDAN","BEV",2,
"4JGGM5DB5R",2024,"MERCEDES-BENZ","EQE-CLASS SUV","BEV",2,
"W1KCG5FBXR",2024,"MERCEDES-BENZ","EQS-CLASS SEDAN","BEV",2,
"4JGGM2BB6R",2024,"MERCEDES-BENZ","EQE-CLASS SUV","BEV",2,
"W1KEG2BB6R",2024,"MERCEDES-BENZ","EQE-CLASS SEDAN","BEV",2,
"W1KCG2EB0R",2024,"MERCEDES-BENZ","EQS-CLASS SEDAN","BEV",2,
"W1Y4UCHY1R",2024,"MERCEDES-BENZ","ESPRINTER","BEV",2,
"4JGDM2DB4R",2024,"MERCEDES-BENZ","EQS-CLASS SUV","BEV",2,
"W1KCG4EB5R",2024,"MERCEDES-BENZ","EQS-CLASS SEDAN","BEV",2,
"W1N9M1DBXR",2024,"MERCEDES-BENZ","EQB-CLASS","BEV",2,
"3GNKDBRJ1R",2024,"CHEVROLET","BLAZER","BEV",2,
"1GC10UEDXR",2024,"CHEVROLET","SILVERADO","BEV",2,
"3GNKDCRJXR",2024,"CHEVROLET","BLAZER","BEV",2,
"3GNKDCRJ1R",2024,"CHEVROLET","BLAZER","BEV",2,
"3GNKDBRJ3R",2024,"CHEVROLET","BLAZER","BEV",2,
"1GC10VEL2R",2024,"CHEVROLET","SILVERADO","BEV",2,
"3GNKDBRJ0R",2024,"CHEVROLET","BLAZER","BEV",2,
"3GNKDCRJ8R",2024,"CHEVROLET","BLAZER","BEV",2,
"3GNKDCRJ6R",2024,"CHEVROLET","BLAZER","BEV",2,
"3GNKDBRJ8R",2024,"CHEVROLET","BLAZER","BEV",2,
"1GC10UED4R",2024,"CHEVROLET","SILVERADO","BEV",2,
"3GNKDCRJ3R",2024,"CHEVROLET","BLAZER","BEV",2,
"1GC10UED8R",2024,"CHEVROLET","SILVERADO","BEV",2,
"1GC10UED6R",2024,"CHEVROLET","SILVERADO","BEV",2,
"3GNKDBRJ6R",2024,"CHEVROLET","BLAZER","BEV",2,
"3GNKDBRJ4R",2024,"CHEVROLET","BLAZER","BEV",2,
"1GC10UED9R",2024,"CHEVROLET","SILVERADO","BEV",2,
"1GC10VEL6R",2024,"CHEVROLET","SILVERADO","BEV",2,
"1GC10VELXR",2024,"CHEVROLET","SILVERADO","BEV",2,
"1GC10VEL7R",2024,"CHEVROLET","SILVERADO","BEV",2,
"3GNKDCRJ2R",2024,"CHEVROLET","BLAZER","BEV",2,
"3GNKDCRJ5R",2024,"CHEVROLET","BLAZER","BEV",2,
"3GNKDBRJ5R",2024,"CHEVROLET","BLAZER","BEV",2,
"3GNKDHRK8R",2024,"CHEVROLET","BLAZER","BEV",2,
"1GC10VEL3R",2024,"CHEVROLET","SILVERADO","BEV",2,
"3GNKDCRJ9R",2024,"CHEVROLET","BLAZER","BEV",2,
"3GNKDBRJXR",2024,"CHEVROLET","BLAZER","BEV",2,
"3GNKDCRJ7R",2024,"CHEVROLET","BLAZER","BEV",2,
"1GC10VEL4R",2024,"CHEVROLET","SILVERADO","BEV",2,
"1GC10VEL0R",2024,"CHEVROLET","SILVERADO","BEV",2,
"1GC10VEL5R",2024,"CHEVROLET","SILVERADO","BEV",2,
"1GC10UED3R",2024,"CHEVROLET","SILVERADO","BEV",2,
"1GC10UED5R",2024,"CHEVROLET","SILVERADO","BEV",2,
"3GNKDHRKXR",2024,"CHEVROLET","BLAZER","BEV",2,
"3GNKDBRJ7R",2024,"CHEVROLET","BLAZER","BEV",2,
"3GNKDBRJ2R",2024,"CHEVROLET","BLAZER","BEV",2,
"3GNKDCRJ0R",2024,"CHEVROLET","BLAZER","BEV",2,
"1GC10UED0R",2024,"CHEVROLET","SILVERADO","BEV",2,
"3GNKDCRJ4R",2024,"CHEVROLET","BLAZER","BEV",2,
"1GC10VEL8R",2024,"CHEVROLET","SILVERADO","BEV",2,
"1GC10VEL9R",2024,"CHEVROLET","SILVERADO","BEV",2,
"3GNKDFRL1R",2024,"CHEVROLET","BLAZER","BEV",2,
"3GNKDHRK7R",2024,"CHEVROLET","BLAZER","BEV",2,
"3GNKDBRJ9R",2024,"CHEVROLET","BLAZER","BEV",2,
"3GNKDFRL5R",2024,"CHEVROLET","BLAZER","BEV",2,
"1GC10VEL1R",2024,"CHEVROLET","SILVERADO","BEV",2,
"1GC10UED1R",2024,"CHEVROLET","SILVERADO","BEV",2,
"1GC10UED7R",2024,"CHEVROLET","SILVERADO","BEV",2,
"3GNKDFRL9R",2024,"CHEVROLET","BLAZER","BEV",2,
"3GNKDFRL7R",2024,"CHEVROLET","BLAZER","BEV",2,
"3GNKDHRK4R",2024,"CHEVROLET","BLAZER","BEV",2,
"1GC10UED2R",2024,"CHEVROLET","SILVERADO","BEV",2,
"3GNKDHRK6R",2024,"CHEVROLET","BLAZER","BEV",2,
"3GNKDFRLXR",2024,"CHEVROLET","BLAZER","BEV",2,
"3GNKDHRK9R",2024,"CHEVROLET","BLAZER","BEV",2,
"3GNKDHRK5R",2024,"CHEVROLET","BLAZER","BEV",2,
"3GNKDHRK2R",2024,"CHEVROLET","BLAZER","BEV",2,
"3GNKDHRK1R",2024,"CHEVROLET","BLAZER","BEV",2,
"3GNKDFRL0R",2024,"CHEVROLET","BLAZER","BEV",2,
"3GNKDFRL6R",2024,"CHEVROLET","BLAZER","BEV",2,
"3GNKDHRK0R",2024,"CHEVROLET","BLAZER","BEV",2,
"3GNKDHRK3R",2024,"CHEVROLET","BLAZER","BEV",2,
"3GNKDFRL8R",2024,"CHEVROLET","BLAZER","BEV",2,
"3GNKDFRL3R",2024,"CHEVROLET","BLAZER","BEV",2,
"3GNKDFRL2R",2024,"CHEVROLET","BLAZER","BEV",2,
"3GN7DLRR3R",2024,"CHEVROLET","EQUINOX","BEV",2,
"3GN7DLRP0R",2024,"CHEVROLET","EQUINOX","BEV",2,
"3GN7DLRR1R",2024,"CHEVROLET","EQUINOX","BEV",2,
"3GN7DLRR4R",2024,"CHEVROLET","EQUINOX","BEV",2,
"3GN7DLRR8R",2024,"CHEVROLET","EQUINOX","BEV",2,
"3GN7DLRR7R",2024,"CHEVROLET","EQUINOX","BEV",2,
"3GN7DRRR6R",2024,"CHEVROLET","EQUINOX","BEV",2,
"3GN7DPRR6R",2024,"CHEVROLET","EQUINOX","BEV",2,
"3GN7DLRP2R",2024,"CHEVROLET","EQUINOX","BEV",2,
"3GN7DLRR0R",2024,"CHEVROLET","EQUINOX","BEV",2,
"3GN7DLRR2R",2024,"CHEVROLET","EQUINOX","BEV",2,
"3GN7DLRPXR",2024,"CHEVROLET","EQUINOX","BEV",2,
"3GN7DRRP4R",2024,"CHEVROLET","EQUINOX","BEV",2,
"3GN7DLRR5R",2024,"CHEVROLET","EQUINOX","BEV",2,
"3GN7DNRP4R",2024,"CHEVROLET","EQUINOX","BEV",2,
"3GN7DLRR9R",2024,"CHEVROLET","EQUINOX","BEV",2,
"3GN7DLRP5R",2024,"CHEVROLET","EQUINOX","BEV",2,
"3GN7DLRP6R",2024,"CHEVROLET","EQUINOX","BEV",2,
"3GN7DLRRXR",2024,"CHEVROLET","EQUINOX","BEV",2,
"3GN7DNRP9R",2024,"CHEVROLET","EQUINOX","BEV",2,
"3GN7DSRR3R",2024,"CHEVROLET","EQUINOX","BEV",2,
"3GN7DNRP6R",2024,"CHEVROLET","EQUINOX","BEV",2,
"3GN7DNRP1R",2024,"CHEVROLET","EQUINOX","BEV",2,
"3GN7DPRR3R",2024,"CHEVROLET","EQUINOX","BEV",2,
"3GN7DLRP1R",2024,"CHEVROLET","EQUINOX","BEV",2,
"3GN7DLRP7R",2024,"CHEVROLET","EQUINOX","BEV",2,
"3GN7DRRR5R",2024,"CHEVROLET","EQUINOX","BEV",2,
"3GN7DLRR6R",2024,"CHEVROLET","EQUINOX","BEV",2,
"3GN7DPRR7R",2024,"CHEVROLET","EQUINOX","BEV",2,
"3GN7DSRRXR",2024,"CHEVROLET","EQUINOX","BEV",2,
"3GN7DSRR2R",2024,"CHEVROLET","EQUINOX","BEV",2,
"3GN7DMRR4R",2024,"CHEVROLET","EQUINOX","BEV",2,
"3GN7DNRP0R",2024,"CHEVROLET","EQUINOX","BEV",2,
"3GN7DMRP9R",2024,"CHEVROLET","EQUINOX","BEV",2,
"3GN7DMRR5R",2024,"CHEVROLET","EQUINOX","BEV",2,
"3GN7DNRPXR",2024,"CHEVROLET","EQUINOX","BEV",2,
"3GN7DMRR6R",2024,"CHEVROLET","EQUINOX","BEV",2,
"3GN7DLRP4R",2024,"CHEVROLET","EQUINOX","BEV",2,
"3GN7DNRP7R",2024,"CHEVROLET","EQUINOX","BEV",2,
"3GN7DNRP3R",2024,"CHEVROLET","EQUINOX","BEV",2,
"3GN7DLRP8R",2024,"CHEVROLET","EQUINOX","BEV",2,
"3GN7DLRP9R",2024,"CHEVROLET","EQUINOX","BEV",2,
"3GN7DMRP3R",2024,"CHEVROLET","EQUINOX","BEV",2,
"3GN7DLRP3R",2024,"CHEVROLET","EQUINOX","BEV",2,
"3GN7DRRR0R",2024,"CHEVROLET","EQUINOX","BEV",2,
"3GN7DSRP8R",2024,"CHEVROLET","EQUINOX","BEV",2,
"3GN7DSRR4R",2024,"CHEVROLET","EQUINOX","BEV",2,
"3GN7DRRR2R",2024,"CHEVROLET","EQUINOX","BEV",2,
"3GN7DSRR9R",2024,"CHEVROLET","EQUINOX","BEV",2,
"3GN7DSRR6R",2024,"CHEVROLET","EQUINOX","BEV",2,
"3GN7DSRR1R",2024,"CHEVROLET","EQUINOX","BEV",2,
"3GN7DPRR4R",2024,"CHEVROLET","EQUINOX","BEV",2,
"3GN7DRRP6R",2024,"CHEVROLET","EQUINOX","BEV",2,
"3GN7DPRR0R",2024,"CHEVROLET","EQUINOX","BEV",2,
"3GN7DSRP6R",2024,"CHEVROLET","EQUINOX","BEV",2,
"3GN7DMRR3R",2024,"CHEVROLET","EQUINOX","BEV",2,
"3GN7DMRP4R",2024,"CHEVROLET","EQUINOX","BEV",2,
"3GN7DRRR4R",2024,"CHEVROLET","EQUINOX","BEV",2,
"3GN7DNRP8R",2024,"CHEVROLET","EQUINOX","BEV",2,
"3GN7DPRR1R",2024,"CHEVROLET","EQUINOX","BEV",2,
"3GN7DRRR3R",2024,"CHEVROLET","EQUINOX","BEV",2,
"3GN7DSRP4R",2024,"CHEVROLET","EQUINOX","BEV",2,
"3GN7DRRR8R",2024,"CHEVROLET","EQUINOX","BEV",2,
"3GN7DNRP5R",2024,"CHEVROLET","EQUINOX","BEV",2,
"3GN7DRRR9R",2024,"CHEVROLET","EQUINOX","BEV",2,
"3GN7DSRP0R",2024,"CHEVROLET","EQUINOX","BEV",2,
"3GN7DRRRXR",2024,"CHEVROLET","EQUINOX","BEV",2,
"3GN7DPRR2R",2024,"CHEVROLET","EQUINOX","BEV",2,
"3GN7DMRP5R",2024,"CHEVROLET","EQUINOX","BEV",2,
"3GN7DRRP8R",2024,"CHEVROLET","EQUINOX","BEV",2,
"3GN7DSRR7R",2024,"CHEVROLET","EQUINOX","BEV",2,
"3GN7DMRP2R",2024,"CHEVROLET","EQUINOX","BEV",2,
"3GN7DNRP2R",2024,"CHEVROLET","EQUINOX","BEV",2,
"3GN7DMRPXR",2024,"CHEVROLET","EQUINOX","BEV",2,
"3GN7DSRPXR",2024,"CHEVROLET","EQUINOX","BEV",2,
"3GN7DMRP1R",2024,"CHEVROLET","EQUINOX","BEV",2,
"3GN7DPRR9R",2024,"CHEVROLET","EQUINOX","BEV",2,
"3GN7DMRR8R",2024,"CHEVROLET","EQUINOX","BEV",2,
"3GN7DRRP5R",2024,"CHEVROLET","EQUINOX","BEV",2,
"3GN7DRRP9R",2024,"CHEVROLET","EQUINOX","BEV",2,
"3GN7DRRR7R",2024,"CHEVROLET","EQUINOX","BEV",2,
"3GN7DPRRXR",2024,"CHEVROLET","EQUINOX","BEV",2,
"3GN7DPRR8R",2024,"CHEVROLET","EQUINOX","BEV",2,
"3GN7DSRP5R",2024,"CHEVROLET","EQUINOX","BEV",2,
"3GN7DRRP7R",2024,"CHEVROLET","EQUINOX","BEV",2,
"3GN7DSRP7R",2024,"CHEVROLET","EQUINOX","BEV",2,
"3GN7DSRP9R",2024,"CHEVROLET","EQUINOX","BEV",2,
"3GN7DMRR7R",2024,"CHEVROLET","EQUINOX","BEV",2,
"3GN7DMRR1R",2024,"CHEVROLET","EQUINOX","BEV",2,
"3GN7DSRP2R",2024,"CHEVROLET","EQUINOX","BEV",2,
"3GN7DMRR9R",2024,"CHEVROLET","EQUINOX","BEV",2,
"3GN7DRRP2R",2024,"CHEVROLET","EQUINOX","BEV",2,
"3GN7DMRP7R",2024,"CHEVROLET","EQUINOX","BEV",2,
"3GN7DSRR8R",2024,"CHEVROLET","EQUINOX","BEV",2,
"3GN7DSRR0R",2024,"CHEVROLET","EQUINOX","BEV",2,
"3GN7DRRP3R",2024,"CHEVROLET","EQUINOX","BEV",2,
"3GN7DPRR5R",2024,"CHEVROLET","EQUINOX","BEV",2,
"KMHM54AC8R",2024,"HYUNDAI","IONIQ 6","BEV",2,
"KMHM54AC0R",2024,"HYUNDAI","IONIQ 6","BEV",2,
"KMHM24AA8R",2024,"HYUNDAI","IONIQ 6","BEV",2,
"KMHM34AC7R",2024,"HYUNDAI","IONIQ 6","BEV",2,
"KMHM54AC7R",2024,"HYUNDAI","IONIQ 6","BEV",2,
"KMHM54AC3R",2024,"HYUNDAI","IONIQ 6","BEV",2,
"KMHM34ACXR",2024,"HYUNDAI","IONIQ 6","BEV",2,
"KMHM24AA1R",2024,"HYUNDAI","IONIQ 6","BEV",2,
"KMHM34AA7R",2024,"HYUNDAI","IONIQ 6","BEV",2,
"KMHM54AC1R",2024,"HYUNDAI","IONIQ 6","BEV",2,
"KMHM34AC5R",2024,"HYUNDAI","IONIQ 6","BEV",2,
"KMHM54AC4R",2024,"HYUNDAI","IONIQ 6","BEV",2,
"KMHM34AC3R",2024,"HYUNDAI","IONIQ 6","BEV",2,
"KMHM54AC9R",2024,"HYUNDAI","IONIQ 6","BEV",2,
"KMHM34AC4R",2024,"HYUNDAI","IONIQ 6","BEV",2,
"KMHM24AA3R",2024,"HYUNDAI","IONIQ 6","BEV",2,
"KMHM34AC9R",2024,"HYUNDAI","IONIQ 6","BEV",2,
"KMHM34AC1R",2024,"HYUNDAI","IONIQ 6","BEV",2,
"KMHM54AC6R",2024,"HYUNDAI","IONIQ 6","BEV",2,
"KMHM24AC3R",2024,"HYUNDAI","IONIQ 6","BEV",2,
"KMHM34AC6R",2024,"HYUNDAI","IONIQ 6","BEV",2,
"KMHM24AB8R",2024,"HYUNDAI","IONIQ 6","BEV",2,
"KMHM34AC2R",2024,"HYUNDAI","IONIQ 6","BEV",2,
"KMHM24AB5R",2024,"HYUNDAI","IONIQ 6","BEV",2,
"KMHM24AA4R",2024,"HYUNDAI","IONIQ 6","BEV",2,
"KMHM34AC8R",2024,"HYUNDAI","IONIQ 6","BEV",2,
"KMHM34AC0R",2024,"HYUNDAI","IONIQ 6","BEV",2,
"KMHM24AA5R",2024,"HYUNDAI","IONIQ 6","BEV",2,
"KMHM34AA4R",2024,"HYUNDAI","IONIQ 6","BEV",2,
"KMHM24AA9R",2024,"HYUNDAI","IONIQ 6","BEV",2,
"KMHM24AA0R",2024,"HYUNDAI","IONIQ 6","BEV",2,
"KMHM54AA1R",2024,"HYUNDAI","IONIQ 6","BEV",2,
"KMHM24AC5R",2024,"HYUNDAI","IONIQ 6","BEV",2,
"KMHM24AC1R",2024,"HYUNDAI","IONIQ 6","BEV",2,
"KMHM24AC7R",2024,"HYUNDAI","IONIQ 6","BEV",2,
"KMHM34AA6R",2024,"HYUNDAI","IONIQ 6","BEV",2,
"KMHM24AC4R",2024,"HYUNDAI","IONIQ 6","BEV",2,
"KMHM24AA2R",2024,"HYUNDAI","IONIQ 6","BEV",2,
"KMHM54AC2R",2024,"HYUNDAI","IONIQ 6","BEV",2,
"KMHM54AA5R",2024,"HYUNDAI","IONIQ 6","BEV",2,
"KMHM54ACXR",2024,"HYUNDAI","IONIQ 6","BEV",2,
"KMHM24AC0R",2024,"HYUNDAI","IONIQ 6","BEV",2,
"KMHM24AA6R",2024,"HYUNDAI","IONIQ 6","BEV",2,
"KMHM34AA8R",2024,"HYUNDAI","IONIQ 6","BEV",2,
"KMHM24AC2R",2024,"HYUNDAI","IONIQ 6","BEV",2,
"KMHM24ABXR",2024,"HYUNDAI","IONIQ 6","BEV",2,
"KMHM24AA7R",2024,"HYUNDAI","IONIQ 6","BEV",2,
"KMHM24AC8R",2024,"HYUNDAI","IONIQ 6","BEV",2,
"KMHM24AAXR",2024,"HYUNDAI","IONIQ 6","BEV",2,
"KMHM14AB9R",2024,"HYUNDAI","IONIQ 6","BEV",2,
"KMHM54AC5R",2024,"HYUNDAI","IONIQ 6","BEV",2,
"KMHM14AB8R",2024,"HYUNDAI","IONIQ 6","BEV",2,
"KMHM24AC9R",2024,"HYUNDAI","IONIQ 6","BEV",2,
"KMHM24AB2R",2024,"HYUNDAI","IONIQ 6","BEV",2,
"KMHM14AB3R",2024,"HYUNDAI","IONIQ 6","BEV",2,
"KMHM54AA8R",2024,"HYUNDAI","IONIQ 6","BEV",2,
"KMHM34AAXR",2024,"HYUNDAI","IONIQ 6","BEV",2,
"KMHM24AB7R",2024,"HYUNDAI","IONIQ 6","BEV",2,
"KMHM24ACXR",2024,"HYUNDAI","IONIQ 6","BEV",2,
"KMHM14AB1R",2024,"HYUNDAI","IONIQ 6","BEV",2,
"KMHM24AB6R",2024,"HYUNDAI","IONIQ 6","BEV",2,
"KMHM14ABXR",2024,"HYUNDAI","IONIQ 6","BEV",2,
"KMHM24AC6R",2024,"HYUNDAI","IONIQ 6","BEV",2,
"KMHM54AA9R",2024,"HYUNDAI","IONIQ 6","BEV",2,
"KMHM24AB9R",2024,"HYUNDAI","IONIQ 6","BEV",2,
"KMHM54AA3R",2024,"HYUNDAI","IONIQ 6","BEV",2,
"KMHM24AB1R",2024,"HYUNDAI","IONIQ 6","BEV",2,
"KMHM34AA0R",2024,"HYUNDAI","IONIQ 6","BEV",2,
"KM8KRDDF3R",2024,"HYUNDAI","IONIQ 5","BEV",2,
"KM8KNDDF3R",2024,"HYUNDAI","IONIQ 5","BEV",2,
"KM8KNDDF0R",2024,"HYUNDAI","IONIQ 5","BEV",2,
"KM8KMDDF2R",2024,"HYUNDAI","IONIQ 5","BEV",2,
"KM8KNDDF4R",2024,"HYUNDAI","IONIQ 5","BEV",2,
"KM8KNDDF7R",2024,"HYUNDAI","IONIQ 5","BEV",2,
"KM8KM4DE1R",2024,"HYUNDAI","IONIQ 5","BEV",2,
"KM8KRDDF1R",2024,"HYUNDAI","IONIQ 5","BEV",2,
"KM8KNDDF8R",2024,"HYUNDAI","IONIQ 5","BEV",2,
"KM8KN4DE8R",2024,"HYUNDAI","IONIQ 5","BEV",2,
"KM8KRDDF8R",2024,"HYUNDAI","IONIQ 5","BEV",2,
"KM8KRDDF0R",2024,"HYUNDAI","IONIQ 5","BEV",2,
"KM8KRDDF6R",2024,"HYUNDAI","IONIQ 5","BEV",2,
"KM8KNDDF1R",2024,"HYUNDAI","IONIQ 5","BEV",2,
"KM8KN4DE3R",2024,"HYUNDAI","IONIQ 5","BEV",2,
"KM8KNDDF6R",2024,"HYUNDAI","IONIQ 5","BEV",2,
"KM8KNDDF5R",2024,"HYUNDAI","IONIQ 5","BEV",2,
"KM8KRDDF9R",2024,"HYUNDAI","IONIQ 5","BEV",2,
"KM8KRDDF5R",2024,"HYUNDAI","IONIQ 5","BEV",2,
"KM8KRDDF4R",2024,"HYUNDAI","IONIQ 5","BEV",2,
"KM8KMDDF8R",2024,"HYUNDAI","IONIQ 5","BEV",2,
"KM8KN4DE4R",2024,"HYUNDAI","IONIQ 5","BEV",2,
"KM8KMDDF6R",2024,"HYUNDAI","IONIQ 5","BEV",2,
"KM8KMDDFXR",2024,"HYUNDAI","IONIQ 5","BEV",2,
"KM8KR4DE0R",2024,"HYUNDAI","IONIQ 5","BEV",2,
"KM8KRDDF7R",2024,"HYUNDAI","IONIQ 5","BEV",2,
"KM8KM4DE4R",2024,"HYUNDAI","IONIQ 5","BEV",2,
"KM8KRDDFXR",2024,"HYUNDAI","IONIQ 5","BEV",2,
"KM8KRDDF2R",2024,"HYUNDAI","IONIQ 5","BEV",2,
"KM8KR4DE3R",2024,"HYUNDAI","IONIQ 5","BEV",2,
"KM8KMDDF1R",2024,"HYUNDAI","IONIQ 5","BEV",2,
"KM8KN4DE2R",2024,"HYUNDAI","IONIQ 5","BEV",2,
"KM8KN4DE9R",2024,"HYUNDAI","IONIQ 5","BEV",2,
"KM8KM4DEXR",2024,"HYUNDAI","IONIQ 5","BEV",2,
"KM8KN4DE7R",2024,"HYUNDAI","IONIQ 5","BEV",2,
"KM8KN4DEXR",2024,"HYUNDAI","IONIQ 5","BEV",2,
"KM8KN4DE5R",2024,"HYUNDAI","IONIQ 5","BEV",2,
"KM8KNDDF9R",2024,"HYUNDAI","IONIQ 5","BEV",2,
"KM8KN4DE0R",2024,"HYUNDAI","IONIQ 5","BEV",2,
"KM8KNDDF2R",2024,"HYUNDAI","IONIQ 5","BEV",2,
"KM8KNDDFXR",2024,"HYUNDAI","IONIQ 5","BEV",2,
"KM8KMDDF7R",2024,"HYUNDAI","IONIQ 5","BEV",2,
"KM8KMDDF5R",2024,"HYUNDAI","IONIQ 5","BEV",2,
"KM8KN4DE6R",2024,"HYUNDAI","IONIQ 5","BEV",2,
"KM8KMDDF3R",2024,"HYUNDAI","IONIQ 5","BEV",2,
"KM8KR4DE2R",2024,"HYUNDAI","IONIQ 5","BEV",2,
"KM8KMDDF4R",2024,"HYUNDAI","IONIQ 5","BEV",2,
"KM8KM4DE2R",2024,"HYUNDAI","IONIQ 5","BEV",2,
"KM8KMDDF0R",2024,"HYUNDAI","IONIQ 5","BEV",2,
"KM8KM4DB7R",2024,"HYUNDAI","IONIQ 5","BEV",2,
"KM8KM4DE7R",2024,"HYUNDAI","IONIQ 5","BEV",2,
"KM8KR4DE5R",2024,"HYUNDAI","IONIQ 5","BEV",2,
"KM8KM4DE6R",2024,"HYUNDAI","IONIQ 5","BEV",2,
"KM8KN4DE1R",2024,"HYUNDAI","IONIQ 5","BEV",2,
"KM8KR4DE6R",2024,"HYUNDAI","IONIQ 5","BEV",2,
"KM8KMDDF9R",2024,"HYUNDAI","IONIQ 5","BEV",2,
"KM8KR4DE1R",2024,"HYUNDAI","IONIQ 5","BEV",2,
"KM8KM4DE9R",2024,"HYUNDAI","IONIQ 5","BEV",2,
"KM8KR4DE8R",2024,"HYUNDAI","IONIQ 5","BEV",2,
"KM8KM4DE3R",2024,"HYUNDAI","IONIQ 5","BEV",2,
"KM8KR4DE4R",2024,"HYUNDAI","IONIQ 5","BEV",2,
"KM8KR4DE7R",2024,"HYUNDAI","IONIQ 5","BEV",2,
"KM8KR4DE9R",2024,"HYUNDAI","IONIQ 5","BEV",2,
"KM8KM4DE8R",2024,"HYUNDAI","IONIQ 5","BEV",2,
"KM8KR4DEXR",2024,"HYUNDAI","IONIQ 5","BEV",2,
"KM8HE3A63R",2024,"HYUNDAI","KONA","BEV",2,
"KM8HC3A61R",2024,"HYUNDAI","KONA","BEV",2,
"KM8HC3A68R",2024,"HYUNDAI","KONA","BEV",2,
"KM8HE3A64R",2024,"HYUNDAI","KONA","BEV",2,
"KM8HB3A72R",2024,"HYUNDAI","KONA","BEV",2,
"KM8HC3A64R",2024,"HYUNDAI","KONA","BEV",2,
"KM8HE3A67R",2024,"HYUNDAI","KONA","BEV",2,
"KM8HC3A66R",2024,"HYUNDAI","KONA","BEV",2,
"KM8HE3A61R",2024,"HYUNDAI","KONA","BEV",2,
"KM8HC3A60R",2024,"HYUNDAI","KONA","BEV",2,
"KM8HE3A65R",2024,"HYUNDAI","KONA","BEV",2,
"KM8HE3A62R",2024,"HYUNDAI","KONA","BEV",2,
"KM8HC3A63R",2024,"HYUNDAI","KONA","BEV",2,
"KM8HC3A62R",2024,"HYUNDAI","KONA","BEV",2,
"KM8HE3A6XR",2024,"HYUNDAI","KONA","BEV",2,
"KM8HC3A6XR",2024,"HYUNDAI","KONA","BEV",2,
"KM8HE3A68R",2024,"HYUNDAI","KONA","BEV",2,
"KM8HC3A67R",2024,"HYUNDAI","KONA","BEV",2,
"KM8HE3A60R",2024,"HYUNDAI","KONA","BEV",2,
"KM8HC3A65R",2024,"HYUNDAI","KONA","BEV",2,
"KM8HC3A69R",2024,"HYUNDAI","KONA","BEV",2,
"KM8HB3A71R",2024,"HYUNDAI","KONA","BEV",2,
"KM8HE3A69R",2024,"HYUNDAI","KONA","BEV",2,
"KM8HE3A66R",2024,"HYUNDAI","KONA","BEV",2,
"KM8HB3A70R",2024,"HYUNDAI","KONA","BEV",2,
"KM8HB3A74R",2024,"HYUNDAI","KONA","BEV",2,
"KM8HB3A79R",2024,"HYUNDAI","KONA","BEV",2,
"KM8HB3A76R",2024,"HYUNDAI","KONA","BEV",2,
"KM8HB3A7XR",2024,"HYUNDAI","KONA","BEV",2,
"7SAYGDEF6R",2024,"TESLA","MODEL Y","BEV",2,
"7SAYGAEE8R",2024,"TESLA","MODEL Y","BEV",2,
"7SAYGDEE8R",2024,"TESLA","MODEL Y","BEV",2,
"7SAYGAEE1R",2024,"TESLA","MODEL Y","BEV",2,
"5YJ3E1EB7R",2024,"TESLA","MODEL 3","BEV",2,
"7SAYGDEEXR",2024,"TESLA","MODEL Y","BEV",2,
"5YJ3E1EA7R",2024,"TESLA","MODEL 3","BEV",2,
"7SAYGDEE9R",2024,"TESLA","MODEL Y","BEV",2,
"5YJ3E1ET9R",2024,"TESLA","MODEL 3","BEV",2,
"7SAYGDEE5R",2024,"TESLA","MODEL Y","BEV",2,
"5YJ3E1EA5R",2024,"TESLA","MODEL 3","BEV",2,
"5YJ3E1EA9R",2024,"TESLA","MODEL 3","BEV",2,
"5YJ3E1EA1R",2024,"TESLA","MODEL 3","BEV",2,
"7SAYGDEE6R",2024,"TESLA","MODEL Y","BEV",2,
"5YJ3E1EA0R",2024,"TESLA","MODEL 3","BEV",2,
"7SAYGAEE4R",2024,"TESLA","MODEL Y","BEV",2,
"7G2CEHED1R",2024,"TESLA","CYBERTRUCK","BEV",2,
"7SAYGDEE1R",2024,"TESLA","MODEL Y","BEV",2,
"7SAYGAEE6R",2024,"TESLA","MODEL Y","BEV",2,
"7G2CEHED9R",2024,"TESLA","CYBERTRUCK","BEV",2,
"7SAYGDEFXR",2024,"TESLA","MODEL Y","BEV",2,
"7SAYGDED2R",2024,"TESLA","MODEL Y","BEV",2,
"7G2CEHEDXR",2024,"TESLA","CYBERTRUCK","BEV",2,
"7G2CEHEE5R",2024,"TESLA","CYBERTRUCK","BEV",2,
"7SAYGDEE0R",2024,"TESLA","MODEL Y","BEV",2,
"7SAXCDE59R",2024,"TESLA","MODEL X","BEV",2,
"5YJ3E1EA4R",2024,"TESLA","MODEL 3","BEV",2,
"7SAYGAEE9R",2024,"TESLA","MODEL Y","BEV",2,
"7SAYGDEF1R",2024,"TESLA","MODEL Y","BEV",2,
"7SAYGDEF4R",2024,"TESLA","MODEL Y","BEV",2,
"7SAYGDEE3R",2024,"TESLA","MODEL Y","BEV",2,
"7SAYGDEE4R",2024,"TESLA","MODEL Y","BEV",2,
"7SAYGAEE5R",2024,"TESLA","MODEL Y","BEV",2,
"5YJ3E1EBXR",2024,"TESLA","MODEL 3","BEV",2,
"7SAYGAEE7R",2024,"TESLA","MODEL Y","BEV",2,
"7SAYGDEE2R",2024,"TESLA","MODEL Y","BEV",2,
"5YJ3E1ET0R",2024,"TESLA","MODEL 3","BEV",2,
"5YJ3E1EA3R",2024,"TESLA","MODEL 3","BEV",2,
"7G2CEHED7R",2024,"TESLA","CYBERTRUCK","BEV",2,
"5YJ3E1EA6R",2024,"TESLA","MODEL 3","BEV",2,
"7G2CEHED2R",2024,"TESLA","CYBERTRUCK","BEV",2,
"7SAYGDED7R",2024,"TESLA","MODEL Y","BEV",2,
"7SAYGDEE7R",2024,"TESLA","MODEL Y","BEV",2,
"5YJ3E1EB4R",2024,"TESLA","MODEL 3","BEV",2,
"7SAYGDED9R",2024,"TESLA","MODEL Y","BEV",2,
"7G2CEHEE0R",2024,"TESLA","CYBERTRUCK","BEV",2,
"7SAXCBE61R",2024,"TESLA","MODEL X","BEV",2,
"5YJ3E1ET2R",2024,"TESLA","MODEL 3","BEV",2,
"7SAYGAEE0R",2024,"TESLA","MODEL Y","BEV",2,
"7G2CEHEEXR",2024,"TESLA","CYBERTRUCK","BEV",2,
"5YJ3E1EB2R",2024,"TESLA","MODEL 3","BEV",2,
"7SAYGDED8R",2024,"TESLA","MODEL Y","BEV",2,
"7SAYGDEF0R",2024,"TESLA","MODEL Y","BEV",2,
"5YJSA1E5XR",2024,"TESLA","MODEL S","BEV",2,
"7SAXCDE53R",2024,"TESLA","MODEL X","BEV",2,
"7SAYGDED0R",2024,"TESLA","MODEL Y","BEV",2,
"5YJ3E1EB0R",2024,"TESLA","MODEL 3","BEV",2,
"7G2CEHED6R",2024,"TESLA","CYBERTRUCK","BEV",2,
"7G2CEHEE9R",2024,"TESLA","CYBERTRUCK","BEV",2,
"5YJ3E1EA8R",2024,"TESLA","MODEL 3","BEV",2,
"7SAXCAE55R",2024,"TESLA","MODEL X","BEV",2,
"7SAYGDED1R",2024,"TESLA","MODEL Y","BEV",2,
"7SAYGDEF3R",2024,"TESLA","MODEL Y","BEV",2,
"7SAYGAEE2R",2024,"TESLA","MODEL Y","BEV",2,
"7SAYGDEF2R",2024,"TESLA","MODEL Y","BEV",2,
"7SAYGAEEXR",2024,"TESLA","MODEL Y","BEV",2,
"7SAXCBE67R",2024,"TESLA","MODEL X","BEV",2,
"7SAYGAEE3R",2024,"TESLA","MODEL Y","BEV",2,
"5YJ3E1EB1R",2024,"TESLA","MODEL 3","BEV",2,
"5YJSA1E59R",2024,"TESLA","MODEL S","BEV",2,
"7SAYGDEF8R",2024,"TESLA","MODEL Y","BEV",2,
"5YJ3E1EAXR",2024,"TESLA","MODEL 3","BEV",2,
"7SAYGDED6R",2024,"TESLA","MODEL Y","BEV",2,
"7G2CEHEE6R",2024,"TESLA","CYBERTRUCK","BEV",2,
"7SAXCAE52R",2024,"TESLA","MODEL X","BEV",2,
"7G2CEHED3R",2024,"TESLA","CYBERTRUCK","BEV",2,
"5YJ3E1EB6R",2024,"TESLA","MODEL 3","BEV",2,
"5YJ3E1EA2R",2024,"TESLA","MODEL 3","BEV",2,
"7SAXCBE63R",2024,"TESLA","MODEL X","BEV",2,
"5YJ3E1ETXR",2024,"TESLA","MODEL 3","BEV",2,
"5YJ3E1ET3R",2024,"TESLA","MODEL 3","BEV",2,
"5YJ3E1EB3R",2024,"TESLA","MODEL 3","BEV",2,
"7SAXCDE52R",2024,"TESLA","MODEL X","BEV",2,
"7G2CEHED0R",2024,"TESLA","CYBERTRUCK","BEV",2,
"5YJ3E1EB9R",2024,"TESLA","MODEL 3","BEV",2,
"5YJ3E1ET6R",2024,"TESLA","MODEL 3","BEV",2,
"5YJSA1E51R",2024,"TESLA","MODEL S","BEV",2,
"7SAYGDED3R",2024,"TESLA","MODEL Y","BEV",2,
"7SAXCDE51R",2024,"TESLA","MODEL X","BEV",2,
"7G2CEHED5R",2024,"TESLA","CYBERTRUCK","BEV",2,
"7G2CEHEE2R",2024,"TESLA","CYBERTRUCK","BEV",2,
"5YJ3E1ET5R",2024,"TESLA","MODEL 3","BEV",2,
"7SAXCBE57R",2024,"TESLA","MODEL X","BEV",2,
"7SAXCDE58R",2024,"TESLA","MODEL X","BEV",2,
"5YJ3E1EB8R",2024,"TESLA","MODEL 3","BEV",2,
"7G2CEHED4R",2024,"TESLA","CYBERTRUCK","BEV",2,
"7SAYGDED4R",2024,"TESLA","MODEL Y","BEV",2,
"7SAXCBE60R",2024,"TESLA","MODEL X","BEV",2,
"7SAYGDED5R",2024,"TESLA","MODEL Y","BEV",2,
"7SAYGDEF5R",2024,"TESLA","MODEL Y","BEV",2,
"5YJSA1E50R",2024,"TESLA","MODEL S","BEV",2,
"5YJ3E1ET8R",2024,"TESLA","MODEL 3","BEV",2,
"5YJ3E1EB5R",2024,"TESLA","MODEL 3","BEV",2,
"7SAYGDEF7R",2024,"TESLA","MODEL Y","BEV",2,
"7SAYGDEF9R",2024,"TESLA","MODEL Y","BEV",2,
"7SAXCAE50R",2024,"TESLA","MODEL X","BEV",2,
"7SAYGDEDXR",2024,"TESLA","MODEL Y","BEV",2,
"7SAXCBE62R",2024,"TESLA","MODEL X","BEV",2,
"7SAXCBE58R",2024,"TESLA","MODEL X","BEV",2,
"5YJSA1E64R",2024,"TESLA","MODEL S","BEV",2,
"7SAXCDE54R",2024,"TESLA","MODEL X","BEV",2,
"5YJ3E1ET1R",2024,"TESLA","MODEL 3","BEV",2,
"7SAXCBE5XR",2024,"TESLA","MODEL X","BEV",2,
"7SAXCBE51R",2024,"TESLA","MODEL X","BEV",2,
"7G2CEHEE8R",2024,"TESLA","CYBERTRUCK","BEV",2,
"7SAXCDE5XR",2024,"TESLA","MODEL X","BEV",2,
"7SAXCBE65R",2024,"TESLA","MODEL X","BEV",2,
"7SAXCDE57R",2024,"TESLA","MODEL X","BEV",2,
"7SAXCAE53R",2024,"TESLA","MODEL X","BEV",2,
"5YJSA1E58R",2024,"TESLA","MODEL S","BEV",2,
"5YJSA1E61R",2024,"TESLA","MODEL S","BEV",2,
"5YJSA1E54R",2024,"TESLA","MODEL S","BEV",2,
"7SAXCAE59R",2024,"TESLA","MODEL X","BEV",2,
"5YJSA1E62R",2024,"TESLA","MODEL S","BEV",2,
"7G2CEHED8R",2024,"TESLA","CYBERTRUCK","BEV",2,
"7SAXCBE54R",2024,"TESLA","MODEL X","BEV",2,
"7SAXCDE55R",2024,"TESLA","MODEL X","BEV",2,
"7SAXCDE50R",2024,"TESLA","MODEL X","BEV",2,
"5YJSA1E65R",2024,"TESLA","MODEL S","BEV",2,
"5YJSA1E55R",2024,"TESLA","MODEL S","BEV",2,
"7G2CEHEE3R",2024,"TESLA","CYBERTRUCK","BEV",2,
"7SAXCAE5XR",2024,"TESLA","MODEL X","BEV",2,
"7SAXCBE59R",2024,"TESLA","MODEL X","BEV",2,
"7SAXCDE56R",2024,"TESLA","MODEL X","BEV",2,
"7G2CEHEE1R",2024,"TESLA","CYBERTRUCK","BEV",2,
"5YJ3E1ET4R",2024,"TESLA","MODEL 3","BEV",2,
"7SAXCBE55R",2024,"TESLA","MODEL X","BEV",2,
"7SAXCAE57R",2024,"TESLA","MODEL X","BEV",2,
"7SAXCBE50R",2024,"TESLA","MODEL X","BEV",2,
"5YJ3E1ET7R",2024,"TESLA","MODEL 3","BEV",2,
"7SAXCBE56R",2024,"TESLA","MODEL X","BEV",2,
"5YJSA1E52R",2024,"TESLA","MODEL S","BEV",2,
"7G2CEHEE4R",2024,"TESLA","CYBERTRUCK","BEV",2,
"5YJSA1E56R",2024,"TESLA","MODEL S","BEV",2,
"7SAXCAE54R",2024,"TESLA","MODEL X","BEV",2,
"5YJSA1E68R",2024,"TESLA","MODEL S","BEV",2,
"7SAXCAE56R",2024,"TESLA","MODEL X","BEV",2,
"7SAXCBE66R",2024,"TESLA","MODEL X","BEV",2,
"7SAXCAE58R",2024,"TESLA","MODEL X","BEV",2,
"7SAXCBE68R",2024,"TESLA","MODEL X","BEV",2,
"5YJSA1E6XR",2024,"TESLA","MODEL S","BEV",2,
"7SAXCBE53R",2024,"TESLA","MODEL X","BEV",2,
"7G2CEHEE7R",2024,"TESLA","CYBERTRUCK","BEV",2,
"7SAXCBE6XR",2024,"TESLA","MODEL X","BEV",2,
"7SAXCAE51R",2024,"TESLA","MODEL X","BEV",2,
"5YJSA1E57R",2024,"TESLA","MODEL S","BEV",2,
"7SAXCBE52R",2024,"TESLA","MODEL X","BEV",2,
"5YJSA1E66R",2024,"TESLA","MODEL S","BEV",2,
"5YJSA1E53R",2024,"TESLA","MODEL S","BEV",2,
"5YJSA1E69R",2024,"TESLA","MODEL S","BEV",2,
"5YJSA1E63R",2024,"TESLA","MODEL S","BEV",2,
"5YJSA1E67R",2024,"TESLA","MODEL S","BEV",2,
"7SAXCBE64R",2024,"TESLA","MODEL X","BEV",2,
"7SAXCBE69R",2024,"TESLA","MODEL X","BEV",2,
"5YJSA1E60R",2024,"TESLA","MODEL S","BEV",2,
"1GYKPSRL3R",2024,"CADILLAC","LYRIQ","BEV",2,
"1GYKPTRK4R",2024,"CADILLAC","LYRIQ","BEV",2,
"1GYKPRRL1R",2024,"CADILLAC","LYRIQ","BEV",2,
"1GYKPMRK1R",2024,"CADILLAC","LYRIQ","BEV",2,
"1GYKPMRL7R",2024,"CADILLAC","LYRIQ","BEV",2,
"1GYKPVRL3R",2024,"CADILLAC","LYRIQ","BEV",2,
"1GYKPWRL0R",2024,"CADILLAC","LYRIQ","BEV",2,
"1GYKPVRL4R",2024,"CADILLAC","LYRIQ","BEV",2,
"1GYKPRRK8R",2024,"CADILLAC","LYRIQ","BEV",2,
"1GYKPTRK9R",2024,"CADILLAC","LYRIQ","BEV",2,
"1GYKPMRK6R",2024,"CADILLAC","LYRIQ","BEV",2,
"1GYKPPRL8R",2024,"CADILLAC","LYRIQ","BEV",2,
"1GYKPMRL4R",2024,"CADILLAC","LYRIQ","BEV",2,
"1GYKPSRL0R",2024,"CADILLAC","LYRIQ","BEV",2,
"1GYKPTRL0R",2024,"CADILLAC","LYRIQ","BEV",2,
"1GYKPTRL4R",2024,"CADILLAC","LYRIQ","BEV",2,
"1GYKPTRL5R",2024,"CADILLAC","LYRIQ","BEV",2,
"1GYKPSRL9R",2024,"CADILLAC","LYRIQ","BEV",2,
"1GYKPVRL5R",2024,"CADILLAC","LYRIQ","BEV",2,
"1GYKPWRL2R",2024,"CADILLAC","LYRIQ","BEV",2,
"1GYKPMRL6R",2024,"CADILLAC","LYRIQ","BEV",2,
"1GYKPTRL3R",2024,"CADILLAC","LYRIQ","BEV",2,
"1GYKPPRK0R",2024,"CADILLAC","LYRIQ","BEV",2,
"1GYKPRRL0R",2024,"CADILLAC","LYRIQ","BEV",2,
"1GYKPWRK4R",2024,"CADILLAC","LYRIQ","BEV",2,
"1GYKPSRL8R",2024,"CADILLAC","LYRIQ","BEV",2,
"1GYKPRRK9R",2024,"CADILLAC","LYRIQ","BEV",2,
"1GYKPVRL0R",2024,"CADILLAC","LYRIQ","BEV",2,
"1GYKPSRL5R",2024,"CADILLAC","LYRIQ","BEV",2,
"1GYKPMRL2R",2024,"CADILLAC","LYRIQ","BEV",2,
"1GYKPWRL5R",2024,"CADILLAC","LYRIQ","BEV",2,
"1GYKPPRL4R",2024,"CADILLAC","LYRIQ","BEV",2,
"1GYKPPRL1R",2024,"CADILLAC","LYRIQ","BEV",2,
"1GYKPMRK5R",2024,"CADILLAC","LYRIQ","BEV",2,
"1GYKPWRL1R",2024,"CADILLAC","LYRIQ","BEV",2,
"1GYKPTRL2R",2024,"CADILLAC","LYRIQ","BEV",2,
"1GYKPSRL7R",2024,"CADILLAC","LYRIQ","BEV",2,
"1GYKPSRL1R",2024,"CADILLAC","LYRIQ","BEV",2,
"1GYKPRRK4R",2024,"CADILLAC","LYRIQ","BEV",2,
"1GYKPTRL7R",2024,"CADILLAC","LYRIQ","BEV",2,
"1GYKPWRK6R",2024,"CADILLAC","LYRIQ","BEV",2,
"1GYKPMRL3R",2024,"CADILLAC","LYRIQ","BEV",2,
"1GYKPPRL2R",2024,"CADILLAC","LYRIQ","BEV",2,
"1GYKPTRLXR",2024,"CADILLAC","LYRIQ","BEV",2,
"1GYKPSRL4R",2024,"CADILLAC","LYRIQ","BEV",2,
"1GYKPPRKXR",2024,"CADILLAC","LYRIQ","BEV",2,
"1GYKPWRL3R",2024,"CADILLAC","LYRIQ","BEV",2,
"1GYKPRRL9R",2024,"CADILLAC","LYRIQ","BEV",2,
"1GYKPRRL8R",2024,"CADILLAC","LYRIQ","BEV",2,
"1GYKPPRL3R",2024,"CADILLAC","LYRIQ","BEV",2,
"1GYKPRRLXR",2024,"CADILLAC","LYRIQ","BEV",2,
"1GYKPWRL4R",2024,"CADILLAC","LYRIQ","BEV",2,
"1GYKPSRLXR",2024,"CADILLAC","LYRIQ","BEV",2,
"1GYKPSRL6R",2024,"CADILLAC","LYRIQ","BEV",2,
"1GYKPWRK7R",2024,"CADILLAC","LYRIQ","BEV",2,
"1GYKPPRK6R",2024,"CADILLAC","LYRIQ","BEV",2,
"1GYKPPRK3R",2024,"CADILLAC","LYRIQ","BEV",2,
"1GYKPPRL6R",2024,"CADILLAC","LYRIQ","BEV",2,
"1GYKPTRL8R",2024,"CADILLAC","LYRIQ","BEV",2,
"1GYKPPRLXR",2024,"CADILLAC","LYRIQ","BEV",2,
"1GYKPMRL8R",2024,"CADILLAC","LYRIQ","BEV",2,
"1GYKPVRK9R",2024,"CADILLAC","LYRIQ","BEV",2,
"1GYKPVRL7R",2024,"CADILLAC","LYRIQ","BEV",2,
"1GYKPVRL1R",2024,"CADILLAC","LYRIQ","BEV",2,
"1GYKPTRK0R",2024,"CADILLAC","LYRIQ","BEV",2,
"1GYKPWRL9R",2024,"CADILLAC","LYRIQ","BEV",2,
"1GYKPSRL2R",2024,"CADILLAC","LYRIQ","BEV",2,
"1GYKPVRL2R",2024,"CADILLAC","LYRIQ","BEV",2,
"1GYKPTRK8R",2024,"CADILLAC","LYRIQ","BEV",2,
"1GYKPWRL8R",2024,"CADILLAC","LYRIQ","BEV",2,
"1GYKPVRL9R",2024,"CADILLAC","LYRIQ","BEV",2,
"1GYKPTRK7R",2024,"CADILLAC","LYRIQ","BEV",2,
"1GYKPWRLXR",2024,"CADILLAC","LYRIQ","BEV",2,
"1GYKPMRL0R",2024,"CADILLAC","LYRIQ","BEV",2,
"1GYKPVRL6R",2024,"CADILLAC","LYRIQ","BEV",2,
"1GYKPMRLXR",2024,"CADILLAC","LYRIQ","BEV",2,
"1GYKPVRL8R",2024,"CADILLAC","LYRIQ","BEV",2,
"1GYKPRRL3R",2024,"CADILLAC","LYRIQ","BEV",2,
"1GYKPMRK2R",2024,"CADILLAC","LYRIQ","BEV",2,
"1GYKPPRL5R",2024,"CADILLAC","LYRIQ","BEV",2,
"1GYKPPRL9R",2024,"CADILLAC","LYRIQ","BEV",2,
"1GYKPPRL0R",2024,"CADILLAC","LYRIQ","BEV",2,
"1GYKPMRL5R",2024,"CADILLAC","LYRIQ","BEV",2,
"1GYKPRRL2R",2024,"CADILLAC","LYRIQ","BEV",2,
"1GYKPVRK8R",2024,"CADILLAC","LYRIQ","BEV",2,
"1GYKPMRK7R",2024,"CADILLAC","LYRIQ","BEV",2,
"1GYKPPRK4R",2024,"CADILLAC","LYRIQ","BEV",2,
"1GYKPTRL1R",2024,"CADILLAC","LYRIQ","BEV",2,
"1GYKPPRL7R",2024,"CADILLAC","LYRIQ","BEV",2,
"1GYKPWRL6R",2024,"CADILLAC","LYRIQ","BEV",2,
"1GYKPPRK8R",2024,"CADILLAC","LYRIQ","BEV",2,
"1GYKPRRK2R",2024,"CADILLAC","LYRIQ","BEV",2,
"1GYKPPRK1R",2024,"CADILLAC","LYRIQ","BEV",2,
"1GYKPTRL6R",2024,"CADILLAC","LYRIQ","BEV",2,
"1GYKPRRL7R",2024,"CADILLAC","LYRIQ","BEV",2,
"1GYKPRRL5R",2024,"CADILLAC","LYRIQ","BEV",2,
"1GYKPTRK6R",2024,"CADILLAC","LYRIQ","BEV",2,
"1GYKPRRL4R",2024,"CADILLAC","LYRIQ","BEV",2,
"1GYKPRRL6R",2024,"CADILLAC","LYRIQ","BEV",2,
"1GYKPVRK4R",2024,"CADILLAC","LYRIQ","BEV",2,
"1GYKPSRK6R",2024,"CADILLAC","LYRIQ","BEV",2,
"1GYKPWRK5R",2024,"CADILLAC","LYRIQ","BEV",2,
"1GYKPVRK1R",2024,"CADILLAC","LYRIQ","BEV",2,
"1GYKPMRL9R",2024,"CADILLAC","LYRIQ","BEV",2,
"1GYKPPRK5R",2024,"CADILLAC","LYRIQ","BEV",2,
"1GYKPVRK0R",2024,"CADILLAC","LYRIQ","BEV",2,
"1GYKPTRK2R",2024,"CADILLAC","LYRIQ","BEV",2,
"1GYKPRRKXR",2024,"CADILLAC","LYRIQ","BEV",2,
"1GYKPPRK2R",2024,"CADILLAC","LYRIQ","BEV",2,
"1GYKPSRK8R",2024,"CADILLAC","LYRIQ","BEV",2,
"1GYKPTRK3R",2024,"CADILLAC","LYRIQ","BEV",2,
"1GYKPWRL7R",2024,"CADILLAC","LYRIQ","BEV",2,
"1GYKPPRK7R",2024,"CADILLAC","LYRIQ","BEV",2,
"1GYKPMRKXR",2024,"CADILLAC","LYRIQ","BEV",2,
"1GYKPMRK0R",2024,"CADILLAC","LYRIQ","BEV",2,
"1GYKPPRK9R",2024,"CADILLAC","LYRIQ","BEV",2,
"1GYKPVRLXR",2024,"CADILLAC","LYRIQ","BEV",2,
"1GYKPMRK4R",2024,"CADILLAC","LYRIQ","BEV",2,
"1GYKPRRK0R",2024,"CADILLAC","LYRIQ","BEV",2,
"1GYKPMRK8R",2024,"CADILLAC","LYRIQ","BEV",2,
"1GYKPTRL9R",2024,"CADILLAC","LYRIQ","BEV",2,
"1GYKPTRK5R",2024,"CADILLAC","LYRIQ","BEV",2,
"1GYKPSRKXR",2024,"CADILLAC","LYRIQ","BEV",2,
"1GYKPMRL1R",2024,"CADILLAC","LYRIQ","BEV",2,
"1GYKPVRK3R",2024,"CADILLAC","LYRIQ","BEV",2,
"1GYKPSRK0R",2024,"CADILLAC","LYRIQ","BEV",2,
"1GYKPMRK3R",2024,"CADILLAC","LYRIQ","BEV",2,
"1GYKPMRK9R",2024,"CADILLAC","LYRIQ","BEV",2,
"1GYKPTRKXR",2024,"CADILLAC","LYRIQ","BEV",2,
"1GYKPTRK1R",2024,"CADILLAC","LYRIQ","BEV",2,
"1GYKPRRK5R",2024,"CADILLAC","LYRIQ","BEV",2,
"1GYKPRRK7R",2024,"CADILLAC","LYRIQ","BEV",2,
"1GYKPWRK0R",2024,"CADILLAC","LYRIQ","BEV",2,
"1GYKPSRK1R",2024,"CADILLAC","LYRIQ","BEV",2,
"1GYKPWRK2R",2024,"CADILLAC","LYRIQ","BEV",2,
"1FT6W5L72R",2024,"FORD","F-150","BEV",2,
"1FTVW5L75R",2024,"FORD","F-150","BEV",2,
"1FT6W5L74R",2024,"FORD","F-150","BEV",2,
"1FT6W5L70R",2024,"FORD","F-150","BEV",2,
"1FT6W3L7XR",2024,"FORD","F-150","BEV",2,
"1FT6W3L76R",2024,"FORD","F-150","BEV",2,
"1FTVW3L73R",2024,"FORD","F-150","BEV",2,
"1FT6W3L77R",2024,"FORD","F-150","BEV",2,
"1FTVW3L78R",2024,"FORD","F-150","BEV",2,
"1FTVW1BK8R",2024,"FORD","F-150","BEV",2,
"1FTVW3LK6R",2024,"FORD","F-150","BEV",2,
"1FTVW3LK1R",2024,"FORD","F-150","BEV",2,
"1FT6W5L7XR",2024,"FORD","F-150","BEV",2,
"1FT6W5L79R",2024,"FORD","F-150","BEV",2,
"1FT6W5L71R",2024,"FORD","F-150","BEV",2,
"1FT6W5L77R",2024,"FORD","F-150","BEV",2,
"1FT6W3L78R",2024,"FORD","F-150","BEV",2,
"1FT6W5L75R",2024,"FORD","F-150","BEV",2,
"1FTVW3L74R",2024,"FORD","F-150","BEV",2,
"1FTVW3LKXR",2024,"FORD","F-150","BEV",2,
"1FT6W7L77R",2024,"FORD","F-150","BEV",2,
"1FT6W3L70R",2024,"FORD","F-150","BEV",2,
"1FT6W5L78R",2024,"FORD","F-150","BEV",2,
"1FT6W7L70R",2024,"FORD","F-150","BEV",2,
"1FTVW1BK3R",2024,"FORD","F-150","BEV",2,
"1FT6W3L75R",2024,"FORD","F-150","BEV",2,
"1FTVW3LK9R",2024,"FORD","F-150","BEV",2,
"1FTVW1BKXR",2024,"FORD","F-150","BEV",2,
"1FT6W7L71R",2024,"FORD","F-150","BEV",2,
"1FT6W7L72R",2024,"FORD","F-150","BEV",2,
"1FT6W5L73R",2024,"FORD","F-150","BEV",2,
"1FT6W3L71R",2024,"FORD","F-150","BEV",2,
"1FTVW1BK1R",2024,"FORD","F-150","BEV",2,
"1FTVW3L75R",2024,"FORD","F-150","BEV",2,
"1FTVW1BK7R",2024,"FORD","F-150","BEV",2,
"1FTVW1BK2R",2024,"FORD","F-150","BEV",2,
"1FTVW1BK6R",2024,"FORD","F-150","BEV",2,
"1FTVW3LK4R",2024,"FORD","F-150","BEV",2,
"1FT6W7L79R",2024,"FORD","F-150","BEV",2,
"1FTVW1BK4R",2024,"FORD","F-150","BEV",2,
"1FT6W7L75R",2024,"FORD","F-150","BEV",2,
"1FT6W7L73R",2024,"FORD","F-150","BEV",2,
"1FT6W3L73R",2024,"FORD","F-150","BEV",2,
"1FTVW3L71R",2024,"FORD","F-150","BEV",2,
"1FT6W5L76R",2024,"FORD","F-150","BEV",2,
"1FTVW3LK2R",2024,"FORD","F-150","BEV",2,
"1FT6W7L78R",2024,"FORD","F-150","BEV",2,
"1FTVW5L78R",2024,"FORD","F-150","BEV",2,
"1FTVW3L72R",2024,"FORD","F-150","BEV",2,
"1FTVW5L73R",2024,"FORD","F-150","BEV",2,
"1FTVW1BK9R",2024,"FORD","F-150","BEV",2,
"1FT6W1BM6R",2024,"FORD","F-150","BEV",2,
"1FTVW1BK0R",2024,"FORD","F-150","BEV",2,
"1FTVW3L77R",2024,"FORD","F-150","BEV",2,
"1FT6W3L74R",2024,"FORD","F-150","BEV",2,
"1FTVW3L79R",2024,"FORD","F-150","BEV",2,
"1FTVW1BK5R",2024,"FORD","F-150","BEV",2,
"1FTVW3L76R",2024,"FORD","F-150","BEV",2,
"1FT6W3L72R",2024,"FORD","F-150","BEV",2,
"1FT6W7L76R",2024,"FORD","F-150","BEV",2,
"1FTVW3LK0R",2024,"FORD","F-150","BEV",2,
"1FT6W7L7XR",2024,"FORD","F-150","BEV",2,
"1FT6W1B71R",2024,"FORD","F-150","BEV",2,
"1FT6W3L79R",2024,"FORD","F-150","BEV",2,
"1FTVW3LK7R",2024,"FORD","F-150","BEV",2,
"1FTVW5L72R",2024,"FORD","F-150","BEV",2,
"1FTVW3LK3R",2024,"FORD","F-150","BEV",2,
"1FT6W1B77R",2024,"FORD","F-150","BEV",2,
"1FTVW5L71R",2024,"FORD","F-150","BEV",2,
"1FT6W1B79R",2024,"FORD","F-150","BEV",2,
"1FT6W1BM5R",2024,"FORD","F-150","BEV",2,
"1FT6W1B75R",2024,"FORD","F-150","BEV",2,
"1FT6W1BM0R",2024,"FORD","F-150","BEV",2,
"1FT6W1B72R",2024,"FORD","F-150","BEV",2,
"1FTVW3L70R",2024,"FORD","F-150","BEV",2,
"1FT6W1B78R",2024,"FORD","F-150","BEV",2,
"1FTVW3LK8R",2024,"FORD","F-150","BEV",2,
"1FTVW3L7XR",2024,"FORD","F-150","BEV",2,
"1FT6W1B73R",2024,"FORD","F-150","BEV",2,
"1FTVW3LK5R",2024,"FORD","F-150","BEV",2,
"1FTVW5L74R",2024,"FORD","F-150","BEV",2,
"1FTVW5L70R",2024,"FORD","F-150","BEV",2,
"1FT6W1B74R",2024,"FORD","F-150","BEV",2,
"1FT6W7L74R",2024,"FORD","F-150","BEV",2,
"1FT6W1BM8R",2024,"FORD","F-150","BEV",2,
"1FT6W1BM2R",2024,"FORD","F-150","BEV",2,
"1FT6W1BM4R",2024,"FORD","F-150","BEV",2,
"1FT6W1BM7R",2024,"FORD","F-150","BEV",2,
"1FT6W1B76R",2024,"FORD","F-150","BEV",2,
"1FTVW5L7XR",2024,"FORD","F-150","BEV",2,
"1FT6W1B7XR",2024,"FORD","F-150","BEV",2,
"1FT6W1B70R",2024,"FORD","F-150","BEV",2,
"1FTVW5L77R",2024,"FORD","F-150","BEV",2,
"1FT6W1BMXR",2024,"FORD","F-150","BEV",2,
"1FT6W1BM9R",2024,"FORD","F-150","BEV",2,
"1FT6W1BM1R",2024,"FORD","F-150","BEV",2,
"1FT6W1BM3R",2024,"FORD","F-150","BEV",2,
"1FTVW5L79R",2024,"FORD","F-150","BEV",2,
"1FTVW5L76R",2024,"FORD","F-150","BEV",2,
"3FMTK4SX4R",2024,"FORD","MUSTANG MACH-E","BEV",2,
"3FMTK3SU9R",2024,"FORD","MUSTANG MACH-E","BEV",2,
"3FMTK3SU6R",2024,"FORD","MUSTANG MACH-E","BEV",2,
"3FMTK4SX0R",2024,"FORD","MUSTANG MACH-E","BEV",2,
"3FMTK3SU7R",2024,"FORD","MUSTANG MACH-E","BEV",2,
"3FMTK3S54R",2024,"FORD","MUSTANG MACH-E","BEV",2,
"3FMTK1SU2R",2024,"FORD","MUSTANG MACH-E","BEV",2,
"3FMTK1SU0R",2024,"FORD","MUSTANG MACH-E","BEV",2,
"3FMTK1R44R",2024,"FORD","MUSTANG MACH-E","BEV",2,
"3FMTK3S53R",2024,"FORD","MUSTANG MACH-E","BEV",2,
"3FMTK4SX9R",2024,"FORD","MUSTANG MACH-E","BEV",2,
"3FMTK1SU8R",2024,"FORD","MUSTANG MACH-E","BEV",2,
"3FMTK4SX1R",2024,"FORD","MUSTANG MACH-E","BEV",2,
"3FMTK3SU5R",2024,"FORD","MUSTANG MACH-E","BEV",2,
"3FMTK3SUXR",2024,"FORD","MUSTANG MACH-E","BEV",2,
"3FMTK4SX6R",2024,"FORD","MUSTANG MACH-E","BEV",2,
"3FMTK1R42R",2024,"FORD","MUSTANG MACH-E","BEV",2,
"3FMTK3SU2R",2024,"FORD","MUSTANG MACH-E","BEV",2,
"3FMTK1R46R",2024,"FORD","MUSTANG MACH-E","BEV",2,
"3FMTK3S5XR",2024,"FORD","MUSTANG MACH-E","BEV",2,
"3FMTK1SU4R",2024,"FORD","MUSTANG MACH-E","BEV",2,
"3FMTK3SU1R",2024,"FORD","MUSTANG MACH-E","BEV",2,
"3FMTK4SX3R",2024,"FORD","MUSTANG MACH-E","BEV",2,
"3FMTK3R7XR",2024,"FORD","MUSTANG MACH-E","BEV",2,
"3FMTK3SU0R",2024,"FORD","MUSTANG MACH-E","BEV",2,
"3FMTK3S58R",2024,"FORD","MUSTANG MACH-E","BEV",2,
"3FMTK1SU6R",2024,"FORD","MUSTANG MACH-E","BEV",2,
"3FMTK3SU3R",2024,"FORD","MUSTANG MACH-E","BEV",2,
"3FMTK1SUXR",2024,"FORD","MUSTANG MACH-E","BEV",2,
"3FMTK1R41R",2024,"FORD","MUSTANG MACH-E","BEV",2,
"3FMTK1S55R",2024,"FORD","MUSTANG MACH-E","BEV",2,
"3FMTK3R72R",2024,"FORD","MUSTANG MACH-E","BEV",2,
"3FMTK1S51R",2024,"FORD","MUSTANG MACH-E","BEV",2,
"3FMTK1SU3R",2024,"FORD","MUSTANG MACH-E","BEV",2,
"3FMTK1R47R",2024,"FORD","MUSTANG MACH-E","BEV",2,
"3FMTK3SU4R",2024,"FORD","MUSTANG MACH-E","BEV",2,
"3FMTK4SX7R",2024,"FORD","MUSTANG MACH-E","BEV",2,
"3FMTK4SX2R",2024,"FORD","MUSTANG MACH-E","BEV",2,
"3FMTK3R46R",2024,"FORD","MUSTANG MACH-E","BEV",2,
"3FMTK3SU8R",2024,"FORD","MUSTANG MACH-E","BEV",2,
"3FMTK1S54R",2024,"FORD","MUSTANG MACH-E","BEV",2,
"3FMTK1SU1R",2024,"FORD","MUSTANG MACH-E","BEV",2,
"3FMTK1R49R",2024,"FORD","MUSTANG MACH-E","BEV",2,
"3FMTK3S55R",2024,"FORD","MUSTANG MACH-E","BEV",2,
"3FMTK4SXXR",2024,"FORD","MUSTANG MACH-E","BEV",2,
"3FMTK1R48R",2024,"FORD","MUSTANG MACH-E","BEV",2,
"3FMTK1S50R",2024,"FORD","MUSTANG MACH-E","BEV",2,
"3FMTK1S59R",2024,"FORD","MUSTANG MACH-E","BEV",2,
"3FMTK1SU5R",2024,"FORD","MUSTANG MACH-E","BEV",2,
"3FMTK3R73R",2024,"FORD","MUSTANG MACH-E","BEV",2,
"3FMTK1SU9R",2024,"FORD","MUSTANG MACH-E","BEV",2,
"3FMTK4SX8R",2024,"FORD","MUSTANG MACH-E","BEV",2,
"3FMTK3R48R",2024,"FORD","MUSTANG MACH-E","BEV",2,
"3FMTK1R43R",2024,"FORD","MUSTANG MACH-E","BEV",2,
"3FMTK1S58R",2024,"FORD","MUSTANG MACH-E","BEV",2,
"3FMTK3S59R",2024,"FORD","MUSTANG MACH-E","BEV",2,
"3FMTK4SX5R",2024,"FORD","MUSTANG MACH-E","BEV",2,
"3FMTK3R76R",2024,"FORD","MUSTANG MACH-E","BEV",2,
"3FMTK3S57R",2024,"FORD","MUSTANG MACH-E","BEV",2,
"3FMTK1R40R",2024,"FORD","MUSTANG MACH-E","BEV",2,
"3FMTK3R75R",2024,"FORD","MUSTANG MACH-E","BEV",2,
"3FMTK3S50R",2024,"FORD","MUSTANG MACH-E","BEV",2,
"3FMTK3S56R",2024,"FORD","MUSTANG MACH-E","BEV",2,
"3FMTK1S5XR",2024,"FORD","MUSTANG MACH-E","BEV",2,
"3FMTK3R78R",2024,"FORD","MUSTANG MACH-E","BEV",2,
"3FMTK3S52R",2024,"FORD","MUSTANG MACH-E","BEV",2,
"3FMTK1SU7R",2024,"FORD","MUSTANG MACH-E","BEV",2,
"3FMTK3R40R",2024,"FORD","MUSTANG MACH-E","BEV",2,
"3FMTK3R79R",2024,"FORD","MUSTANG MACH-E","BEV",2,
"3FMTK3R45R",2024,"FORD","MUSTANG MACH-E","BEV",2,
"3FMTK1R45R",2024,"FORD","MUSTANG MACH-E","BEV",2,
"3FMTK3R43R",2024,"FORD","MUSTANG MACH-E","BEV",2,
"3FMTK1S56R",2024,"FORD","MUSTANG MACH-E","BEV",2,
"3FMTK1R4XR",2024,"FORD","MUSTANG MACH-E","BEV",2,
"3FMTK1S52R",2024,"FORD","MUSTANG MACH-E","BEV",2,
"3FMTK3S51R",2024,"FORD","MUSTANG MACH-E","BEV",2,
"3FMTK1S53R",2024,"FORD","MUSTANG MACH-E","BEV",2,
"3FMTK3R4XR",2024,"FORD","MUSTANG MACH-E","BEV",2,
"3FMTK3R77R",2024,"FORD","MUSTANG MACH-E","BEV",2,
"3FMTK3R47R",2024,"FORD","MUSTANG MACH-E","BEV",2,
"3FMTK3R44R",2024,"FORD","MUSTANG MACH-E","BEV",2,
"3FMTK3R71R",2024,"FORD","MUSTANG MACH-E","BEV",2,
"3FMTK1S57R",2024,"FORD","MUSTANG MACH-E","BEV",2,
"1FTBW1YK0R",2024,"FORD","TRANSIT","BEV",2,
"1FTBW1YK6R",2024,"FORD","TRANSIT","BEV",2,
"1FTBW9CM7R",2024,"FORD","TRANSIT","BEV",2,
"1FTBW1XK0R",2024,"FORD","TRANSIT","BEV",2,
"1FTBW9CM6R",2024,"FORD","TRANSIT","BEV",2,
"1FTBW9CM5R",2024,"FORD","TRANSIT","BEV",2,
"1FTBW1YKXR",2024,"FORD","TRANSIT","BEV",2,
"1FTBW3XM3R",2024,"FORD","TRANSIT","BEV",2,
"1FTBW3XM0R",2024,"FORD","TRANSIT","BEV",2,
"1FTBW1YM7R",2024,"FORD","TRANSIT","BEV",2,
"1FTBW1YM3R",2024,"FORD","TRANSIT","BEV",2,
"1FTBW9CM9R",2024,"FORD","TRANSIT","BEV",2,
"1FTBW3XK6R",2024,"FORD","TRANSIT","BEV",2,
"1FTBW1YMXR",2024,"FORD","TRANSIT","BEV",2,
"1FTBW9CM3R",2024,"FORD","TRANSIT","BEV",2,
"1FTBW1YM0R",2024,"FORD","TRANSIT","BEV",2,
"1FTBW9CM1R",2024,"FORD","TRANSIT","BEV",2,
"1FTBW1YM1R",2024,"FORD","TRANSIT","BEV",2,
"1FTBW9CM0R",2024,"FORD","TRANSIT","BEV",2,
"1FTBW9CM2R",2024,"FORD","TRANSIT","BEV",2,
"1FTBW9CM8R",2024,"FORD","TRANSIT","BEV",2,
"1FTBW1XM8R",2024,"FORD","TRANSIT","BEV",2,
"1FTBW1XM7R",2024,"FORD","TRANSIT","BEV",2,
"1FTBW3XM5R",2024,"FORD","TRANSIT","BEV",2,
"1FTBW1XM6R",2024,"FORD","TRANSIT","BEV",2,
"1FTBW1XMXR",2024,"FORD","TRANSIT","BEV",2,
"1FTBW1XM1R",2024,"FORD","TRANSIT","BEV",2,
"1FTBW1YM9R",2024,"FORD","TRANSIT","BEV",2,
"1FTBW1YM2R",2024,"FORD","TRANSIT","BEV",2,
"1FTBW3XM2R",2024,"FORD","TRANSIT","BEV",2,
"1FTBW1XM4R",2024,"FORD","TRANSIT","BEV",2,
"WAUCJBFW7R",2024,"AUDI","E-TRON GT","BEV",2,
"WAUEJBFWXR",2024,"AUDI","E-TRON GT","BEV",2,
"WA16CBGE9R",2024,"AUDI","SQ8","BEV",2,
"WA1DCBGE0R",2024,"AUDI","SQ8","BEV",2,
"WAUCJBFW5R",2024,"AUDI","E-TRON GT","BEV",2,
"WAUBHBFWXR",2024,"AUDI","RS E-TRON GT","BEV",2,
"WA16CBGE7R",2024,"AUDI","SQ8","BEV",2,
"WA14CBGE5R",2024,"AUDI","SQ8","BEV",2,
"WA16CBGE0R",2024,"AUDI","SQ8","BEV",2,
"WAUEJBFW0R",2024,"AUDI","E-TRON GT","BEV",2,
"WAUBHBFW8R",2024,"AUDI","RS E-TRON GT","BEV",2,
"WAUAHBFWXR",2024,"AUDI","RS E-TRON GT","BEV",2,
"WAUFJBFW0R",2024,"AUDI","E-TRON GT","BEV",2,
"WAUFJBFWXR",2024,"AUDI","E-TRON GT","BEV",2,
"WA16CBGE4R",2024,"AUDI","SQ8","BEV",2,
"WAUCJBFW8R",2024,"AUDI","E-TRON GT","BEV",2,
"WAUEJBFW3R",2024,"AUDI","E-TRON GT","BEV",2,
"WA16CBGE3R",2024,"AUDI","SQ8","BEV",2,
"WAUEJBFW9R",2024,"AUDI","E-TRON GT","BEV",2,
"WA14CBGE4R",2024,"AUDI","SQ8","BEV",2,
"WAUFJBFW5R",2024,"AUDI","E-TRON GT","BEV",2,
"WAUEJBFW2R",2024,"AUDI","E-TRON GT","BEV",2,
"WAUDJBFW7R",2024,"AUDI","E-TRON GT","BEV",2,
"WAUEJBFW5R",2024,"AUDI","E-TRON GT","BEV",2,
"WAUEJBFW8R",2024,"AUDI","E-TRON GT","BEV",2,
"WAUBHBFW4R",2024,"AUDI","RS E-TRON GT","BEV",2,
"WAUBHBFW6R",2024,"AUDI","RS E-TRON GT","BEV",2,
"WA16CBGE6R",2024,"AUDI","SQ8","BEV",2,
"WA16CBGEXR",2024,"AUDI","SQ8","BEV",2,
"WAUBHBFW5R",2024,"AUDI","RS E-TRON GT","BEV",2,
"WAUDJBFW5R",2024,"AUDI","E-TRON GT","BEV",2,
"WA1DCBGE2R",2024,"AUDI","SQ8","BEV",2,
"WAUBHBFW3R",2024,"AUDI","RS E-TRON GT","BEV",2,
"WAUBHBFW2R",2024,"AUDI","RS E-TRON GT","BEV",2,
"WA16CBGE5R",2024,"AUDI","SQ8","BEV",2,
"WAUCJBFW3R",2024,"AUDI","E-TRON GT","BEV",2,
"WA16CBGE8R",2024,"AUDI","SQ8","BEV",2,
"WA16CBGE2R",2024,"AUDI","SQ8","BEV",2,
"WAUBHBFW1R",2024,"AUDI","RS E-TRON GT","BEV",2,
"WAUEJBFW7R",2024,"AUDI","E-TRON GT","BEV",2,
"WAUEJBFW6R",2024,"AUDI","E-TRON GT","BEV",2,
"WAUCJBFW6R",2024,"AUDI","E-TRON GT","BEV",2,
"WA1BCBGE3R",2024,"AUDI","SQ8","BEV",2,
"WA1DCBGE1R",2024,"AUDI","SQ8","BEV",2,
"WA1DCBGE7R",2024,"AUDI","SQ8","BEV",2,
"WAUFJBFW7R",2024,"AUDI","E-TRON GT","BEV",2,
"WA1DCBGE3R",2024,"AUDI","SQ8","BEV",2,
"WA1BCBGE0R",2024,"AUDI","SQ8","BEV",2,
"WA14CBGE9R",2024,"AUDI","SQ8","BEV",2,
"WAUCJBFW1R",2024,"AUDI","E-TRON GT","BEV",2,
"WAUCJBFW4R",2024,"AUDI","E-TRON GT","BEV",2,
"WA15AAGE6R",2024,"AUDI","Q8","BEV",2,
"WA15AAGE7R",2024,"AUDI","Q8","BEV",2,
"WA1BAAGE7R",2024,"AUDI","Q8","BEV",2,
"WA14AAGE1R",2024,"AUDI","Q8","BEV",2,
"WA15AAGE3R",2024,"AUDI","Q8","BEV",2,
"WA16AAGE2R",2024,"AUDI","Q8","BEV",2,
"WA16AAGE8R",2024,"AUDI","Q8","BEV",2,
"WA1DAAGE3R",2024,"AUDI","Q8","BEV",2,
"WA15AAGE9R",2024,"AUDI","Q8","BEV",2,
"WA1DAAGEXR",2024,"AUDI","Q8","BEV",2,
"WA15AAGE8R",2024,"AUDI","Q8","BEV",2,
"WA1CAAGE1R",2024,"AUDI","Q8","BEV",2,
"WA15AAGE1R",2024,"AUDI","Q8","BEV",2,
"WA16ABGE1R",2024,"AUDI","Q8","BEV",2,
"WA1CAAGE3R",2024,"AUDI","Q8","BEV",2,
"WA14AAGE6R",2024,"AUDI","Q8","BEV",2,
"WA16AAGE0R",2024,"AUDI","Q8","BEV",2,
"WA14AAGEXR",2024,"AUDI","Q8","BEV",2,
"WA15AAGE2R",2024,"AUDI","Q8","BEV",2,
"WA16AAGE7R",2024,"AUDI","Q8","BEV",2,
"WA1DAAGE1R",2024,"AUDI","Q8","BEV",2,
"WA16ABGE6R",2024,"AUDI","Q8","BEV",2,
"WA15ABGE0R",2024,"AUDI","Q8","BEV",2,
"WA15AAGE0R",2024,"AUDI","Q8","BEV",2,
"WA1CAAGEXR",2024,"AUDI","Q8","BEV",2,
"WA16ABGE3R",2024,"AUDI","Q8","BEV",2,
"WA16ABGE2R",2024,"AUDI","Q8","BEV",2,
"WA16AAGE3R",2024,"AUDI","Q8","BEV",2,
"WA16AAGE1R",2024,"AUDI","Q8","BEV",2,
"WA15AAGEXR",2024,"AUDI","Q8","BEV",2,
"WA1DAAGE7R",2024,"AUDI","Q8","BEV",2,
"WA15AAGE4R",2024,"AUDI","Q8","BEV",2,
"WA16AAGE6R",2024,"AUDI","Q8","BEV",2,
"WA15AAGE5R",2024,"AUDI","Q8","BEV",2,
"WA16ABGE0R",2024,"AUDI","Q8","BEV",2,
"WA14AAGE5R",2024,"AUDI","Q8","BEV",2,
"WA1CAAGE7R",2024,"AUDI","Q8","BEV",2,
"WA16ABGE9R",2024,"AUDI","Q8","BEV",2,
"WA16AAGE4R",2024,"AUDI","Q8","BEV",2,
"WA16ABGE8R",2024,"AUDI","Q8","BEV",2,
"WA1DABGE3R",2024,"AUDI","Q8","BEV",2,
"WA1CAAGE2R",2024,"AUDI","Q8","BEV",2,
"WA16ABGE7R",2024,"AUDI","Q8","BEV",2,
"WA1DAAGE0R",2024,"AUDI","Q8","BEV",2,
"WA16AAGE9R",2024,"AUDI","Q8","BEV",2,
"WA14AAGE7R",2024,"AUDI","Q8","BEV",2,
"WA16AAGEXR",2024,"AUDI","Q8","BEV",2,
"WA1CAAGE5R",2024,"AUDI","Q8","BEV",2,
"WA15ABGE4R",2024,"AUDI","Q8","BEV",2,
"WA1CAAGE4R",2024,"AUDI","Q8","BEV",2,
"WA1BAAGE2R",2024,"AUDI","Q8","BEV",2,
"WA1BAAGE6R",2024,"AUDI","Q8","BEV",2,
"WA1CAAGE8R",2024,"AUDI","Q8","BEV",2,
"WA1CAAGE6R",2024,"AUDI","Q8","BEV",2,
"WA1DAAGE4R",2024,"AUDI","Q8","BEV",2,
"WA1CAAGE9R",2024,"AUDI","Q8","BEV",2,
"WA14AAGE2R",2024,"AUDI","Q8","BEV",2,
"WA15ABGEXR",2024,"AUDI","Q8","BEV",2,
"WA1CAAGE0R",2024,"AUDI","Q8","BEV",2,
"WA16ABGE5R",2024,"AUDI","Q8","BEV",2,
"WA14AAGE0R",2024,"AUDI","Q8","BEV",2,
"WA1DAAGE8R",2024,"AUDI","Q8","BEV",2,
"WA14AAGE8R",2024,"AUDI","Q8","BEV",2,
"WA1DAAGE5R",2024,"AUDI","Q8","BEV",2,
"WA16AAGE5R",2024,"AUDI","Q8","BEV",2,
"WA14AAGE9R",2024,"AUDI","Q8","BEV",2,
"WA16ABGEXR",2024,"AUDI","Q8","BEV",2,
"WA1DABGEXR",2024,"AUDI","Q8","BEV",2,
"WA16ABGE4R",2024,"AUDI","Q8","BEV",2,
"WA1BAAGEXR",2024,"AUDI","Q8","BEV",2,
"WA14AAGE3R",2024,"AUDI","Q8","BEV",2,
"WA1DABGE9R",2024,"AUDI","Q8","BEV",2,
"WA1EAAGE8R",2024,"AUDI","Q8","BEV",2,
"WA14AAGE4R",2024,"AUDI","Q8","BEV",2,
"WA1DABGE7R",2024,"AUDI","Q8","BEV",2,
"WA1DAAGE2R",2024,"AUDI","Q8","BEV",2,
"WA1CABGEXR",2024,"AUDI","Q8","BEV",2,
"WA14ABGE8R",2024,"AUDI","Q8","BEV",2,
"WA1DABGE4R",2024,"AUDI","Q8","BEV",2,
"WA1CABGE6R",2024,"AUDI","Q8","BEV",2,
"WA15ABGE9R",2024,"AUDI","Q8","BEV",2,
"WA1BAAGE9R",2024,"AUDI","Q8","BEV",2,
"WA1DAAGE9R",2024,"AUDI","Q8","BEV",2,
"WA1BCBFZ2R",2024,"AUDI","Q4","BEV",2,
"WA1LUBFZ1R",2024,"AUDI","Q4","BEV",2,
"WA1K2BFZ0R",2024,"AUDI","Q4","BEV",2,
"WA1LUBFZ5R",2024,"AUDI","Q4","BEV",2,
"WA1MUBFZ6R",2024,"AUDI","Q4","BEV",2,
"WA13UBFZ0R",2024,"AUDI","Q4","BEV",2,
"WA1MUBFZ8R",2024,"AUDI","Q4","BEV",2,
"WA1K2BFZXR",2024,"AUDI","Q4","BEV",2,
"WA1MUBFZXR",2024,"AUDI","Q4","BEV",2,
"WA1L2BFZ8R",2024,"AUDI","Q4","BEV",2,
"WA13UBFZ1R",2024,"AUDI","Q4","BEV",2,
"WA1KUBFZ2R",2024,"AUDI","Q4","BEV",2,
"WA14UBFZ9R",2024,"AUDI","Q4","BEV",2,
"WA1KUBFZ5R",2024,"AUDI","Q4","BEV",2,
"WA1L2BFZXR",2024,"AUDI","Q4","BEV",2,
"WA14UBFZXR",2024,"AUDI","Q4","BEV",2,
"WA1LUBFZ2R",2024,"AUDI","Q4","BEV",2,
"WA1M2BFZ7R",2024,"AUDI","Q4","BEV",2,
"WA1LUBFZ9R",2024,"AUDI","Q4","BEV",2,
"WA132BFZ6R",2024,"AUDI","Q4","BEV",2,
"WA1M2BFZ6R",2024,"AUDI","Q4","BEV",2,
"WA1M2BFZ2R",2024,"AUDI","Q4","BEV",2,
"WA142BFZ0R",2024,"AUDI","Q4","BEV",2,
"WA13UBFZ7R",2024,"AUDI","Q4","BEV",2,
"WA14UBFZ6R",2024,"AUDI","Q4","BEV",2,
"WA13UBFZ5R",2024,"AUDI","Q4","BEV",2,
"WA132BFZ5R",2024,"AUDI","Q4","BEV",2,
"WA1L2BFZ6R",2024,"AUDI","Q4","BEV",2,
"WA14UBFZ4R",2024,"AUDI","Q4","BEV",2,
"WA1MUBFZ9R",2024,"AUDI","Q4","BEV",2,
"WA1L2BFZ9R",2024,"AUDI","Q4","BEV",2,
"WA1K2BFZ7R",2024,"AUDI","Q4","BEV",2,
"WA1M2BFZXR",2024,"AUDI","Q4","BEV",2,
"WA1LUBFZ6R",2024,"AUDI","Q4","BEV",2,
"WA1LUBFZ0R",2024,"AUDI","Q4","BEV",2,
"WA1LUBFZXR",2024,"AUDI","Q4","BEV",2,
"WA1KUBFZ8R",2024,"AUDI","Q4","BEV",2,
"WA132BFZ2R",2024,"AUDI","Q4","BEV",2,
"WA142BFZXR",2024,"AUDI","Q4","BEV",2,
"WA1LUBFZ4R",2024,"AUDI","Q4","BEV",2,
"WA1L2BFZ3R",2024,"AUDI","Q4","BEV",2,
"WA1LUBFZ7R",2024,"AUDI","Q4","BEV",2,
"WA1LUBFZ8R",2024,"AUDI","Q4","BEV",2,
"WA1L2BFZ5R",2024,"AUDI","Q4","BEV",2,
"WA132BFZ8R",2024,"AUDI","Q4","BEV",2,
"WA1MUBFZ3R",2024,"AUDI","Q4","BEV",2,
"WA142BFZ8R",2024,"AUDI","Q4","BEV",2,
"WA132BFZXR",2024,"AUDI","Q4","BEV",2,
"WA1MUBFZ2R",2024,"AUDI","Q4","BEV",2,
"WA1L2BFZ4R",2024,"AUDI","Q4","BEV",2,
"WA1MUBFZ4R",2024,"AUDI","Q4","BEV",2,
"WA1L2BFZ7R",2024,"AUDI","Q4","BEV",2,
"WA1LUBFZ3R",2024,"AUDI","Q4","BEV",2,
"WA1L2BFZ0R",2024,"AUDI","Q4","BEV",2,
"WA1M2BFZ3R",2024,"AUDI","Q4","BEV",2,
"WA1KUBFZ1R",2024,"AUDI","Q4","BEV",2,
"WA1MUBFZ7R",2024,"AUDI","Q4","BEV",2,
"WA1BCBFZ4R",2024,"AUDI","Q4","BEV",2,
"WA1M2BFZ1R",2024,"AUDI","Q4","BEV",2,
"WA13UBFZ3R",2024,"AUDI","Q4","BEV",2,
"WA13UBFZXR",2024,"AUDI","Q4","BEV",2,
"WA13UBFZ4R",2024,"AUDI","Q4","BEV",2,
"WA1MUBFZ5R",2024,"AUDI","Q4","BEV",2,
"WA1MUBFZ0R",2024,"AUDI","Q4","BEV",2,
"WA1L2BFZ2R",2024,"AUDI","Q4","BEV",2,
"WA1KUBFZXR",2024,"AUDI","Q4","BEV",2,
"WA1KUBFZ9R",2024,"AUDI","Q4","BEV",2,
"WA1K2BFZ5R",2024,"AUDI","Q4","BEV",2,
"WA14UBFZ1R",2024,"AUDI","Q4","BEV",2,
"WA13UBFZ8R",2024,"AUDI","Q4","BEV",2,
"WA14UBFZ5R",2024,"AUDI","Q4","BEV",2,
"WA12UBFZ6R",2024,"AUDI","Q4","BEV",2,
"WA13UBFZ2R",2024,"AUDI","Q4","BEV",2,
"WA1M2BFZ9R",2024,"AUDI","Q4","BEV",2,
"WA1BCBFZ0R",2024,"AUDI","Q4","BEV",2,
"WA12UBFZ7R",2024,"AUDI","Q4","BEV",2,
"WA132BFZ0R",2024,"AUDI","Q4","BEV",2,
"WA1M2BFZ5R",2024,"AUDI","Q4","BEV",2,
"WA13UBFZ6R",2024,"AUDI","Q4","BEV",2,
"WA1K2BFZ1R",2024,"AUDI","Q4","BEV",2,
"WA1MUBFZ1R",2024,"AUDI","Q4","BEV",2,
"WA142BFZ6R",2024,"AUDI","Q4","BEV",2,
"WA1KUBFZ0R",2024,"AUDI","Q4","BEV",2,
"WA142BFZ9R",2024,"AUDI","Q4","BEV",2,
"WA1KUBFZ3R",2024,"AUDI","Q4","BEV",2,
"WA132BFZ9R",2024,"AUDI","Q4","BEV",2,
"WA14UBFZ3R",2024,"AUDI","Q4","BEV",2,
"WA1M2BFZ8R",2024,"AUDI","Q4","BEV",2,
"WA142BFZ7R",2024,"AUDI","Q4","BEV",2,
"WA142BFZ5R",2024,"AUDI","Q4","BEV",2,
"WA1M2BFZ0R",2024,"AUDI","Q4","BEV",2,
"WA1KUBFZ4R",2024,"AUDI","Q4","BEV",2,
"WA132BFZ4R",2024,"AUDI","Q4","BEV",2,
"WA122BFZ7R",2024,"AUDI","Q4","BEV",2,
"WA1K2BFZ3R",2024,"AUDI","Q4","BEV",2,
"WA142BFZ3R",2024,"AUDI","Q4","BEV",2,
"WA1L2BFZ1R",2024,"AUDI","Q4","BEV",2,
"WA1K2BFZ2R",2024,"AUDI","Q4","BEV",2,
"WA132BFZ7R",2024,"AUDI","Q4","BEV",2,
"WA1KUBFZ7R",2024,"AUDI","Q4","BEV",2,
"WA12UBFZXR",2024,"AUDI","Q4","BEV",2,
"WA132BFZ3R",2024,"AUDI","Q4","BEV",2,
"WA1K2BFZ9R",2024,"AUDI","Q4","BEV",2,
"WA1BCBFZ1R",2024,"AUDI","Q4","BEV",2,
"WA1BCBFZ8R",2024,"AUDI","Q4","BEV",2,
"WA13UBFZ9R",2024,"AUDI","Q4","BEV",2,
"WA122BFZ9R",2024,"AUDI","Q4","BEV",2,
"WA1K2BFZ4R",2024,"AUDI","Q4","BEV",2,
"WA1KUBFZ6R",2024,"AUDI","Q4","BEV",2,
"WA122BFZ5R",2024,"AUDI","Q4","BEV",2,
"WA142BFZ1R",2024,"AUDI","Q4","BEV",2,
"3FMTK3SS2P",2023,"FORD","MUSTANG MACH-E","BEV",2,
"3FMTK3S56P",2023,"FORD","MUSTANG MACH-E","BEV",2,
"3FMTK4SE7P",2023,"FORD","MUSTANG MACH-E","BEV",2,
"3FMTK3SU6P",2023,"FORD","MUSTANG MACH-E","BEV",2,
"3FMTK2SU1P",2023,"FORD","MUSTANG MACH-E","BEV",2,
"3FMTK2SU8P",2023,"FORD","MUSTANG MACH-E","BEV",2,
"3FMTK3S54P",2023,"FORD","MUSTANG MACH-E","BEV",2,
"3FMTK4SE0P",2023,"FORD","MUSTANG MACH-E","BEV",2,
"3FMTK3SU3P",2023,"FORD","MUSTANG MACH-E","BEV",2,
"3FMTK1SS5P",2023,"FORD","MUSTANG MACH-E","BEV",2,
"3FMTK2SU2P",2023,"FORD","MUSTANG MACH-E","BEV",2,
"3FMTK3SU9P",2023,"FORD","MUSTANG MACH-E","BEV",2,
"3FMTK2SU5P",2023,"FORD","MUSTANG MACH-E","BEV",2,
"3FMTK2SU7P",2023,"FORD","MUSTANG MACH-E","BEV",2,
"3FMTK3SU2P",2023,"FORD","MUSTANG MACH-E","BEV",2,
"3FMTK1S59P",2023,"FORD","MUSTANG MACH-E","BEV",2,
"3FMTK3SU4P",2023,"FORD","MUSTANG MACH-E","BEV",2,
"3FMTK2SU3P",2023,"FORD","MUSTANG MACH-E","BEV",2,
"3FMTK3SU7P",2023,"FORD","MUSTANG MACH-E","BEV",2,
"3FMTK2SU0P",2023,"FORD","MUSTANG MACH-E","BEV",2,
"3FMTK3S50P",2023,"FORD","MUSTANG MACH-E","BEV",2,
"3FMTK4SE8P",2023,"FORD","MUSTANG MACH-E","BEV",2,
"3FMTK3S52P",2023,"FORD","MUSTANG MACH-E","BEV",2,
"3FMTK1SS4P",2023,"FORD","MUSTANG MACH-E","BEV",2,
"3FMTK1RM2P",2023,"FORD","MUSTANG MACH-E","BEV",2,
"3FMTK1S57P",2023,"FORD","MUSTANG MACH-E","BEV",2,
"3FMTK1SS8P",2023,"FORD","MUSTANG MACH-E","BEV",2,
"3FMTK1SS3P",2023,"FORD","MUSTANG MACH-E","BEV",2,
"3FMTK1SS7P",2023,"FORD","MUSTANG MACH-E","BEV",2,
"3FMTK3RM2P",2023,"FORD","MUSTANG MACH-E","BEV",2,
"3FMTK3SS7P",2023,"FORD","MUSTANG MACH-E","BEV",2,
"3FMTK3S59P",2023,"FORD","MUSTANG MACH-E","BEV",2,
"3FMTK3S53P",2023,"FORD","MUSTANG MACH-E","BEV",2,
"3FMTK3SU5P",2023,"FORD","MUSTANG MACH-E","BEV",2,
"3FMTK4SE6P",2023,"FORD","MUSTANG MACH-E","BEV",2,
"3FMTK3R79P",2023,"FORD","MUSTANG MACH-E","BEV",2,
"3FMTK2SU4P",2023,"FORD","MUSTANG MACH-E","BEV",2,
"3FMTK3SS8P",2023,"FORD","MUSTANG MACH-E","BEV",2,
"3FMTK3SU8P",2023,"FORD","MUSTANG MACH-E","BEV",2,
"3FMTK4SX2P",2023,"FORD","MUSTANG MACH-E","BEV",2,
"3FMTK3SS0P",2023,"FORD","MUSTANG MACH-E","BEV",2,
"3FMTK3SSXP",2023,"FORD","MUSTANG MACH-E","BEV",2,
"3FMTK1S50P",2023,"FORD","MUSTANG MACH-E","BEV",2,
"3FMTK4SE4P",2023,"FORD","MUSTANG MACH-E","BEV",2,
"3FMTK2SU9P",2023,"FORD","MUSTANG MACH-E","BEV",2,
"3FMTK3SUXP",2023,"FORD","MUSTANG MACH-E","BEV",2,
"3FMTK2SUXP",2023,"FORD","MUSTANG MACH-E","BEV",2,
"3FMTK3SU1P",2023,"FORD","MUSTANG MACH-E","BEV",2,
"3FMTK4SX3P",2023,"FORD","MUSTANG MACH-E","BEV",2,
"3FMTK3RM0P",2023,"FORD","MUSTANG MACH-E","BEV",2,
"3FMTK1SSXP",2023,"FORD","MUSTANG MACH-E","BEV",2,
"3FMTK4SXXP",2023,"FORD","MUSTANG MACH-E","BEV",2,
"3FMTK1R42P",2023,"FORD","MUSTANG MACH-E","BEV",2,
"3FMTK3S5XP",2023,"FORD","MUSTANG MACH-E","BEV",2,
"3FMTK2SU6P",2023,"FORD","MUSTANG MACH-E","BEV",2,
"3FMTK3SS4P",2023,"FORD","MUSTANG MACH-E","BEV",2,
"3FMTK3R71P",2023,"FORD","MUSTANG MACH-E","BEV",2,
"3FMTK3SS9P",2023,"FORD","MUSTANG MACH-E","BEV",2,
"3FMTK4SX1P",2023,"FORD","MUSTANG MACH-E","BEV",2,
"3FMTK3SS1P",2023,"FORD","MUSTANG MACH-E","BEV",2,
"3FMTK4SE5P",2023,"FORD","MUSTANG MACH-E","BEV",2,
"3FMTK3SS6P",2023,"FORD","MUSTANG MACH-E","BEV",2,
"3FMTK1R46P",2023,"FORD","MUSTANG MACH-E","BEV",2,
"3FMTK4SX4P",2023,"FORD","MUSTANG MACH-E","BEV",2,
"3FMTK3SU0P",2023,"FORD","MUSTANG MACH-E","BEV",2,
"3FMTK1RM7P",2023,"FORD","MUSTANG MACH-E","BEV",2,
"3FMTK1S58P",2023,"FORD","MUSTANG MACH-E","BEV",2,
"3FMTK3R46P",2023,"FORD","MUSTANG MACH-E","BEV",2,
"3FMTK4SE2P",2023,"FORD","MUSTANG MACH-E","BEV",2,
"3FMTK4SE3P",2023,"FORD","MUSTANG MACH-E","BEV",2,
"3FMTK1SS9P",2023,"FORD","MUSTANG MACH-E","BEV",2,
"3FMTK3S57P",2023,"FORD","MUSTANG MACH-E","BEV",2,
"3FMTK4SX5P",2023,"FORD","MUSTANG MACH-E","BEV",2,
"3FMTK3R42P",2023,"FORD","MUSTANG MACH-E","BEV",2,
"3FMTK1RM9P",2023,"FORD","MUSTANG MACH-E","BEV",2,
"3FMTK1RM0P",2023,"FORD","MUSTANG MACH-E","BEV",2,
"3FMTK1SS6P",2023,"FORD","MUSTANG MACH-E","BEV",2,
"3FMTK3R44P",2023,"FORD","MUSTANG MACH-E","BEV",2,
"3FMTK3SS3P",2023,"FORD","MUSTANG MACH-E","BEV",2,
"3FMTK1RM3P",2023,"FORD","MUSTANG MACH-E","BEV",2,
"3FMTK4SX9P",2023,"FORD","MUSTANG MACH-E","BEV",2,
"3FMTK1S5XP",2023,"FORD","MUSTANG MACH-E","BEV",2,
"3FMTK1RM6P",2023,"FORD","MUSTANG MACH-E","BEV",2,
"3FMTK1SS1P",2023,"FORD","MUSTANG MACH-E","BEV",2,
"3FMTK1R49P",2023,"FORD","MUSTANG MACH-E","BEV",2,
"3FMTK3R49P",2023,"FORD","MUSTANG MACH-E","BEV",2,
"3FMTK4SEXP",2023,"FORD","MUSTANG MACH-E","BEV",2,
"3FMTK1R47P",2023,"FORD","MUSTANG MACH-E","BEV",2,
"3FMTK4SX0P",2023,"FORD","MUSTANG MACH-E","BEV",2,
"3FMTK3SS5P",2023,"FORD","MUSTANG MACH-E","BEV",2,
"3FMTK1R43P",2023,"FORD","MUSTANG MACH-E","BEV",2,
"3FMTK3S55P",2023,"FORD","MUSTANG MACH-E","BEV",2,
"3FMTK1R4XP",2023,"FORD","MUSTANG MACH-E","BEV",2,
"3FMTK1RM4P",2023,"FORD","MUSTANG MACH-E","BEV",2,
"3FMTK1SS0P",2023,"FORD","MUSTANG MACH-E","BEV",2,
"3FMTK3RM4P",2023,"FORD","MUSTANG MACH-E","BEV",2,
"3FMTK4SX8P",2023,"FORD","MUSTANG MACH-E","BEV",2,
"3FMTK3RM8P",2023,"FORD","MUSTANG MACH-E","BEV",2,
"3FMTK1R45P",2023,"FORD","MUSTANG MACH-E","BEV",2,
"3FMTK1R41P",2023,"FORD","MUSTANG MACH-E","BEV",2,
"3FMTK1S51P",2023,"FORD","MUSTANG MACH-E","BEV",2,
"3FMTK3R47P",2023,"FORD","MUSTANG MACH-E","BEV",2,
"3FMTK3S58P",2023,"FORD","MUSTANG MACH-E","BEV",2,
"3FMTK4SE1P",2023,"FORD","MUSTANG MACH-E","BEV",2,
"3FMTK3S51P",2023,"FORD","MUSTANG MACH-E","BEV",2,
"3FMTK3R76P",2023,"FORD","MUSTANG MACH-E","BEV",2,
"3FMTK1S52P",2023,"FORD","MUSTANG MACH-E","BEV",2,
"3FMTK1S56P",2023,"FORD","MUSTANG MACH-E","BEV",2,
"3FMTK3R70P",2023,"FORD","MUSTANG MACH-E","BEV",2,
"3FMTK4SX7P",2023,"FORD","MUSTANG MACH-E","BEV",2,
"3FMTK3R77P",2023,"FORD","MUSTANG MACH-E","BEV",2,
"3FMTK3R7XP",2023,"FORD","MUSTANG MACH-E","BEV",2,
"3FMTK1RMXP",2023,"FORD","MUSTANG MACH-E","BEV",2,
"3FMTK3R78P",2023,"FORD","MUSTANG MACH-E","BEV",2,
"3FMTK3RM7P",2023,"FORD","MUSTANG MACH-E","BEV",2,
"3FMTK3RM9P",2023,"FORD","MUSTANG MACH-E","BEV",2,
"3FMTK3RM6P",2023,"FORD","MUSTANG MACH-E","BEV",2,
"3FMTK4SX6P",2023,"FORD","MUSTANG MACH-E","BEV",2,
"3FMTK3R75P",2023,"FORD","MUSTANG MACH-E","BEV",2,
"3FMTK1R44P",2023,"FORD","MUSTANG MACH-E","BEV",2,
"3FMTK3R74P",2023,"FORD","MUSTANG MACH-E","BEV",2,
"3FMTK3RM5P",2023,"FORD","MUSTANG MACH-E","BEV",2,
"3FMTK1R40P",2023,"FORD","MUSTANG MACH-E","BEV",2,
"3FMTK1S54P",2023,"FORD","MUSTANG MACH-E","BEV",2,
"3FMTK3RM3P",2023,"FORD","MUSTANG MACH-E","BEV",2,
"3FMTK4SE9P",2023,"FORD","MUSTANG MACH-E","BEV",2,
"3FMTK1S55P",2023,"FORD","MUSTANG MACH-E","BEV",2,
"3FMTK3RM1P",2023,"FORD","MUSTANG MACH-E","BEV",2,
"3FMTK1SS2P",2023,"FORD","MUSTANG MACH-E","BEV",2,
"3FMTK1RM1P",2023,"FORD","MUSTANG MACH-E","BEV",2,
"3FMTK1RM5P",2023,"FORD","MUSTANG MACH-E","BEV",2,
"3FMTK3R45P",2023,"FORD","MUSTANG MACH-E","BEV",2,
"3FMTK3R43P",2023,"FORD","MUSTANG MACH-E","BEV",2,
"3FMTK1S53P",2023,"FORD","MUSTANG MACH-E","BEV",2,
"3FMTK3R40P",2023,"FORD","MUSTANG MACH-E","BEV",2,
"3FMTK1R48P",2023,"FORD","MUSTANG MACH-E","BEV",2,
"3FMTK3R4XP",2023,"FORD","MUSTANG MACH-E","BEV",2,
"3FMTK3R73P",2023,"FORD","MUSTANG MACH-E","BEV",2,
"3FMTK3RMXP",2023,"FORD","MUSTANG MACH-E","BEV",2,
"3FMTK3R41P",2023,"FORD","MUSTANG MACH-E","BEV",2,
"3FMTK3R72P",2023,"FORD","MUSTANG MACH-E","BEV",2,
"3FMTK3R48P",2023,"FORD","MUSTANG MACH-E","BEV",2,
"1FTVW1EV2P",2023,"FORD","F-150","BEV",2,
"1FTVW1EV3P",2023,"FORD","F-150","BEV",2,
"1FTVW1EL0P",2023,"FORD","F-150","BEV",2,
"1FTBW9CK7P",2023,"FORD","TRANSIT","BEV",2,
"1FTVW1EL3P",2023,"FORD","F-150","BEV",2,
"1FTBW9CK1P",2023,"FORD","TRANSIT","BEV",2,
"1FTVW1EL5P",2023,"FORD","F-150","BEV",2,
"1FTVW1EV5P",2023,"FORD","F-150","BEV",2,
"1FTVW1EL6P",2023,"FORD","F-150","BEV",2,
"1FT6W1EVXP",2023,"FORD","F-150","BEV",2,
"1FTBW3XK3P",2023,"FORD","TRANSIT","BEV",2,
"1FT6W1EV2P",2023,"FORD","F-150","BEV",2,
"1FT6W1EV6P",2023,"FORD","F-150","BEV",2,
"1FTBW3XK6P",2023,"FORD","TRANSIT","BEV",2,
"1FTVW1EV7P",2023,"FORD","F-150","BEV",2,
"1FTVW1EL7P",2023,"FORD","F-150","BEV",2,
"1FTVW1EV9P",2023,"FORD","F-150","BEV",2,
"1FTVW1EL9P",2023,"FORD","F-150","BEV",2,
"1FTBW9CK9P",2023,"FORD","TRANSIT","BEV",2,
"1FTBW9CK4P",2023,"FORD","TRANSIT","BEV",2,
"1FTVW1EV0P",2023,"FORD","F-150","BEV",2,
"1FT6W1EV8P",2023,"FORD","F-150","BEV",2,
"1FT6W1EV7P",2023,"FORD","F-150","BEV",2,
"1FT6W1EV3P",2023,"FORD","F-150","BEV",2,
"1FT6W1EV1P",2023,"FORD","F-150","BEV",2,
"1FT6W1EV9P",2023,"FORD","F-150","BEV",2,
"1FTVW1EV1P",2023,"FORD","F-150","BEV",2,
"1FTVW1EL2P",2023,"FORD","F-150","BEV",2,
"1FTBW3XK1P",2023,"FORD","TRANSIT","BEV",2,
"1FT6W1EV4P",2023,"FORD","F-150","BEV",2,
"1FTVW1EL8P",2023,"FORD","F-150","BEV",2,
"1FT6W1EV5P",2023,"FORD","F-150","BEV",2,
"1FTVW1ELXP",2023,"FORD","F-150","BEV",2,
"1FTVW1EL4P",2023,"FORD","F-150","BEV",2,
"1FTVW1EV6P",2023,"FORD","F-150","BEV",2,
"1FTBW1YK1P",2023,"FORD","TRANSIT","BEV",2,
"1FTVW1EV8P",2023,"FORD","F-150","BEV",2,
"1FTVW1EL1P",2023,"FORD","F-150","BEV",2,
"1FTVW1EV4P",2023,"FORD","F-150","BEV",2,
"1FT6W1EV0P",2023,"FORD","F-150","BEV",2,
"1FTBW9CK2P",2023,"FORD","TRANSIT","BEV",2,
"1FTBW9CK3P",2023,"FORD","TRANSIT","BEV",2,
"1FTVW1EVXP",2023,"FORD","F-150","BEV",2,
"1FTBW1YK3P",2023,"FORD","TRANSIT","BEV",2,
"1FTBW1YK4P",2023,"FORD","TRANSIT","BEV",2,
"1FTBW1XK4P",2023,"FORD","TRANSIT","BEV",2,
"1FTBW1YK0P",2023,"FORD","TRANSIT","BEV",2,
"1FTBW1YK7P",2023,"FORD","TRANSIT","BEV",2,
"1FTBW1XK9P",2023,"FORD","TRANSIT","BEV",2,
"1FTBW9CKXP",2023,"FORD","TRANSIT","BEV",2,
"1FTBW9CK6P",2023,"FORD","TRANSIT","BEV",2,
"1FTBW9CK8P",2023,"FORD","TRANSIT","BEV",2,
"1FTBW1YK5P",2023,"FORD","TRANSIT","BEV",2,
"1FTBW9CK0P",2023,"FORD","TRANSIT","BEV",2,
"1FTBW3XK7P",2023,"FORD","TRANSIT","BEV",2,
"1FTBW9CK5P",2023,"FORD","TRANSIT","BEV",2,
"1FTBW3XK5P",2023,"FORD","TRANSIT","BEV",2,
"1FTBW3XK4P",2023,"FORD","TRANSIT","BEV",2,
"1FTBW1XK1P",2023,"FORD","TRANSIT","BEV",2,
"1FTBW3XK2P",2023,"FORD","TRANSIT","BEV",2,
"1FTBW1XK8P",2023,"FORD","TRANSIT","BEV",2,
"1FTBW3XKXP",2023,"FORD","TRANSIT","BEV",2,
"1FTBW1XK6P",2023,"FORD","TRANSIT","BEV",2,
"1FTBW1XK3P",2023,"FORD","TRANSIT","BEV",2,
"1FTBW3XK9P",2023,"FORD","TRANSIT","BEV",2,
"1FTBW3XK8P",2023,"FORD","TRANSIT","BEV",2,
"1FTBW1YK2P",2023,"FORD","TRANSIT","BEV",2,
"1FTBW1YK8P",2023,"FORD","TRANSIT","BEV",2,
"1FTBW1XK0P",2023,"FORD","TRANSIT","BEV",2,
"1FTBW1YKXP",2023,"FORD","TRANSIT","BEV",2,
"1FTBW1YK9P",2023,"FORD","TRANSIT","BEV",2,
"1FTBW3XK0P",2023,"FORD","TRANSIT","BEV",2,
"1FTLW1YK2P",2023,"FORD","TRANSIT","BEV",2,
"1FTBW1XK7P",2023,"FORD","TRANSIT","BEV",2,
"1FTBW1YK6P",2023,"FORD","TRANSIT","BEV",2,
"1FTBW1XKXP",2023,"FORD","TRANSIT","BEV",2,
"1FTBW1XK2P",2023,"FORD","TRANSIT","BEV",2,
"WAUBHBFWXP",2023,"AUDI","RS E-TRON GT","BEV",2,
"WA12AAGE8P",2023,"AUDI","E-TRON","BEV",2,
"WA1AAAGE1P",2023,"AUDI","E-TRON","BEV",2,
"WAUDJBFWXP",2023,"AUDI","E-TRON GT","BEV",2,
"WA13ABGE1P",2023,"AUDI","E-TRON","BEV",2,
"WA11CBGE0P",2023,"AUDI","E-TRON","BEV",2,
"WAUBHBFW1P",2023,"AUDI","RS E-TRON GT","BEV",2,
"WAUEJBFW5P",2023,"AUDI","E-TRON GT","BEV",2,
"WA1AAAGE0P",2023,"AUDI","E-TRON","BEV",2,
"WA1LAAGE1P",2023,"AUDI","E-TRON","BEV",2,
"WA1LAAGE5P",2023,"AUDI","E-TRON","BEV",2,
"WA1VABGE3P",2023,"AUDI","E-TRON","BEV",2,
"WAUEJBFW0P",2023,"AUDI","E-TRON GT","BEV",2,
"WAUFJBFWXP",2023,"AUDI","E-TRON GT","BEV",2,
"WA11CBGE2P",2023,"AUDI","E-TRON","BEV",2,
"WAUEJBFW7P",2023,"AUDI","E-TRON GT","BEV",2,
"WA1VCBGE2P",2023,"AUDI","E-TRON","BEV",2,
"WA13ABGE2P",2023,"AUDI","E-TRON","BEV",2,
"WA1LAAGEXP",2023,"AUDI","E-TRON","BEV",2,
"WAUDJBFW0P",2023,"AUDI","E-TRON GT","BEV",2,
"WAUBHBFW2P",2023,"AUDI","RS E-TRON GT","BEV",2,
"WAUBHBFW9P",2023,"AUDI","RS E-TRON GT","BEV",2,
"WAUFJBFW8P",2023,"AUDI","E-TRON GT","BEV",2,
"WA1VABGE2P",2023,"AUDI","E-TRON","BEV",2,
"WA1AAAGE2P",2023,"AUDI","E-TRON","BEV",2,
"WAUFJBFW9P",2023,"AUDI","E-TRON GT","BEV",2,
"WA12AAGE0P",2023,"AUDI","E-TRON","BEV",2,
"WA12AAGE2P",2023,"AUDI","E-TRON","BEV",2,
"WA1VCBGE5P",2023,"AUDI","E-TRON","BEV",2,
"WA1LAAGE4P",2023,"AUDI","E-TRON","BEV",2,
"WA1VCBGE8P",2023,"AUDI","E-TRON","BEV",2,
"WA1AAAGE4P",2023,"AUDI","E-TRON","BEV",2,
"WAUEJBFW6P",2023,"AUDI","E-TRON GT","BEV",2,
"WA1LABGE1P",2023,"AUDI","E-TRON","BEV",2,
"WAUCJBFW4P",2023,"AUDI","E-TRON GT","BEV",2,
"WA12AAGE1P",2023,"AUDI","E-TRON","BEV",2,
"WAUBHBFW0P",2023,"AUDI","RS E-TRON GT","BEV",2,
"WA1VABGE4P",2023,"AUDI","E-TRON","BEV",2,
"WAUFJBFW4P",2023,"AUDI","E-TRON GT","BEV",2,
"WA1VCBGE7P",2023,"AUDI","E-TRON","BEV",2,
"WAUCJBFW6P",2023,"AUDI","E-TRON GT","BEV",2,
"WA1VABGE5P",2023,"AUDI","E-TRON","BEV",2,
"WA1VABGE7P",2023,"AUDI","E-TRON","BEV",2,
"WAUEJBFW4P",2023,"AUDI","E-TRON GT","BEV",2,
"WAUDJBFW4P",2023,"AUDI","E-TRON GT","BEV",2,
"WA1VABGE9P",2023,"AUDI","E-TRON","BEV",2,
"WA1LAAGE6P",2023,"AUDI","E-TRON","BEV",2,
"WAUEJBFW2P",2023,"AUDI","E-TRON GT","BEV",2,
"WA1VABGE8P",2023,"AUDI","E-TRON","BEV",2,
"WAUBHBFW6P",2023,"AUDI","RS E-TRON GT","BEV",2,
"WA1AABGE9P",2023,"AUDI","E-TRON","BEV",2,
"WAUFJBFW2P",2023,"AUDI","E-TRON GT","BEV",2,
"WAUFJBFW5P",2023,"AUDI","E-TRON GT","BEV",2,
"WA1VABGE0P",2023,"AUDI","E-TRON","BEV",2,
"WA13ABGEXP",2023,"AUDI","E-TRON","BEV",2,
"WAUCJBFWXP",2023,"AUDI","E-TRON GT","BEV",2,
"WA1LAAGE2P",2023,"AUDI","E-TRON","BEV",2,
"WA1AAAGE5P",2023,"AUDI","E-TRON","BEV",2,
"WA1LAAGE0P",2023,"AUDI","E-TRON","BEV",2,
"WA1VABGE1P",2023,"AUDI","E-TRON","BEV",2,
"WA1LAAGE8P",2023,"AUDI","E-TRON","BEV",2,
"WA1VABGE6P",2023,"AUDI","E-TRON","BEV",2,
"WA1AAAGE6P",2023,"AUDI","E-TRON","BEV",2,
"WA1LAAGE9P",2023,"AUDI","E-TRON","BEV",2,
"WAUBHBFW8P",2023,"AUDI","RS E-TRON GT","BEV",2,
"WAUFJBFW3P",2023,"AUDI","E-TRON GT","BEV",2,
"WA12AAGE9P",2023,"AUDI","E-TRON","BEV",2,
"WA11AAGE4P",2023,"AUDI","E-TRON","BEV",2,
"WA1LAAGE3P",2023,"AUDI","E-TRON","BEV",2,
"WAUCJBFW1P",2023,"AUDI","E-TRON GT","BEV",2,
"WAUBHBFW3P",2023,"AUDI","RS E-TRON GT","BEV",2,
"WA1ACBGEXP",2023,"AUDI","E-TRON","BEV",2,
"WAUFJBFW7P",2023,"AUDI","E-TRON GT","BEV",2,
"WA13CBGE2P",2023,"AUDI","E-TRON","BEV",2,
"WA11AAGE6P",2023,"AUDI","E-TRON","BEV",2,
"WA12AAGE6P",2023,"AUDI","E-TRON","BEV",2,
"WA13ABGE4P",2023,"AUDI","E-TRON","BEV",2,
"WA12AAGE5P",2023,"AUDI","E-TRON","BEV",2,
"WAUCJBFW9P",2023,"AUDI","E-TRON GT","BEV",2,
"WA13CBGE7P",2023,"AUDI","E-TRON","BEV",2,
"WA1VCBGE3P",2023,"AUDI","E-TRON","BEV",2,
"WAUFJBFW6P",2023,"AUDI","E-TRON GT","BEV",2,
"WA1LAAGE7P",2023,"AUDI","E-TRON","BEV",2,
"WAUEJBFWXP",2023,"AUDI","E-TRON GT","BEV",2,
"WA13ABGE7P",2023,"AUDI","E-TRON","BEV",2,
"WAUCJBFW8P",2023,"AUDI","E-TRON GT","BEV",2,
"WAUCJBFW0P",2023,"AUDI","E-TRON GT","BEV",2,
"WAUBHBFW5P",2023,"AUDI","RS E-TRON GT","BEV",2,
"WA1AAAGE3P",2023,"AUDI","E-TRON","BEV",2,
"WAUCJBFW3P",2023,"AUDI","E-TRON GT","BEV",2,
"WA1VCBGE0P",2023,"AUDI","E-TRON","BEV",2,
"WA1ACBGE0P",2023,"AUDI","E-TRON","BEV",2,
"WA1LABGE4P",2023,"AUDI","E-TRON","BEV",2,
"WAUDJBFW1P",2023,"AUDI","E-TRON GT","BEV",2,
"WA1AAAGE7P",2023,"AUDI","E-TRON","BEV",2,
"WA1VCBGEXP",2023,"AUDI","E-TRON","BEV",2,
"WAUFJBFW0P",2023,"AUDI","E-TRON GT","BEV",2,
"WA12AAGEXP",2023,"AUDI","E-TRON","BEV",2,
"WA12AAGE7P",2023,"AUDI","E-TRON","BEV",2,
"WAUEJBFW9P",2023,"AUDI","E-TRON GT","BEV",2,
"WA1LABGE3P",2023,"AUDI","E-TRON","BEV",2,
"WAUCJBFW5P",2023,"AUDI","E-TRON GT","BEV",2,
"WA1VCBGE6P",2023,"AUDI","E-TRON","BEV",2,
"WA1M2BFZXP",2023,"AUDI","Q4","BEV",2,
"WA1L2BFZ9P",2023,"AUDI","Q4","BEV",2,
"WA132BFZ3P",2023,"AUDI","Q4","BEV",2,
"WA1BCBFZ5P",2023,"AUDI","Q4","BEV",2,
"WA1L2BFZ6P",2023,"AUDI","Q4","BEV",2,
"WA1BCBFZ2P",2023,"AUDI","Q4","BEV",2,
"WA1L2BFZ3P",2023,"AUDI","Q4","BEV",2,
"WA1L2BFZ8P",2023,"AUDI","Q4","BEV",2,
"WA122BFZ4P",2023,"AUDI","Q4","BEV",2,
"WA132BFZ5P",2023,"AUDI","Q4","BEV",2,
"WA1L2BFZXP",2023,"AUDI","Q4","BEV",2,
"WA1M2BFZ8P",2023,"AUDI","Q4","BEV",2,
"WA1L2BFZ0P",2023,"AUDI","Q4","BEV",2,
"WA1BCBFZ7P",2023,"AUDI","Q4","BEV",2,
"WA142BFZ5P",2023,"AUDI","Q4","BEV",2,
"WA1M2BFZ5P",2023,"AUDI","Q4","BEV",2,
"WA1M2BFZ9P",2023,"AUDI","Q4","BEV",2,
"WA1L2BFZ2P",2023,"AUDI","Q4","BEV",2,
"WA1L2BFZ5P",2023,"AUDI","Q4","BEV",2,
"WA1BCBFZ1P",2023,"AUDI","Q4","BEV",2,
"WA1L2BFZ4P",2023,"AUDI","Q4","BEV",2,
"WA1BCBFZ6P",2023,"AUDI","Q4","BEV",2,
"WA142BFZ9P",2023,"AUDI","Q4","BEV",2,
"WA132BFZ7P",2023,"AUDI","Q4","BEV",2,
"WA1M2BFZ1P",2023,"AUDI","Q4","BEV",2,
"WA132BFZXP",2023,"AUDI","Q4","BEV",2,
"WA1BCBFZ3P",2023,"AUDI","Q4","BEV",2,
"WA1M2BFZ7P",2023,"AUDI","Q4","BEV",2,
"WA142BFZ0P",2023,"AUDI","Q4","BEV",2,
"WA1L2BFZ1P",2023,"AUDI","Q4","BEV",2,
"WA132BFZ1P",2023,"AUDI","Q4","BEV",2,
"WA142BFZ8P",2023,"AUDI","Q4","BEV",2,
"WA142BFZ4P",2023,"AUDI","Q4","BEV",2,
"WA1M2BFZ2P",2023,"AUDI","Q4","BEV",2,
"WA1K2BFZ9P",2023,"AUDI","Q4","BEV",2,
"WA1BCBFZXP",2023,"AUDI","Q4","BEV",2,
"WA1L2BFZ7P",2023,"AUDI","Q4","BEV",2,
"WA1BCBFZ4P",2023,"AUDI","Q4","BEV",2,
"WA1M2BFZ4P",2023,"AUDI","Q4","BEV",2,
"WA1M2BFZ3P",2023,"AUDI","Q4","BEV",2,
"WA122BFZ9P",2023,"AUDI","Q4","BEV",2,
"WA1K2BFZ6P",2023,"AUDI","Q4","BEV",2,
"WA1M2BFZ0P",2023,"AUDI","Q4","BEV",2,
"WA132BFZ4P",2023,"AUDI","Q4","BEV",2,
"WA1BCBFZ9P",2023,"AUDI","Q4","BEV",2,
"WA142BFZ1P",2023,"AUDI","Q4","BEV",2,
"WA1K2BFZ4P",2023,"AUDI","Q4","BEV",2,
"WA1M2BFZ6P",2023,"AUDI","Q4","BEV",2,
"WA1BCBFZ8P",2023,"AUDI","Q4","BEV",2,
"WA1K2BFZ1P",2023,"AUDI","Q4","BEV",2,
"WA142BFZ3P",2023,"AUDI","Q4","BEV",2,
"WA142BFZ6P",2023,"AUDI","Q4","BEV",2,
"WA142BFZ2P",2023,"AUDI","Q4","BEV",2,
"WA1ACBFZ6P",2023,"AUDI","Q4","BEV",2,
"WA122BFZ1P",2023,"AUDI","Q4","BEV",2,
"WA132BFZ9P",2023,"AUDI","Q4","BEV",2,
"WA1K2BFZ5P",2023,"AUDI","Q4","BEV",2,
"WA122BFZ0P",2023,"AUDI","Q4","BEV",2,
"WA142BFZ7P",2023,"AUDI","Q4","BEV",2,
"WA1K2BFZ7P",2023,"AUDI","Q4","BEV",2,
"WA122BFZ8P",2023,"AUDI","Q4","BEV",2,
"WA1BCBFZ0P",2023,"AUDI","Q4","BEV",2,
"WA132BFZ0P",2023,"AUDI","Q4","BEV",2,
"WA122BFZ3P",2023,"AUDI","Q4","BEV",2,
"WA122BFZ2P",2023,"AUDI","Q4","BEV",2,
"WA132BFZ2P",2023,"AUDI","Q4","BEV",2,
"WA122BFZXP",2023,"AUDI","Q4","BEV",2,
"WA1K2BFZ3P",2023,"AUDI","Q4","BEV",2,
"WA1K2BFZ8P",2023,"AUDI","Q4","BEV",2,
"WA1K2BFZ0P",2023,"AUDI","Q4","BEV",2,
"WA1K2BFZXP",2023,"AUDI","Q4","BEV",2,
"4JGDM4EB2P",2023,"MERCEDES-BENZ","EQS-CLASS SUV","BEV",2,
"W1N9M0KB4P",2023,"MERCEDES-BENZ","EQB-CLASS","BEV",2,
"W1KCG2EB6P",2023,"MERCEDES-BENZ","EQS-CLASS SEDAN","BEV",2,
"W1N9M1DB3P",2023,"MERCEDES-BENZ","EQB-CLASS","BEV",2,
"W1N9M0KB5P",2023,"MERCEDES-BENZ","EQB-CLASS","BEV",2,
"W1KCG2DB4P",2023,"MERCEDES-BENZ","EQS-CLASS SEDAN","BEV",2,
"W1N9M0KB9P",2023,"MERCEDES-BENZ","EQB-CLASS","BEV",2,
"4JGDM2EB0P",2023,"MERCEDES-BENZ","EQS-CLASS SUV","BEV",2,
"4JGGM1CBXP",2023,"MERCEDES-BENZ","EQE-CLASS SUV","BEV",2,
"W1N9M0KB6P",2023,"MERCEDES-BENZ","EQB-CLASS","BEV",2,
"4JGGM1CB5P",2023,"MERCEDES-BENZ","EQE-CLASS SUV","BEV",2,
"4JGGM1CB1P",2023,"MERCEDES-BENZ","EQE-CLASS SUV","BEV",2,
"4JGGM2CB5P",2023,"MERCEDES-BENZ","EQE-CLASS SUV","BEV",2,
"4JGGM1CB4P",2023,"MERCEDES-BENZ","EQE-CLASS SUV","BEV",2,
"4JGDM2EB2P",2023,"MERCEDES-BENZ","EQS-CLASS SUV","BEV",2,
"W1N9M0CBXP",2023,"MERCEDES-BENZ","EQB-CLASS","BEV",2,
"4JGDM2EB6P",2023,"MERCEDES-BENZ","EQS-CLASS SUV","BEV",2,
"W1N9M0KB0P",2023,"MERCEDES-BENZ","EQB-CLASS","BEV",2,
"4JGGM1CB2P",2023,"MERCEDES-BENZ","EQE-CLASS SUV","BEV",2,
"4JGDM4EB3P",2023,"MERCEDES-BENZ","EQS-CLASS SUV","BEV",2,
"4JGDM4EB0P",2023,"MERCEDES-BENZ","EQS-CLASS SUV","BEV",2,
"4JGGM2CB1P",2023,"MERCEDES-BENZ","EQE-CLASS SUV","BEV",2,
"4JGDM2EB1P",2023,"MERCEDES-BENZ","EQS-CLASS SUV","BEV",2,
"4JGDM2EB4P",2023,"MERCEDES-BENZ","EQS-CLASS SUV","BEV",2,
"4JGDM4EB7P",2023,"MERCEDES-BENZ","EQS-CLASS SUV","BEV",2,
"W1KCG5FB0P",2023,"MERCEDES-BENZ","EQS-CLASS SEDAN","BEV",2,
"4JGDM4EB1P",2023,"MERCEDES-BENZ","EQS-CLASS SUV","BEV",2,
"4JGGM1CB3P",2023,"MERCEDES-BENZ","EQE-CLASS SUV","BEV",2,
"W1N9M0KB2P",2023,"MERCEDES-BENZ","EQB-CLASS","BEV",2,
"W1KCG4EB9P",2023,"MERCEDES-BENZ","EQS-CLASS SEDAN","BEV",2,
"W1KCG4EB1P",2023,"MERCEDES-BENZ","EQS-CLASS SEDAN","BEV",2,
"W1N9M0CB8P",2023,"MERCEDES-BENZ","EQB-CLASS","BEV",2,
"4JGDM2EBXP",2023,"MERCEDES-BENZ","EQS-CLASS SUV","BEV",2,
"4JGDM4EB8P",2023,"MERCEDES-BENZ","EQS-CLASS SUV","BEV",2,
"W1N9M0KBXP",2023,"MERCEDES-BENZ","EQB-CLASS","BEV",2,
"4JGGM1CB6P",2023,"MERCEDES-BENZ","EQE-CLASS SUV","BEV",2,
"4JGGM2CBXP",2023,"MERCEDES-BENZ","EQE-CLASS SUV","BEV",2,
"W1KCG4EBXP",2023,"MERCEDES-BENZ","EQS-CLASS SEDAN","BEV",2,
"W1KEG1CB5P",2023,"MERCEDES-BENZ","EQE-CLASS SEDAN","BEV",2,
"4JGDM4EB9P",2023,"MERCEDES-BENZ","EQS-CLASS SUV","BEV",2,
"4JGGM2CB7P",2023,"MERCEDES-BENZ","EQE-CLASS SUV","BEV",2,
"4JGGM1CB7P",2023,"MERCEDES-BENZ","EQE-CLASS SUV","BEV",2,
"W1N9M0KB3P",2023,"MERCEDES-BENZ","EQB-CLASS","BEV",2,
"W1N9M1DB4P",2023,"MERCEDES-BENZ","EQB-CLASS","BEV",2,
"4JGGM1CB0P",2023,"MERCEDES-BENZ","EQE-CLASS SUV","BEV",2,
"W1KEG2CB1P",2023,"MERCEDES-BENZ","EQE-CLASS SEDAN","BEV",2,
"4JGDM2EB7P",2023,"MERCEDES-BENZ","EQS-CLASS SUV","BEV",2,
"4JGGM1CB8P",2023,"MERCEDES-BENZ","EQE-CLASS SUV","BEV",2,
"W1KEG1CB2P",2023,"MERCEDES-BENZ","EQE-CLASS SEDAN","BEV",2,
"W1KEG2CB9P",2023,"MERCEDES-BENZ","EQE-CLASS SEDAN","BEV",2,
"4JGDM2DB3P",2023,"MERCEDES-BENZ","EQS-CLASS SUV","BEV",2,
"4JGGM2CB3P",2023,"MERCEDES-BENZ","EQE-CLASS SUV","BEV",2,
"W1KEG1CB0P",2023,"MERCEDES-BENZ","EQE-CLASS SEDAN","BEV",2,
"W1KCG2EB5P",2023,"MERCEDES-BENZ","EQS-CLASS SEDAN","BEV",2,
"4JGDM2EB8P",2023,"MERCEDES-BENZ","EQS-CLASS SUV","BEV",2,
"4JGGM1CB9P",2023,"MERCEDES-BENZ","EQE-CLASS SUV","BEV",2,
"W1N9M0CB7P",2023,"MERCEDES-BENZ","EQB-CLASS","BEV",2,
"W1N9M1DB9P",2023,"MERCEDES-BENZ","EQB-CLASS","BEV",2,
"4JGDM2EB5P",2023,"MERCEDES-BENZ","EQS-CLASS SUV","BEV",2,
"W1N9M0KB7P",2023,"MERCEDES-BENZ","EQB-CLASS","BEV",2,
"W1N9M0KB8P",2023,"MERCEDES-BENZ","EQB-CLASS","BEV",2,
"4JGDM4EB5P",2023,"MERCEDES-BENZ","EQS-CLASS SUV","BEV",2,
"W1N9M0CB9P",2023,"MERCEDES-BENZ","EQB-CLASS","BEV",2,
"4JGGM2CB9P",2023,"MERCEDES-BENZ","EQE-CLASS SUV","BEV",2,
"W1KCG2EBXP",2023,"MERCEDES-BENZ","EQS-CLASS SEDAN","BEV",2,
"W1N9M0CB5P",2023,"MERCEDES-BENZ","EQB-CLASS","BEV",2,
"W1KCG5FB6P",2023,"MERCEDES-BENZ","EQS-CLASS SEDAN","BEV",2,
"W1KEG1CB9P",2023,"MERCEDES-BENZ","EQE-CLASS SEDAN","BEV",2,
"W1N9M1DB6P",2023,"MERCEDES-BENZ","EQB-CLASS","BEV",2,
"W1N9M0KB1P",2023,"MERCEDES-BENZ","EQB-CLASS","BEV",2,
"W1KEG2CBXP",2023,"MERCEDES-BENZ","EQE-CLASS SEDAN","BEV",2,
"W1N9M0CB1P",2023,"MERCEDES-BENZ","EQB-CLASS","BEV",2,
"W1KCG5FB1P",2023,"MERCEDES-BENZ","EQS-CLASS SEDAN","BEV",2,
"W1N9M1DB7P",2023,"MERCEDES-BENZ","EQB-CLASS","BEV",2,
"W1KEG1CB7P",2023,"MERCEDES-BENZ","EQE-CLASS SEDAN","BEV",2,
"W1KCG5FBXP",2023,"MERCEDES-BENZ","EQS-CLASS SEDAN","BEV",2,
"W1KEG2BB0P",2023,"MERCEDES-BENZ","EQE-CLASS SEDAN","BEV",2,
"W1KCG4EB8P",2023,"MERCEDES-BENZ","EQS-CLASS SEDAN","BEV",2,
"4JGDM4EB6P",2023,"MERCEDES-BENZ","EQS-CLASS SUV","BEV",2,
"W1N9M0CB2P",2023,"MERCEDES-BENZ","EQB-CLASS","BEV",2,
"4JGDM4EB4P",2023,"MERCEDES-BENZ","EQS-CLASS SUV","BEV",2,
"4JGGM2CB0P",2023,"MERCEDES-BENZ","EQE-CLASS SUV","BEV",2,
"W1KEG2CB0P",2023,"MERCEDES-BENZ","EQE-CLASS SEDAN","BEV",2,
"W1KCG4EB6P",2023,"MERCEDES-BENZ","EQS-CLASS SEDAN","BEV",2,
"W1KEG1CB4P",2023,"MERCEDES-BENZ","EQE-CLASS SEDAN","BEV",2,
"4JGDM2DB1P",2023,"MERCEDES-BENZ","EQS-CLASS SUV","BEV",2,
"W1N9M0CB4P",2023,"MERCEDES-BENZ","EQB-CLASS","BEV",2,
"W1KEG1CBXP",2023,"MERCEDES-BENZ","EQE-CLASS SEDAN","BEV",2,
"4JGDM2EB3P",2023,"MERCEDES-BENZ","EQS-CLASS SUV","BEV",2,
"W1KCG2EB7P",2023,"MERCEDES-BENZ","EQS-CLASS SEDAN","BEV",2,
"W1KEG2CB5P",2023,"MERCEDES-BENZ","EQE-CLASS SEDAN","BEV",2,
"W1KCG2DBXP",2023,"MERCEDES-BENZ","EQS-CLASS SEDAN","BEV",2,
"W1KCG2EB9P",2023,"MERCEDES-BENZ","EQS-CLASS SEDAN","BEV",2,
"W1KEG1CB3P",2023,"MERCEDES-BENZ","EQE-CLASS SEDAN","BEV",2,
"W1KEG2CB7P",2023,"MERCEDES-BENZ","EQE-CLASS SEDAN","BEV",2,
"4JGDM4EBXP",2023,"MERCEDES-BENZ","EQS-CLASS SUV","BEV",2,
"4JGDM2DB0P",2023,"MERCEDES-BENZ","EQS-CLASS SUV","BEV",2,
"W1N9M0CB6P",2023,"MERCEDES-BENZ","EQB-CLASS","BEV",2,
"W1KCG5FB2P",2023,"MERCEDES-BENZ","EQS-CLASS SEDAN","BEV",2,
"W1KEG1CB6P",2023,"MERCEDES-BENZ","EQE-CLASS SEDAN","BEV",2,
"W1N9M0CB3P",2023,"MERCEDES-BENZ","EQB-CLASS","BEV",2,
"W1KEG2BB2P",2023,"MERCEDES-BENZ","EQE-CLASS SEDAN","BEV",2,
"W1KEG1CB8P",2023,"MERCEDES-BENZ","EQE-CLASS SEDAN","BEV",2,
"4JGGM2BB5P",2023,"MERCEDES-BENZ","EQE-CLASS SUV","BEV",2,
"4JGDM2EB9P",2023,"MERCEDES-BENZ","EQS-CLASS SUV","BEV",2,
"W1KEG5DB1P",2023,"MERCEDES-BENZ","EQE-CLASS SEDAN","BEV",2,
"W1N9M1DB1P",2023,"MERCEDES-BENZ","EQB-CLASS","BEV",2,
"W1KCG5FB9P",2023,"MERCEDES-BENZ","EQS-CLASS SEDAN","BEV",2,
"W1KCG2EB4P",2023,"MERCEDES-BENZ","EQS-CLASS SEDAN","BEV",2,
"4JGDM2DB8P",2023,"MERCEDES-BENZ","EQS-CLASS SUV","BEV",2,
"4JGGM2CB8P",2023,"MERCEDES-BENZ","EQE-CLASS SUV","BEV",2,
"W1N9M0CB0P",2023,"MERCEDES-BENZ","EQB-CLASS","BEV",2,
"W1KCG2EB8P",2023,"MERCEDES-BENZ","EQS-CLASS SEDAN","BEV",2,
"W1N9M1DB8P",2023,"MERCEDES-BENZ","EQB-CLASS","BEV",2,
"W1N9M1DB2P",2023,"MERCEDES-BENZ","EQB-CLASS","BEV",2,
"W1KCG4EB0P",2023,"MERCEDES-BENZ","EQS-CLASS SEDAN","BEV",2,
"W1KCG5FB7P",2023,"MERCEDES-BENZ","EQS-CLASS SEDAN","BEV",2,
"4JGGM2CB4P",2023,"MERCEDES-BENZ","EQE-CLASS SUV","BEV",2,
"W1KCG4EB3P",2023,"MERCEDES-BENZ","EQS-CLASS SEDAN","BEV",2,
"W1N9M1DB5P",2023,"MERCEDES-BENZ","EQB-CLASS","BEV",2,
"W1KCG4EB7P",2023,"MERCEDES-BENZ","EQS-CLASS SEDAN","BEV",2,
"W1KCG2EB1P",2023,"MERCEDES-BENZ","EQS-CLASS SEDAN","BEV",2,
"W1KCG2EB2P",2023,"MERCEDES-BENZ","EQS-CLASS SEDAN","BEV",2,
"W1KEG5DBXP",2023,"MERCEDES-BENZ","EQE-CLASS SEDAN","BEV",2,
"W1KEG2CB3P",2023,"MERCEDES-BENZ","EQE-CLASS SEDAN","BEV",2,
"W1KEG5DB7P",2023,"MERCEDES-BENZ","EQE-CLASS SEDAN","BEV",2,
"4JGDM2DB7P",2023,"MERCEDES-BENZ","EQS-CLASS SUV","BEV",2,
"W1KCG2DB6P",2023,"MERCEDES-BENZ","EQS-CLASS SEDAN","BEV",2,
"W1KCG2EB3P",2023,"MERCEDES-BENZ","EQS-CLASS SEDAN","BEV",2,
"W1KEG2CB2P",2023,"MERCEDES-BENZ","EQE-CLASS SEDAN","BEV",2,
"W1KEG1CB1P",2023,"MERCEDES-BENZ","EQE-CLASS SEDAN","BEV",2,
"W1KCG4EB5P",2023,"MERCEDES-BENZ","EQS-CLASS SEDAN","BEV",2,
"W1KEG5DB4P",2023,"MERCEDES-BENZ","EQE-CLASS SEDAN","BEV",2,
"W1N9M1DB0P",2023,"MERCEDES-BENZ","EQB-CLASS","BEV",2,
"4JGDM2DB6P",2023,"MERCEDES-BENZ","EQS-CLASS SUV","BEV",2,
"W1KEG2BB3P",2023,"MERCEDES-BENZ","EQE-CLASS SEDAN","BEV",2,
"W1KCG2DB7P",2023,"MERCEDES-BENZ","EQS-CLASS SEDAN","BEV",2,
"W1KEG2BBXP",2023,"MERCEDES-BENZ","EQE-CLASS SEDAN","BEV",2,
"W1KCG2DB2P",2023,"MERCEDES-BENZ","EQS-CLASS SEDAN","BEV",2,
"W1N9M1DBXP",2023,"MERCEDES-BENZ","EQB-CLASS","BEV",2,
"W1KEG2CB8P",2023,"MERCEDES-BENZ","EQE-CLASS SEDAN","BEV",2,
"W1KCG2EB0P",2023,"MERCEDES-BENZ","EQS-CLASS SEDAN","BEV",2,
"W1KEG2BB7P",2023,"MERCEDES-BENZ","EQE-CLASS SEDAN","BEV",2,
"4JGGM2CB2P",2023,"MERCEDES-BENZ","EQE-CLASS SUV","BEV",2,
"W1KCG2DB8P",2023,"MERCEDES-BENZ","EQS-CLASS SEDAN","BEV",2,
"4JGGM2CB6P",2023,"MERCEDES-BENZ","EQE-CLASS SUV","BEV",2,
"W1KCG2DB0P",2023,"MERCEDES-BENZ","EQS-CLASS SEDAN","BEV",2,
"W1KEG5DB8P",2023,"MERCEDES-BENZ","EQE-CLASS SEDAN","BEV",2,
"W1KEG5DB6P",2023,"MERCEDES-BENZ","EQE-CLASS SEDAN","BEV",2,
"W1KCG2DB1P",2023,"MERCEDES-BENZ","EQS-CLASS SEDAN","BEV",2,
"W1KCG4EB2P",2023,"MERCEDES-BENZ","EQS-CLASS SEDAN","BEV",2,
"4JGGM2BB0P",2023,"MERCEDES-BENZ","EQE-CLASS SUV","BEV",2,
"4JGGM2BBXP",2023,"MERCEDES-BENZ","EQE-CLASS SUV","BEV",2,
"W1KEG2CB6P",2023,"MERCEDES-BENZ","EQE-CLASS SEDAN","BEV",2,
"W1KEG5DB0P",2023,"MERCEDES-BENZ","EQE-CLASS SEDAN","BEV",2,
"W1KEG2BB9P",2023,"MERCEDES-BENZ","EQE-CLASS SEDAN","BEV",2,
"W1KCG2DB5P",2023,"MERCEDES-BENZ","EQS-CLASS SEDAN","BEV",2,
"W1KEG2BB4P",2023,"MERCEDES-BENZ","EQE-CLASS SEDAN","BEV",2,
"5YJ3E1EC8P",2023,"TESLA","MODEL 3","BEV",2,
"7SAYGDEE5P",2023,"TESLA","MODEL Y","BEV",2,
"5YJ3E1EA7P",2023,"TESLA","MODEL 3","BEV",2,
"7SAYGDEE1P",2023,"TESLA","MODEL Y","BEV",2,
"5YJ3E1EA1P",2023,"TESLA","MODEL 3","BEV",2,
"7SAYGAEE7P",2023,"TESLA","MODEL Y","BEV",2,
"5YJSA1E5XP",2023,"TESLA","MODEL S","BEV",2,
"7SAYGDEE0P",2023,"TESLA","MODEL Y","BEV",2,
"7SAYGDEEXP",2023,"TESLA","MODEL Y","BEV",2,
"7SAXCBE61P",2023,"TESLA","MODEL X","BEV",2,
"7SAYGDEE2P",2023,"TESLA","MODEL Y","BEV",2,
"5YJ3E1EA9P",2023,"TESLA","MODEL 3","BEV",2,
"7SAYGDEF3P",2023,"TESLA","MODEL Y","BEV",2,
"7SAYGDEF8P",2023,"TESLA","MODEL Y","BEV",2,
"7SAYGDEF2P",2023,"TESLA","MODEL Y","BEV",2,
"5YJ3E1EA0P",2023,"TESLA","MODEL 3","BEV",2,
"7SAYGDEE3P",2023,"TESLA","MODEL Y","BEV",2,
"7SAXCBE67P",2023,"TESLA","MODEL X","BEV",2,
"7SAYGDEE7P",2023,"TESLA","MODEL Y","BEV",2,
"5YJ3E1EB0P",2023,"TESLA","MODEL 3","BEV",2,
"5YJ3E1EB7P",2023,"TESLA","MODEL 3","BEV",2,
"7SAYGAEE8P",2023,"TESLA","MODEL Y","BEV",2,
"7SAYGDEE4P",2023,"TESLA","MODEL Y","BEV",2,
"7SAYGDEE8P",2023,"TESLA","MODEL Y","BEV",2,
"7SAYGAEE1P",2023,"TESLA","MODEL Y","BEV",2,
"5YJ3E1EA5P",2023,"TESLA","MODEL 3","BEV",2,
"7SAYGDEF6P",2023,"TESLA","MODEL Y","BEV",2,
"7SAXCDE53P",2023,"TESLA","MODEL X","BEV",2,
"5YJSA1E62P",2023,"TESLA","MODEL S","BEV",2,
"5YJ3E1EA4P",2023,"TESLA","MODEL 3","BEV",2,
"5YJ3E1EA8P",2023,"TESLA","MODEL 3","BEV",2,
"5YJ3E1EB9P",2023,"TESLA","MODEL 3","BEV",2,
"5YJ3E1EC1P",2023,"TESLA","MODEL 3","BEV",2,
"5YJ3E1EA2P",2023,"TESLA","MODEL 3","BEV",2,
"7SAXCBE69P",2023,"TESLA","MODEL X","BEV",2,
"7SAYGDEE9P",2023,"TESLA","MODEL Y","BEV",2,
"5YJ3E1EAXP",2023,"TESLA","MODEL 3","BEV",2,
"7SAYGDEF1P",2023,"TESLA","MODEL Y","BEV",2,
"7SAYGDEE6P",2023,"TESLA","MODEL Y","BEV",2,
"5YJ3E1EB3P",2023,"TESLA","MODEL 3","BEV",2,
"7SAYGAEE2P",2023,"TESLA","MODEL Y","BEV",2,
"7SAYGAEE0P",2023,"TESLA","MODEL Y","BEV",2,
"5YJ3E1EB1P",2023,"TESLA","MODEL 3","BEV",2,
"7SAYGAEEXP",2023,"TESLA","MODEL Y","BEV",2,
"5YJSA1E52P",2023,"TESLA","MODEL S","BEV",2,
"7SAYGAEE5P",2023,"TESLA","MODEL Y","BEV",2,
"7SAXCBE55P",2023,"TESLA","MODEL X","BEV",2,
"7SAXCBE66P",2023,"TESLA","MODEL X","BEV",2,
"7SAYGAEE3P",2023,"TESLA","MODEL Y","BEV",2,
"5YJ3E1EB6P",2023,"TESLA","MODEL 3","BEV",2,
"7SAXCBE62P",2023,"TESLA","MODEL X","BEV",2,
"5YJ3E1EA6P",2023,"TESLA","MODEL 3","BEV",2,
"7SAYGAEE9P",2023,"TESLA","MODEL Y","BEV",2,
"7SAYGDED1P",2023,"TESLA","MODEL Y","BEV",2,
"5YJ3E1EBXP",2023,"TESLA","MODEL 3","BEV",2,
"7SAXCDE59P",2023,"TESLA","MODEL X","BEV",2,
"5YJ3E1EC5P",2023,"TESLA","MODEL 3","BEV",2,
"7SAYGAEE4P",2023,"TESLA","MODEL Y","BEV",2,
"5YJ3E1ECXP",2023,"TESLA","MODEL 3","BEV",2,
"5YJ3E1EB5P",2023,"TESLA","MODEL 3","BEV",2,
"7SAYGDEF5P",2023,"TESLA","MODEL Y","BEV",2,
"5YJ3E1EC6P",2023,"TESLA","MODEL 3","BEV",2,
"7SAYGDEFXP",2023,"TESLA","MODEL Y","BEV",2,
"7SAYGDED5P",2023,"TESLA","MODEL Y","BEV",2,
"7SAXCDE56P",2023,"TESLA","MODEL X","BEV",2,
"5YJ3E1EA3P",2023,"TESLA","MODEL 3","BEV",2,
"7SAXCBE51P",2023,"TESLA","MODEL X","BEV",2,
"7SAXCBE53P",2023,"TESLA","MODEL X","BEV",2,
"7SAYGDEF9P",2023,"TESLA","MODEL Y","BEV",2,
"7SAXCAE52P",2023,"TESLA","MODEL X","BEV",2,
"7SAXCBE64P",2023,"TESLA","MODEL X","BEV",2,
"7SAXCDE50P",2023,"TESLA","MODEL X","BEV",2,
"7SAXCAE58P",2023,"TESLA","MODEL X","BEV",2,
"5YJ3E1EB8P",2023,"TESLA","MODEL 3","BEV",2,
"7SAYGDEF7P",2023,"TESLA","MODEL Y","BEV",2,
"7SAXCAE5XP",2023,"TESLA","MODEL X","BEV",2,
"5YJSA1E68P",2023,"TESLA","MODEL S","BEV",2,
"7SAXCAE55P",2023,"TESLA","MODEL X","BEV",2,
"5YJ3E1EC0P",2023,"TESLA","MODEL 3","BEV",2,
"5YJ3E1EC3P",2023,"TESLA","MODEL 3","BEV",2,
"7SAXCBE68P",2023,"TESLA","MODEL X","BEV",2,
"7SAYGDED9P",2023,"TESLA","MODEL Y","BEV",2,
"7SAYGDEF0P",2023,"TESLA","MODEL Y","BEV",2,
"7SAXCAE59P",2023,"TESLA","MODEL X","BEV",2,
"5YJ3E1EB4P",2023,"TESLA","MODEL 3","BEV",2,
"7SAYGDEF4P",2023,"TESLA","MODEL Y","BEV",2,
"7SAYGAEE6P",2023,"TESLA","MODEL Y","BEV",2,
"7SAXCAE57P",2023,"TESLA","MODEL X","BEV",2,
"5YJSA1E57P",2023,"TESLA","MODEL S","BEV",2,
"7SAYGDED8P",2023,"TESLA","MODEL Y","BEV",2,
"7SAXCDE54P",2023,"TESLA","MODEL X","BEV",2,
"5YJ3E1EC2P",2023,"TESLA","MODEL 3","BEV",2,
"7SAXCDE58P",2023,"TESLA","MODEL X","BEV",2,
"7SAXCBE58P",2023,"TESLA","MODEL X","BEV",2,
"5YJSA1E56P",2023,"TESLA","MODEL S","BEV",2,
"7SAXCDE55P",2023,"TESLA","MODEL X","BEV",2,
"5YJ3E1EC7P",2023,"TESLA","MODEL 3","BEV",2,
"7SAXCBE54P",2023,"TESLA","MODEL X","BEV",2,
"5YJSA1E51P",2023,"TESLA","MODEL S","BEV",2,
"7SAXCDE5XP",2023,"TESLA","MODEL X","BEV",2,
"7SAXCBE60P",2023,"TESLA","MODEL X","BEV",2,
"7SAXCBE6XP",2023,"TESLA","MODEL X","BEV",2,
"7SAXCAE56P",2023,"TESLA","MODEL X","BEV",2,
"7SAXCAE51P",2023,"TESLA","MODEL X","BEV",2,
"5YJ3E1EC9P",2023,"TESLA","MODEL 3","BEV",2,
"7SAXCBE56P",2023,"TESLA","MODEL X","BEV",2,
"5YJSA1E58P",2023,"TESLA","MODEL S","BEV",2,
"7SAXCBE63P",2023,"TESLA","MODEL X","BEV",2,
"7SAXCBE50P",2023,"TESLA","MODEL X","BEV",2,
"7SAXCAE54P",2023,"TESLA","MODEL X","BEV",2,
"7SAYGDED3P",2023,"TESLA","MODEL Y","BEV",2,
"7SAXCDE51P",2023,"TESLA","MODEL X","BEV",2,
"5YJSA1E66P",2023,"TESLA","MODEL S","BEV",2,
"5YJSA1E65P",2023,"TESLA","MODEL S","BEV",2,
"5YJ3E1EB2P",2023,"TESLA","MODEL 3","BEV",2,
"7SAYGDED4P",2023,"TESLA","MODEL Y","BEV",2,
"5YJSA1E63P",2023,"TESLA","MODEL S","BEV",2,
"7SAXCBE59P",2023,"TESLA","MODEL X","BEV",2,
"7SAXCAE53P",2023,"TESLA","MODEL X","BEV",2,
"7SAXCBE5XP",2023,"TESLA","MODEL X","BEV",2,
"7SAYGDED6P",2023,"TESLA","MODEL Y","BEV",2,
"7SAXCBE52P",2023,"TESLA","MODEL X","BEV",2,
"5YJ3E1EC4P",2023,"TESLA","MODEL 3","BEV",2,
"5YJSA1E59P",2023,"TESLA","MODEL S","BEV",2,
"5YJSA1E54P",2023,"TESLA","MODEL S","BEV",2,
"5YJSA1E50P",2023,"TESLA","MODEL S","BEV",2,
"7SAYGDEDXP",2023,"TESLA","MODEL Y","BEV",2,
"7SAYGDED7P",2023,"TESLA","MODEL Y","BEV",2,
"5YJSA1E53P",2023,"TESLA","MODEL S","BEV",2,
"7SAXCBE57P",2023,"TESLA","MODEL X","BEV",2,
"7SAXCBE65P",2023,"TESLA","MODEL X","BEV",2,
"5YJSA1E69P",2023,"TESLA","MODEL S","BEV",2,
"5YJSA1E60P",2023,"TESLA","MODEL S","BEV",2,
"5YJSA1E55P",2023,"TESLA","MODEL S","BEV",2,
"5YJSA1E64P",2023,"TESLA","MODEL S","BEV",2,
"7SAYGDED0P",2023,"TESLA","MODEL Y","BEV",2,
"7SAXCDE57P",2023,"TESLA","MODEL X","BEV",2,
"7SAXCDE52P",2023,"TESLA","MODEL X","BEV",2,
"7SAYGDED2P",2023,"TESLA","MODEL Y","BEV",2,
"5YJSA1E6XP",2023,"TESLA","MODEL S","BEV",2,
"7SAXCAE50P",2023,"TESLA","MODEL X","BEV",2,
"5YJSA1E61P",2023,"TESLA","MODEL S","BEV",2,
"5YJSA1E67P",2023,"TESLA","MODEL S","BEV",2,
"KM8KNDAF0P",2023,"HYUNDAI","IONIQ 5","BEV",2,
"KM8KNDAFXP",2023,"HYUNDAI","IONIQ 5","BEV",2,
"KM8KNDAF6P",2023,"HYUNDAI","IONIQ 5","BEV",2,
"KM8KRDAF8P",2023,"HYUNDAI","IONIQ 5","BEV",2,
"KMHM34ACXP",2023,"HYUNDAI","IONIQ 6","BEV",2,
"KM8KRDAF0P",2023,"HYUNDAI","IONIQ 5","BEV",2,
"KM8KRDAF6P",2023,"HYUNDAI","IONIQ 5","BEV",2,
"KM8KNDAF8P",2023,"HYUNDAI","IONIQ 5","BEV",2,
"KM8KRDAF2P",2023,"HYUNDAI","IONIQ 5","BEV",2,
"KM8KNDAF5P",2023,"HYUNDAI","IONIQ 5","BEV",2,
"KM8KNDAF1P",2023,"HYUNDAI","IONIQ 5","BEV",2,
"KM8K53AGXP",2023,"HYUNDAI","KONA","BEV",2,
"KM8KNDAF4P",2023,"HYUNDAI","IONIQ 5","BEV",2,
"KM8KRDAFXP",2023,"HYUNDAI","IONIQ 5","BEV",2,
"KM8KNDAF3P",2023,"HYUNDAI","IONIQ 5","BEV",2,
"KM8KNDAF9P",2023,"HYUNDAI","IONIQ 5","BEV",2,
"KMHM34AC6P",2023,"HYUNDAI","IONIQ 6","BEV",2,
"KM8KMDAF4P",2023,"HYUNDAI","IONIQ 5","BEV",2,
"KMHM34AA5P",2023,"HYUNDAI","IONIQ 6","BEV",2,
"KMHM34AC1P",2023,"HYUNDAI","IONIQ 6","BEV",2,
"KMHM34AC0P",2023,"HYUNDAI","IONIQ 6","BEV",2,
"KM8KNDAF2P",2023,"HYUNDAI","IONIQ 5","BEV",2,
"KMHM54AC8P",2023,"HYUNDAI","IONIQ 6","BEV",2,
"KM8KRDAF1P",2023,"HYUNDAI","IONIQ 5","BEV",2,
"KM8KRDAF5P",2023,"HYUNDAI","IONIQ 5","BEV",2,
"KMHM54AC1P",2023,"HYUNDAI","IONIQ 6","BEV",2,
"KM8KMDAF3P",2023,"HYUNDAI","IONIQ 5","BEV",2,
"KM8KMDAF0P",2023,"HYUNDAI","IONIQ 5","BEV",2,
"KM8KNDAF7P",2023,"HYUNDAI","IONIQ 5","BEV",2,
"KM8K23AG6P",2023,"HYUNDAI","KONA","BEV",2,
"KM8K53AG8P",2023,"HYUNDAI","KONA","BEV",2,
"KM8K23AGXP",2023,"HYUNDAI","KONA","BEV",2,
"KM8K33AG1P",2023,"HYUNDAI","KONA","BEV",2,
"KM8KRDAF4P",2023,"HYUNDAI","IONIQ 5","BEV",2,
"KMHM54AC7P",2023,"HYUNDAI","IONIQ 6","BEV",2,
"KM8KRDAF9P",2023,"HYUNDAI","IONIQ 5","BEV",2,
"KM8K33AG8P",2023,"HYUNDAI","KONA","BEV",2,
"KM8KRDAF3P",2023,"HYUNDAI","IONIQ 5","BEV",2,
"KM8K53AG3P",2023,"HYUNDAI","KONA","BEV",2,
"KM8KMDAF7P",2023,"HYUNDAI","IONIQ 5","BEV",2,
"KMHM34AC8P",2023,"HYUNDAI","IONIQ 6","BEV",2,
"KM8K53AG4P",2023,"HYUNDAI","KONA","BEV",2,
"KM8KRDAF7P",2023,"HYUNDAI","IONIQ 5","BEV",2,
"KM8K33AG9P",2023,"HYUNDAI","KONA","BEV",2,
"KMHM34AC7P",2023,"HYUNDAI","IONIQ 6","BEV",2,
"KM8K33AG3P",2023,"HYUNDAI","KONA","BEV",2,
"KM8KR4AE6P",2023,"HYUNDAI","IONIQ 5","BEV",2,
"KMHM34AC5P",2023,"HYUNDAI","IONIQ 6","BEV",2,
"KM8KMDAFXP",2023,"HYUNDAI","IONIQ 5","BEV",2,
"KM8KM4AE3P",2023,"HYUNDAI","IONIQ 5","BEV",2,
"KM8K23AG8P",2023,"HYUNDAI","KONA","BEV",2,
"KMHM54AC5P",2023,"HYUNDAI","IONIQ 6","BEV",2,
"KM8K23AG1P",2023,"HYUNDAI","KONA","BEV",2,
"KMHM34AA9P",2023,"HYUNDAI","IONIQ 6","BEV",2,
"KM8KM4AEXP",2023,"HYUNDAI","IONIQ 5","BEV",2,
"KMHM34AC3P",2023,"HYUNDAI","IONIQ 6","BEV",2,
"KM8K23AG2P",2023,"HYUNDAI","KONA","BEV",2,
"KMHM54AC2P",2023,"HYUNDAI","IONIQ 6","BEV",2,
"KMHM34AC4P",2023,"HYUNDAI","IONIQ 6","BEV",2,
"KM8K23AG7P",2023,"HYUNDAI","KONA","BEV",2,
"KM8K53AG1P",2023,"HYUNDAI","KONA","BEV",2,
"KM8KM4AE9P",2023,"HYUNDAI","IONIQ 5","BEV",2,
"KM8K23AG4P",2023,"HYUNDAI","KONA","BEV",2,
"KM8K23AG5P",2023,"HYUNDAI","KONA","BEV",2,
"KM8K33AGXP",2023,"HYUNDAI","KONA","BEV",2,
"KM8K53AG2P",2023,"HYUNDAI","KONA","BEV",2,
"KMHM54ACXP",2023,"HYUNDAI","IONIQ 6","BEV",2,
"KM8K23AG0P",2023,"HYUNDAI","KONA","BEV",2,
"KMHM34AC2P",2023,"HYUNDAI","IONIQ 6","BEV",2,
"KM8KN4AE8P",2023,"HYUNDAI","IONIQ 5","BEV",2,
"KM8K23AG3P",2023,"HYUNDAI","KONA","BEV",2,
"KMHM34AAXP",2023,"HYUNDAI","IONIQ 6","BEV",2,
"KM8KMDAF5P",2023,"HYUNDAI","IONIQ 5","BEV",2,
"KM8K23AG9P",2023,"HYUNDAI","KONA","BEV",2,
"KM8KMDAF2P",2023,"HYUNDAI","IONIQ 5","BEV",2,
"KM8K33AG5P",2023,"HYUNDAI","KONA","BEV",2,
"KMHM34AA0P",2023,"HYUNDAI","IONIQ 6","BEV",2,
"KM8KMDAF1P",2023,"HYUNDAI","IONIQ 5","BEV",2,
"KM8K33AG7P",2023,"HYUNDAI","KONA","BEV",2,
"KM8KMDAF8P",2023,"HYUNDAI","IONIQ 5","BEV",2,
"KM8K53AG5P",2023,"HYUNDAI","KONA","BEV",2,
"KM8KMDAF9P",2023,"HYUNDAI","IONIQ 5","BEV",2,
"KMHM54AC0P",2023,"HYUNDAI","IONIQ 6","BEV",2,
"KM8KN4AE4P",2023,"HYUNDAI","IONIQ 5","BEV",2,
"KM8K53AG6P",2023,"HYUNDAI","KONA","BEV",2,
"KMHM54AC3P",2023,"HYUNDAI","IONIQ 6","BEV",2,
"KMHM24AA2P",2023,"HYUNDAI","IONIQ 6","BEV",2,
"KM8K53AG9P",2023,"HYUNDAI","KONA","BEV",2,
"KM8K33AG2P",2023,"HYUNDAI","KONA","BEV",2,
"KMHM54AA7P",2023,"HYUNDAI","IONIQ 6","BEV",2,
"KM8K33AG4P",2023,"HYUNDAI","KONA","BEV",2,
"KM8KN4AE9P",2023,"HYUNDAI","IONIQ 5","BEV",2,
"KMHM24AA1P",2023,"HYUNDAI","IONIQ 6","BEV",2,
"KM8K53AG7P",2023,"HYUNDAI","KONA","BEV",2,
"KM8KN4AE0P",2023,"HYUNDAI","IONIQ 5","BEV",2,
"KM8K33AG0P",2023,"HYUNDAI","KONA","BEV",2,
"KMHM54AA6P",2023,"HYUNDAI","IONIQ 6","BEV",2,
"KM8KMDAF6P",2023,"HYUNDAI","IONIQ 5","BEV",2,
"KM8K53AG0P",2023,"HYUNDAI","KONA","BEV",2,
"KMHM54AA9P",2023,"HYUNDAI","IONIQ 6","BEV",2,
"KM8K33AG6P",2023,"HYUNDAI","KONA","BEV",2,
"KMHM54AC4P",2023,"HYUNDAI","IONIQ 6","BEV",2,
"KMHM54AC6P",2023,"HYUNDAI","IONIQ 6","BEV",2,
"KM8KM4AB0P",2023,"HYUNDAI","IONIQ 5","BEV",2,
"KMHM54AA8P",2023,"HYUNDAI","IONIQ 6","BEV",2,
"KM8KN4AE2P",2023,"HYUNDAI","IONIQ 5","BEV",2,
"KMHM34AA6P",2023,"HYUNDAI","IONIQ 6","BEV",2,
"KM8KN4AEXP",2023,"HYUNDAI","IONIQ 5","BEV",2,
"KM8KR4AE5P",2023,"HYUNDAI","IONIQ 5","BEV",2,
"KMHM34AA4P",2023,"HYUNDAI","IONIQ 6","BEV",2,
"KM8KM4AE4P",2023,"HYUNDAI","IONIQ 5","BEV",2,
"KM8KM4AE5P",2023,"HYUNDAI","IONIQ 5","BEV",2,
"KMHM34AC9P",2023,"HYUNDAI","IONIQ 6","BEV",2,
"KMHM54AA4P",2023,"HYUNDAI","IONIQ 6","BEV",2,
"KMHM54AA5P",2023,"HYUNDAI","IONIQ 6","BEV",2,
"KM8KR4AEXP",2023,"HYUNDAI","IONIQ 5","BEV",2,
"KM8KR4AE7P",2023,"HYUNDAI","IONIQ 5","BEV",2,
"KMHM34AA1P",2023,"HYUNDAI","IONIQ 6","BEV",2,
"KM8KN4AE7P",2023,"HYUNDAI","IONIQ 5","BEV",2,
"KMHM34AA3P",2023,"HYUNDAI","IONIQ 6","BEV",2,
"KMHM24AC2P",2023,"HYUNDAI","IONIQ 6","BEV",2,
"KMHM54AC9P",2023,"HYUNDAI","IONIQ 6","BEV",2,
"KM8KM4AE0P",2023,"HYUNDAI","IONIQ 5","BEV",2,
"KMHM54AA3P",2023,"HYUNDAI","IONIQ 6","BEV",2,
"KM8KN4AE6P",2023,"HYUNDAI","IONIQ 5","BEV",2,
"KMHM24AC1P",2023,"HYUNDAI","IONIQ 6","BEV",2,
"KM8KR4AE2P",2023,"HYUNDAI","IONIQ 5","BEV",2,
"KM8KR4AE4P",2023,"HYUNDAI","IONIQ 5","BEV",2,
"KM8KN4AE3P",2023,"HYUNDAI","IONIQ 5","BEV",2,
"KMHM24AC4P",2023,"HYUNDAI","IONIQ 6","BEV",2,
"KMHM24AC3P",2023,"HYUNDAI","IONIQ 6","BEV",2,
"KMHM24AA7P",2023,"HYUNDAI","IONIQ 6","BEV",2,
"KMHM24AC5P",2023,"HYUNDAI","IONIQ 6","BEV",2,
"KMHM24AC7P",2023,"HYUNDAI","IONIQ 6","BEV",2,
"KMHM24ACXP",2023,"HYUNDAI","IONIQ 6","BEV",2,
"KM8KM4AB3P",2023,"HYUNDAI","IONIQ 5","BEV",2,
"KMHM34AA7P",2023,"HYUNDAI","IONIQ 6","BEV",2,
"KM8KN4AE1P",2023,"HYUNDAI","IONIQ 5","BEV",2,
"KM8KN4AE5P",2023,"HYUNDAI","IONIQ 5","BEV",2,
"KMHM54AA2P",2023,"HYUNDAI","IONIQ 6","BEV",2,
"KM8KR4AE3P",2023,"HYUNDAI","IONIQ 5","BEV",2,
"KMHM24AC0P",2023,"HYUNDAI","IONIQ 6","BEV",2,
"KMHM24AC9P",2023,"HYUNDAI","IONIQ 6","BEV",2,
"1N4AZ1BV9P",2023,"NISSAN","LEAF","BEV",2,
"1N4CZ1CV8P",2023,"NISSAN","LEAF","BEV",2,
"1N4CZ1CV3P",2023,"NISSAN","LEAF","BEV",2,
"1N4CZ1CV2P",2023,"NISSAN","LEAF","BEV",2,
"1N4AZ1BV2P",2023,"NISSAN","LEAF","BEV",2,
"1N4CZ1CV5P",2023,"NISSAN","LEAF","BEV",2,
"1N4AZ1BV5P",2023,"NISSAN","LEAF","BEV",2,
"1N4AZ1BV4P",2023,"NISSAN","LEAF","BEV",2,
"1N4AZ1BV3P",2023,"NISSAN","LEAF","BEV",2,
"1N4AZ1BV6P",2023,"NISSAN","LEAF","BEV",2,
"1N4AZ1BV1P",2023,"NISSAN","LEAF","BEV",2,
"1N4CZ1CV4P",2023,"NISSAN","LEAF","BEV",2,
"1N4CZ1CV0P",2023,"NISSAN","LEAF","BEV",2,
"1N4AZ1BV0P",2023,"NISSAN","LEAF","BEV",2,
"1N4CZ1CVXP",2023,"NISSAN","LEAF","BEV",2,
"1N4CZ1CV1P",2023,"NISSAN","LEAF","BEV",2,
"1N4AZ1BVXP",2023,"NISSAN","LEAF","BEV",2,
"1N4CZ1CV7P",2023,"NISSAN","LEAF","BEV",2,
"1N4CZ1CV6P",2023,"NISSAN","LEAF","BEV",2,
"1N4AZ1BV8P",2023,"NISSAN","LEAF","BEV",2,
"1N4AZ1BV7P",2023,"NISSAN","LEAF","BEV",2,
"1N4CZ1CV9P",2023,"NISSAN","LEAF","BEV",2,
"JN1DF0CD2P",2023,"NISSAN","ARIYA HATCHBACK","BEV",2,
"JN1DF0CD3P",2023,"NISSAN","ARIYA HATCHBACK","BEV",2,
"JN1AF0BA8P",2023,"NISSAN","ARIYA HATCHBACK","BEV",2,
"JN1BF0BA2P",2023,"NISSAN","ARIYA HATCHBACK","BEV",2,
"JN1CF0BB2P",2023,"NISSAN","ARIYA HATCHBACK","BEV",2,
"JN1AF0BA2P",2023,"NISSAN","ARIYA HATCHBACK","BEV",2,
"JN1DF0CD7P",2023,"NISSAN","ARIYA HATCHBACK","BEV",2,
"JN1BF0AA9P",2023,"NISSAN","ARIYA HATCHBACK","BEV",2,
"JN1DF0CD9P",2023,"NISSAN","ARIYA HATCHBACK","BEV",2,
"JN1CF0BB3P",2023,"NISSAN","ARIYA HATCHBACK","BEV",2,
"JN1DF0CD8P",2023,"NISSAN","ARIYA HATCHBACK","BEV",2,
"JN1BF0BA5P",2023,"NISSAN","ARIYA HATCHBACK","BEV",2,
"JN1DF0BB7P",2023,"NISSAN","ARIYA HATCHBACK","BEV",2,
"JN1DF0BB5P",2023,"NISSAN","ARIYA HATCHBACK","BEV",2,
"JN1CF0BB8P",2023,"NISSAN","ARIYA HATCHBACK","BEV",2,
"JN1CF0BB5P",2023,"NISSAN","ARIYA HATCHBACK","BEV",2,
"JN1DF0CD0P",2023,"NISSAN","ARIYA HATCHBACK","BEV",2,
"JN1DF0CD5P",2023,"NISSAN","ARIYA HATCHBACK","BEV",2,
"JN1BF0BAXP",2023,"NISSAN","ARIYA HATCHBACK","BEV",2,
"JN1BF0AA8P",2023,"NISSAN","ARIYA HATCHBACK","BEV",2,
"JN1BF0BA1P",2023,"NISSAN","ARIYA HATCHBACK","BEV",2,
"JN1DF0BB9P",2023,"NISSAN","ARIYA HATCHBACK","BEV",2,
"JN1DF0CDXP",2023,"NISSAN","ARIYA HATCHBACK","BEV",2,
"JN1AF0BA6P",2023,"NISSAN","ARIYA HATCHBACK","BEV",2,
"JN1AF0BA3P",2023,"NISSAN","ARIYA HATCHBACK","BEV",2,
"JN1CF0BB6P",2023,"NISSAN","ARIYA HATCHBACK","BEV",2,
"JN1BF0AA5P",2023,"NISSAN","ARIYA HATCHBACK","BEV",2,
"JN1CF0BB9P",2023,"NISSAN","ARIYA HATCHBACK","BEV",2,
"JN1AF0BA0P",2023,"NISSAN","ARIYA HATCHBACK","BEV",2,
"JN1DF0CD1P",2023,"NISSAN","ARIYA HATCHBACK","BEV",2,
"JN1DF0BB2P",2023,"NISSAN","ARIYA HATCHBACK","BEV",2,
"JN1DF0BB4P",2023,"NISSAN","ARIYA HATCHBACK","BEV",2,
"JN1CF0BB7P",2023,"NISSAN","ARIYA HATCHBACK","BEV",2,
"JN1DF0CD6P",2023,"NISSAN","ARIYA HATCHBACK","BEV",2,
"JN1BF0BA4P",2023,"NISSAN","ARIYA HATCHBACK","BEV",2,
"JN1BF0BA9P",2023,"NISSAN","ARIYA HATCHBACK","BEV",2,
"JN1DF0BB0P",2023,"NISSAN","ARIYA HATCHBACK","BEV",2,
"JN1AF0BA9P",2023,"NISSAN","ARIYA HATCHBACK","BEV",2,
"JN1DF0BB1P",2023,"NISSAN","ARIYA HATCHBACK","BEV",2,
"JN1BF0BA3P",2023,"NISSAN","ARIYA HATCHBACK","BEV",2,
"JN1BF0BA7P",2023,"NISSAN","ARIYA HATCHBACK","BEV",2,
"JN1AF0BAXP",2023,"NISSAN","ARIYA HATCHBACK","BEV",2,
"JN1AF0BA5P",2023,"NISSAN","ARIYA HATCHBACK","BEV",2,
"JN1DF0BB3P",2023,"NISSAN","ARIYA HATCHBACK","BEV",2,
"JN1BF0BA0P",2023,"NISSAN","ARIYA HATCHBACK","BEV",2,
"JN1CF0BB1P",2023,"NISSAN","ARIYA HATCHBACK","BEV",2,
"JN1BF0BA6P",2023,"NISSAN","ARIYA HATCHBACK","BEV",2,
"JN1AF0BA4P",2023,"NISSAN","ARIYA HATCHBACK","BEV",2,
"JN1DF0BBXP",2023,"NISSAN","ARIYA HATCHBACK","BEV",2,
"JN1AF0BA7P",2023,"NISSAN","ARIYA HATCHBACK","BEV",2,
"JN1AF0BA1P",2023,"NISSAN","ARIYA HATCHBACK","BEV",2,
"JN1BF0AA7P",2023,"NISSAN","ARIYA HATCHBACK","BEV",2,
"JN1BF0AA6P",2023,"NISSAN","ARIYA HATCHBACK","BEV",2,
"JN1CF0BB0P",2023,"NISSAN","ARIYA HATCHBACK","BEV",2,
"JN1DF0BB6P",2023,"NISSAN","ARIYA HATCHBACK","BEV",2,
"JN1BF0AA1P",2023,"NISSAN","ARIYA HATCHBACK","BEV",2,
"JN1DF0CD4P",2023,"NISSAN","ARIYA HATCHBACK","BEV",2,
"JN1DF0BB8P",2023,"NISSAN","ARIYA HATCHBACK","BEV",2,
"JN1BF0AA3P",2023,"NISSAN","ARIYA HATCHBACK","BEV",2,
"JN1BF0BA8P",2023,"NISSAN","ARIYA HATCHBACK","BEV",2,
"JN1CF0BBXP",2023,"NISSAN","ARIYA HATCHBACK","BEV",2,
"JN1CF0BB4P",2023,"NISSAN","ARIYA HATCHBACK","BEV",2,
"JN1BF0AA4P",2023,"NISSAN","ARIYA HATCHBACK","BEV",2,
"JN1BF0AA2P",2023,"NISSAN","ARIYA HATCHBACK","BEV",2,
"JN1BF0AAXP",2023,"NISSAN","ARIYA HATCHBACK","BEV",2,
"JN1BF0AA0P",2023,"NISSAN","ARIYA HATCHBACK","BEV",2,
"7FCTGAAA1P",2023,"RIVIAN","R1T","BEV",2,
"7PDSGABL5P",2023,"RIVIAN","R1S","BEV",2,
"7FCTGBAA7P",2023,"RIVIAN","R1T","BEV",2,
"7PDSGABA2P",2023,"RIVIAN","R1S","BEV",2,
"7PDSGABA3P",2023,"RIVIAN","R1S","BEV",2,
"7PDSGABA5P",2023,"RIVIAN","R1S","BEV",2,
"7PDSGABA6P",2023,"RIVIAN","R1S","BEV",2,
"7FCTGAAA9P",2023,"RIVIAN","R1T","BEV",2,
"7PDSGABA0P",2023,"RIVIAN","R1S","BEV",2,
"7PDSGABA1P",2023,"RIVIAN","R1S","BEV",2,
"7PDSGABAXP",2023,"RIVIAN","R1S","BEV",2,
"7PDSGABA8P",2023,"RIVIAN","R1S","BEV",2,
"7FCTGBAA4P",2023,"RIVIAN","R1T","BEV",2,
"7PDSGBBA6P",2023,"RIVIAN","R1S","BEV",2,
"7PDSGABL4P",2023,"RIVIAN","R1S","BEV",2,
"7FCTGBAAXP",2023,"RIVIAN","R1T","BEV",2,
"7FCTGAAA3P",2023,"RIVIAN","R1T","BEV",2,
"7FCTGAAA2P",2023,"RIVIAN","R1T","BEV",2,
"7PDSGABA7P",2023,"RIVIAN","R1S","BEV",2,
"7PDSGBBA8P",2023,"RIVIAN","R1S","BEV",2,
"7FCTGBAA2P",2023,"RIVIAN","R1T","BEV",2,
"7PDSGABL8P",2023,"RIVIAN","R1S","BEV",2,
"7FCTGBAA9P",2023,"RIVIAN","R1T","BEV",2,
"7PDSGABLXP",2023,"RIVIAN","R1S","BEV",2,
"7PDSGABA4P",2023,"RIVIAN","R1S","BEV",2,
"7FCTGBAA3P",2023,"RIVIAN","R1T","BEV",2,
"7PDSGABA9P",2023,"RIVIAN","R1S","BEV",2,
"7FCTGAAA4P",2023,"RIVIAN","R1T","BEV",2,
"7PDSGABL0P",2023,"RIVIAN","R1S","BEV",2,
"7FCTGAAA0P",2023,"RIVIAN","R1T","BEV",2,
"7FCTGAAA6P",2023,"RIVIAN","R1T","BEV",2,
"7FCTGAAA8P",2023,"RIVIAN","R1T","BEV",2,
"7PDSGABL6P",2023,"RIVIAN","R1S","BEV",2,
"7FCTGAAA7P",2023,"RIVIAN","R1T","BEV",2,
"7FCTGAAAXP",2023,"RIVIAN","R1T","BEV",2,
"7PDSGBBA0P",2023,"RIVIAN","R1S","BEV",2,
"7FCTGAAA5P",2023,"RIVIAN","R1T","BEV",2,
"7FCTGAAL3P",2023,"RIVIAN","R1T","BEV",2,
"7PDSGBBA7P",2023,"RIVIAN","R1S","BEV",2,
"7FCTGBAA6P",2023,"RIVIAN","R1T","BEV",2,
"7PDSGBBA5P",2023,"RIVIAN","R1S","BEV",2,
"7FCTGAAL7P",2023,"RIVIAN","R1T","BEV",2,
"7PDSGABL3P",2023,"RIVIAN","R1S","BEV",2,
"7PDSGBBAXP",2023,"RIVIAN","R1S","BEV",2,
"7PDSGBBA9P",2023,"RIVIAN","R1S","BEV",2,
"7PDSGBBA1P",2023,"RIVIAN","R1S","BEV",2,
"7PDSGBBA4P",2023,"RIVIAN","R1S","BEV",2,
"7FCTGBAA0P",2023,"RIVIAN","R1T","BEV",2,
"7FCTGAAL9P",2023,"RIVIAN","R1T","BEV",2,
"7FCTGBAA5P",2023,"RIVIAN","R1T","BEV",2,
"7FCTGAALXP",2023,"RIVIAN","R1T","BEV",2,
"7FCTGBAA1P",2023,"RIVIAN","R1T","BEV",2,
"7PDSGABL7P",2023,"RIVIAN","R1S","BEV",2,
"7PDSGABL2P",2023,"RIVIAN","R1S","BEV",2,
"7FCTGBAA8P",2023,"RIVIAN","R1T","BEV",2,
"7FCTGAAL4P",2023,"RIVIAN","R1T","BEV",2,
"7FCEHEB79P",2023,"RIVIAN","EDV","BEV",2,
"7FCEHEB71P",2023,"RIVIAN","EDV","BEV",2,
"7FCEHEB73P",2023,"RIVIAN","EDV","BEV",2,
"7FCEHEB72P",2023,"RIVIAN","EDV","BEV",2,
"7FCEHEB78P",2023,"RIVIAN","EDV","BEV",2,
"7FCEHEB74P",2023,"RIVIAN","EDV","BEV",2,
"7FCTGAAL8P",2023,"RIVIAN","R1T","BEV",2,
"7PDSGABL9P",2023,"RIVIAN","R1S","BEV",2,
"7FCEHEB75P",2023,"RIVIAN","EDV","BEV",2,
"7FCEHEB76P",2023,"RIVIAN","EDV","BEV",2,
"7PDSGBBA3P",2023,"RIVIAN","R1S","BEV",2,
"7FCEHEB77P",2023,"RIVIAN","EDV","BEV",2,
"7PDSGABL1P",2023,"RIVIAN","R1S","BEV",2,
"7PDSGBBA2P",2023,"RIVIAN","R1S","BEV",2,
"7FCEHEB51P",2023,"RIVIAN","EDV","BEV",2,
"7FCTGAAL1P",2023,"RIVIAN","R1T","BEV",2,
"7FCEHEB70P",2023,"RIVIAN","EDV","BEV",2,
"7FCEHEB56P",2023,"RIVIAN","EDV","BEV",2,
"7FCTGAAL0P",2023,"RIVIAN","R1T","BEV",2,
"7FCEHEB7XP",2023,"RIVIAN","EDV","BEV",2,
"7FCEHEB52P",2023,"RIVIAN","EDV","BEV",2,
"7FCEHEB55P",2023,"RIVIAN","EDV","BEV",2,
"7FCEHEB54P",2023,"RIVIAN","EDV","BEV",2,
"7FCEHEB5XP",2023,"RIVIAN","EDV","BEV",2,
"7FCEHEB53P",2023,"RIVIAN","EDV","BEV",2,
"7FCTGAAL5P",2023,"RIVIAN","R1T","BEV",2,
"7FCEHEB59P",2023,"RIVIAN","EDV","BEV",2,
"7FCTGAAL6P",2023,"RIVIAN","R1T","BEV",2,
"7FCTGAAL2P",2023,"RIVIAN","R1T","BEV",2,
"7FCEHEB50P",2023,"RIVIAN","EDV","BEV",2,
"7FCEHEB57P",2023,"RIVIAN","EDV","BEV",2,
"KNDC34LA4P",2023,"KIA","EV6","BEV",2,
"KNDC3DLCXP",2023,"KIA","EV6","BEV",2,
"KNDC5DLE7P",2023,"KIA","EV6","BEV",2,
"KNDC3DLC8P",2023,"KIA","EV6","BEV",2,
"KNDC4DLCXP",2023,"KIA","EV6","BEV",2,
"KNDC3DLC2P",2023,"KIA","EV6","BEV",2,
"KNDCR3L13P",2023,"KIA","NIRO","BEV",2,
"KNDC34LB4P",2023,"KIA","EV6","BEV",2,
"KNDC3DLC5P",2023,"KIA","EV6","BEV",2,
"KNDC4DLC4P",2023,"KIA","EV6","BEV",2,
"KNDC34LA5P",2023,"KIA","EV6","BEV",2,
"KNDCR3L1XP",2023,"KIA","NIRO","BEV",2,
"KNDC3DLC4P",2023,"KIA","EV6","BEV",2,
"KNDC3DLC3P",2023,"KIA","EV6","BEV",2,
"KNDC4DLC5P",2023,"KIA","EV6","BEV",2,
"KNDC44LA3P",2023,"KIA","EV6","BEV",2,
"KNDC3DLC0P",2023,"KIA","EV6","BEV",2,
"KNDC34LA7P",2023,"KIA","EV6","BEV",2,
"KNDC44LA0P",2023,"KIA","EV6","BEV",2,
"KNDCR3L10P",2023,"KIA","NIRO","BEV",2,
"KNDCR3L14P",2023,"KIA","NIRO","BEV",2,
"KNDC3DLC1P",2023,"KIA","EV6","BEV",2,
"KNDC5DLE0P",2023,"KIA","EV6","BEV",2,
"KNDC34LB9P",2023,"KIA","EV6","BEV",2,
"KNDC3DLC6P",2023,"KIA","EV6","BEV",2,
"KNDCR3L11P",2023,"KIA","NIRO","BEV",2,
"KNDC3DLC7P",2023,"KIA","EV6","BEV",2,
"KNDCT3L11P",2023,"KIA","NIRO","BEV",2,
"KNDC4DLC2P",2023,"KIA","EV6","BEV",2,
"KNDCT3L12P",2023,"KIA","NIRO","BEV",2,
"KNDC5DLE8P",2023,"KIA","EV6","BEV",2,
"KNDCT3L13P",2023,"KIA","NIRO","BEV",2,
"KNDCT3L19P",2023,"KIA","NIRO","BEV",2,
"KNDCT3L10P",2023,"KIA","NIRO","BEV",2,
"KNDC4DLC7P",2023,"KIA","EV6","BEV",2,
"KNDC4DLC1P",2023,"KIA","EV6","BEV",2,
"KNDC34LB0P",2023,"KIA","EV6","BEV",2,
"KNDCR3L17P",2023,"KIA","NIRO","BEV",2,
"KNDCR3L16P",2023,"KIA","NIRO","BEV",2,
"KNDC3DLC9P",2023,"KIA","EV6","BEV",2,
"KNDCT3L15P",2023,"KIA","NIRO","BEV",2,
"KNDC34LA8P",2023,"KIA","EV6","BEV",2,
"KNDC4DLC0P",2023,"KIA","EV6","BEV",2,
"KNDC34LA9P",2023,"KIA","EV6","BEV",2,
"KNDCT3L18P",2023,"KIA","NIRO","BEV",2,
"KNDCT3L14P",2023,"KIA","NIRO","BEV",2,
"KNDCR3L15P",2023,"KIA","NIRO","BEV",2,
"KNDC34LA3P",2023,"KIA","EV6","BEV",2,
"KNDC4DLC6P",2023,"KIA","EV6","BEV",2,
"KNDC5DLE5P",2023,"KIA","EV6","BEV",2,
"KNDC4DLC9P",2023,"KIA","EV6","BEV",2,
"KNDC4DLC8P",2023,"KIA","EV6","BEV",2,
"KNDC34LA6P",2023,"KIA","EV6","BEV",2,
"KNDC4DLC3P",2023,"KIA","EV6","BEV",2,
"KNDC44LA5P",2023,"KIA","EV6","BEV",2,
"KNDCT3L16P",2023,"KIA","NIRO","BEV",2,
"KNDCR3L12P",2023,"KIA","NIRO","BEV",2,
"KNDCR3L19P",2023,"KIA","NIRO","BEV",2,
"KNDC34LAXP",2023,"KIA","EV6","BEV",2,
"KNDC34LB3P",2023,"KIA","EV6","BEV",2,
"KNDCT3L1XP",2023,"KIA","NIRO","BEV",2,
"KNDCR3L18P",2023,"KIA","NIRO","BEV",2,
"KNDC5DLEXP",2023,"KIA","EV6","BEV",2,
"KNDCT3L17P",2023,"KIA","NIRO","BEV",2,
"KNDC5DLE3P",2023,"KIA","EV6","BEV",2,
"KNDC5DLE2P",2023,"KIA","EV6","BEV",2,
"KNDC34LB5P",2023,"KIA","EV6","BEV",2,
"KNDC5DLE6P",2023,"KIA","EV6","BEV",2,
"KNDC34LA0P",2023,"KIA","EV6","BEV",2,
"KNDC34LA1P",2023,"KIA","EV6","BEV",2,
"KNDC5DLE9P",2023,"KIA","EV6","BEV",2,
"KNDC34LB7P",2023,"KIA","EV6","BEV",2,
"KNDC34LBXP",2023,"KIA","EV6","BEV",2,
"KNDC34LB2P",2023,"KIA","EV6","BEV",2,
"KNDC5DLE1P",2023,"KIA","EV6","BEV",2,
"KNDC5DLE4P",2023,"KIA","EV6","BEV",2,
"KNDC34LB1P",2023,"KIA","EV6","BEV",2,
"KNDC34LB6P",2023,"KIA","EV6","BEV",2,
"KNDC34LA2P",2023,"KIA","EV6","BEV",2,
"KNDC44LA6P",2023,"KIA","EV6","BEV",2,
"KNDC44LA4P",2023,"KIA","EV6","BEV",2,
"KNDC44LA1P",2023,"KIA","EV6","BEV",2,
"KNDC44LA8P",2023,"KIA","EV6","BEV",2,
"KNDC44LA2P",2023,"KIA","EV6","BEV",2,
"YV4ED3ULXP",2023,"VOLVO","XC40","BEV",2,
"YV4ED3UM7P",2023,"VOLVO","XC40","BEV",2,
"YV4ED3UM9P",2023,"VOLVO","XC40","BEV",2,
"YV4ED3UM2P",2023,"VOLVO","XC40","BEV",2,
"YV4ED3GL0P",2023,"VOLVO","C40","BEV",2,
"YV4ED3UM5P",2023,"VOLVO","XC40","BEV",2,
"YV4ED3UL8P",2023,"VOLVO","XC40","BEV",2,
"YV4ED3GM2P",2023,"VOLVO","C40","BEV",2,
"YV4ED3UL2P",2023,"VOLVO","XC40","BEV",2,
"YV4ED3UM4P",2023,"VOLVO","XC40","BEV",2,
"YV4ED3UM1P",2023,"VOLVO","XC40","BEV",2,
"YV4ED3UL7P",2023,"VOLVO","XC40","BEV",2,
"YV4ED3GM5P",2023,"VOLVO","C40","BEV",2,
"YV4ED3GMXP",2023,"VOLVO","C40","BEV",2,
"YV4ED3UL3P",2023,"VOLVO","XC40","BEV",2,
"YV4ED3GL4P",2023,"VOLVO","C40","BEV",2,
"YV4ED3UM6P",2023,"VOLVO","XC40","BEV",2,
"YV4ED3UM0P",2023,"VOLVO","XC40","BEV",2,
"YV4ED3UW0P",2023,"VOLVO","XC40","BEV",2,
"YV4ED3GL1P",2023,"VOLVO","C40","BEV",2,
"YV4ED3GM7P",2023,"VOLVO","C40","BEV",2,
"YV4ED3UW2P",2023,"VOLVO","XC40","BEV",2,
"YV4ED3GM3P",2023,"VOLVO","C40","BEV",2,
"YV4ED3UL5P",2023,"VOLVO","XC40","BEV",2,
"YV4ED3UM3P",2023,"VOLVO","XC40","BEV",2,
"YV4ED3UL6P",2023,"VOLVO","XC40","BEV",2,
"YV4ED3GM1P",2023,"VOLVO","C40","BEV",2,
"YV4ED3UMXP",2023,"VOLVO","XC40","BEV",2,
"YV4ED3UW5P",2023,"VOLVO","XC40","BEV",2,
"YV4ED3GM6P",2023,"VOLVO","C40","BEV",2,
"YV4ED3GL5P",2023,"VOLVO","C40","BEV",2,
"YV4ED3GM0P",2023,"VOLVO","C40","BEV",2,
"YV4ED3GL9P",2023,"VOLVO","C40","BEV",2,
"YV4ED3UM8P",2023,"VOLVO","XC40","BEV",2,
"YV4ED3UL0P",2023,"VOLVO","XC40","BEV",2,
"YV4ED3UW1P",2023,"VOLVO","XC40","BEV",2,
"YV4ED3GM4P",2023,"VOLVO","C40","BEV",2,
"YV4ED3GM9P",2023,"VOLVO","C40","BEV",2,
"YV4ED3UL9P",2023,"VOLVO","XC40","BEV",2,
"YV4ED3GL3P",2023,"VOLVO","C40","BEV",2,
"YV4ED3UL1P",2023,"VOLVO","XC40","BEV",2,
"YV4ED3UWXP",2023,"VOLVO","XC40","BEV",2,
"YV4ED3GL7P",2023,"VOLVO","C40","BEV",2,
"YV4ED3UW9P",2023,"VOLVO","XC40","BEV",2,
"YV4ED3UK1P",2023,"VOLVO","XC40","BEV",2,
"YV4ED3GL2P",2023,"VOLVO","C40","BEV",2,
"YV4ED3GLXP",2023,"VOLVO","C40","BEV",2,
"YV4ED3GL8P",2023,"VOLVO","C40","BEV",2,
"YV4ED3UL4P",2023,"VOLVO","XC40","BEV",2,
"YV4ED3UK4P",2023,"VOLVO","XC40","BEV",2,
"YV4ED3UW6P",2023,"VOLVO","XC40","BEV",2,
"YV4ED3UW8P",2023,"VOLVO","XC40","BEV",2,
"YV4ED3UW3P",2023,"VOLVO","XC40","BEV",2,
"YV4ED3GK8P",2023,"VOLVO","C40","BEV",2,
"YV4ED3UK9P",2023,"VOLVO","XC40","BEV",2,
"YV4ED3GM8P",2023,"VOLVO","C40","BEV",2,
"YV4ED3UK0P",2023,"VOLVO","XC40","BEV",2,
"YV4ED3UW7P",2023,"VOLVO","XC40","BEV",2,
"YV4ED3UW4P",2023,"VOLVO","XC40","BEV",2,
"YV4ED3GL6P",2023,"VOLVO","C40","BEV",2,
"YV4ED3GK4P",2023,"VOLVO","C40","BEV",2,
"YV4ED3GK0P",2023,"VOLVO","C40","BEV",2,
"YV4ED3UKXP",2023,"VOLVO","XC40","BEV",2,
"YV4ED3UK5P",2023,"VOLVO","XC40","BEV",2,
"YV4ED3UK8P",2023,"VOLVO","XC40","BEV",2,
"YV4ED3GK2P",2023,"VOLVO","C40","BEV",2,
"YV4ED3GK6P",2023,"VOLVO","C40","BEV",2,
"YV4ED3GKXP",2023,"VOLVO","C40","BEV",2,
"YV4ED3GK1P",2023,"VOLVO","C40","BEV",2,
"WB533CF07P",2023,"BMW","IX","BEV",2,
"WB523CF04P",2023,"BMW","IX","BEV",2,
"WB533CF01P",2023,"BMW","IX","BEV",2,
"WBY73AW08P",2023,"BMW","I4","BEV",2,
"WBY33AW06P",2023,"BMW","I4","BEV",2,
"WB523CF02P",2023,"BMW","IX","BEV",2,
"WB533CF08P",2023,"BMW","IX","BEV",2,
"WBY33AW09P",2023,"BMW","I4","BEV",2,
"WB523CF06P",2023,"BMW","IX","BEV",2,
"WBY33AW02P",2023,"BMW","I4","BEV",2,
"WBY73AW06P",2023,"BMW","I4","BEV",2,
"WBY43AW03P",2023,"BMW","I4","BEV",2,
"WB533CF09P",2023,"BMW","IX","BEV",2,
"WB523CF03P",2023,"BMW","IX","BEV",2,
"WBY43AW09P",2023,"BMW","I4","BEV",2,
"WB523CF05P",2023,"BMW","IX","BEV",2,
"WBY73AW04P",2023,"BMW","I4","BEV",2,
"WBY53EJ07P",2023,"BMW","I7","BEV",2,
"WBY43AW0XP",2023,"BMW","I4","BEV",2,
"WB523CF0XP",2023,"BMW","IX","BEV",2,
"WBY33AW0XP",2023,"BMW","I4","BEV",2,
"WBY33AW05P",2023,"BMW","I4","BEV",2,
"WBY33AW07P",2023,"BMW","I4","BEV",2,
"WBY33AW08P",2023,"BMW","I4","BEV",2,
"WB533CF06P",2023,"BMW","IX","BEV",2,
"WB523CF08P",2023,"BMW","IX","BEV",2,
"WBY73AW00P",2023,"BMW","I4","BEV",2,
"WBY73AW0XP",2023,"BMW","I4","BEV",2,
"WBY43AW05P",2023,"BMW","I4","BEV",2,
"WB533CF03P",2023,"BMW","IX","BEV",2,
"WB523CF01P",2023,"BMW","IX","BEV",2,
"WBY33AW03P",2023,"BMW","I4","BEV",2,
"WBY43AW04P",2023,"BMW","I4","BEV",2,
"WB533CF0XP",2023,"BMW","IX","BEV",2,
"WBY73AW05P",2023,"BMW","I4","BEV",2,
"WBY73AW01P",2023,"BMW","I4","BEV",2,
"WBY43AW01P",2023,"BMW","I4","BEV",2,
"WBY53EJ04P",2023,"BMW","I7","BEV",2,
"WBY73AW02P",2023,"BMW","I4","BEV",2,
"WBY33AW04P",2023,"BMW","I4","BEV",2,
"WBY53EJ09P",2023,"BMW","I7","BEV",2,
"WBY73AW09P",2023,"BMW","I4","BEV",2,
"WBY73AW07P",2023,"BMW","I4","BEV",2,
"WBY43AW08P",2023,"BMW","I4","BEV",2,
"WBY43AW06P",2023,"BMW","I4","BEV",2,
"WB523CF09P",2023,"BMW","IX","BEV",2,
"WBY53EJ03P",2023,"BMW","I7","BEV",2,
"WBY43AW07P",2023,"BMW","I4","BEV",2,
"WBY73AW03P",2023,"BMW","I4","BEV",2,
"WB523CF00P",2023,"BMW","IX","BEV",2,
"WB533CF00P",2023,"BMW","IX","BEV",2,
"WBY33AW01P",2023,"BMW","I4","BEV",2,
"WB533CF05P",2023,"BMW","IX","BEV",2,
"WB533CF02P",2023,"BMW","IX","BEV",2,
"WB523CF07P",2023,"BMW","IX","BEV",2,
"WBY33AW00P",2023,"BMW","I4","BEV",2,
"WBY53EJ08P",2023,"BMW","I7","BEV",2,
"WB533CF04P",2023,"BMW","IX","BEV",2,
"WBY43AW00P",2023,"BMW","I4","BEV",2,
"WBY43AW02P",2023,"BMW","I4","BEV",2,
"WBY53EJ0XP",2023,"BMW","I7","BEV",2,
"WBY53EJ05P",2023,"BMW","I7","BEV",2,
"WBY53EJ06P",2023,"BMW","I7","BEV",2,
"WBY53EJ02P",2023,"BMW","I7","BEV",2,
"WBY53EJ00P",2023,"BMW","I7","BEV",2,
"JTMABABA7P",2023,"SUBARU","SOLTERRA","BEV",2,
"VCF1ZBU24P",2023,"FISKER","OCEAN","BEV",2,
"JTMABABA9P",2023,"SUBARU","SOLTERRA","BEV",2,
"1G1FY6S04P",2023,"CHEVROLET","BOLT EUV","BEV",2,
"1G1FZ6S02P",2023,"CHEVROLET","BOLT EUV","BEV",2,
"1G1FW6S01P",2023,"CHEVROLET","BOLT EV","BEV",2,
"JTJAAAABXP",2023,"LEXUS","RZ","BEV",2,
"1G1FX6S05P",2023,"CHEVROLET","BOLT EV","BEV",2,
"JTMABABAXP",2023,"SUBARU","SOLTERRA","BEV",2,
"JTMABABA4P",2023,"SUBARU","SOLTERRA","BEV",2,
"JTMABACA6P",2023,"TOYOTA","BZ4X","BEV",2,
"JTJAAAAB4P",2023,"LEXUS","RZ","BEV",2,
"1G1FZ6S03P",2023,"CHEVROLET","BOLT EUV","BEV",2,
"1G1FY6S06P",2023,"CHEVROLET","BOLT EUV","BEV",2,
"1G1FY6S05P",2023,"CHEVROLET","BOLT EUV","BEV",2,
"JTMABABA3P",2023,"SUBARU","SOLTERRA","BEV",2,
"YSMED3KA9P",2023,"POLESTAR","PS2","BEV",2,
"1G1FW6S03P",2023,"CHEVROLET","BOLT EV","BEV",2,
"RLLV1AEBXP",2023,"VINFAST","VF 8","BEV",2,
"WMW13DJ01P",2023,"MINI","HARDTOP","BEV",2,
"YSMED3KA1P",2023,"POLESTAR","PS2","BEV",2,
"1G1FX6S0XP",2023,"CHEVROLET","BOLT EV","BEV",2,
"1G1FY6S09P",2023,"CHEVROLET","BOLT EUV","BEV",2,
"1G1FW6S07P",2023,"CHEVROLET","BOLT EV","BEV",2,
"1G1FW6S00P",2023,"CHEVROLET","BOLT EV","BEV",2,
"JTMABABA6P",2023,"SUBARU","SOLTERRA","BEV",2,
"JTMABABA2P",2023,"SUBARU","SOLTERRA","BEV",2,
"1G1FY6S01P",2023,"CHEVROLET","BOLT EUV","BEV",2,
"1G1FW6S02P",2023,"CHEVROLET","BOLT EV","BEV",2,
"JTMABABA5P",2023,"SUBARU","SOLTERRA","BEV",2,
"YSMEG3KA4P",2023,"POLESTAR","PS2","BEV",2,
"VCF1UBU25P",2023,"FISKER","OCEAN","BEV",2,
"1GYKPMRK2P",2023,"CADILLAC","LYRIQ","BEV",2,
"1G1FY6S03P",2023,"CHEVROLET","BOLT EUV","BEV",2,
"WMW13DJ07P",2023,"MINI","HARDTOP","BEV",2,
"JTMABACA2P",2023,"TOYOTA","BZ4X","BEV",2,
"1G1FY6S08P",2023,"CHEVROLET","BOLT EUV","BEV",2,
"1G1FZ6S0XP",2023,"CHEVROLET","BOLT EUV","BEV",2,
"JTMABACA7P",2023,"TOYOTA","BZ4X","BEV",2,
"1G1FW6S05P",2023,"CHEVROLET","BOLT EV","BEV",2,
"1GYKPMRK3P",2023,"CADILLAC","LYRIQ","BEV",2,
"1G1FX6S06P",2023,"CHEVROLET","BOLT EV","BEV",2,
"YSMET3KA0P",2023,"POLESTAR","PS2","BEV",2,
"1G1FW6S0XP",2023,"CHEVROLET","BOLT EV","BEV",2,
"JTMABACA0P",2023,"TOYOTA","BZ4X","BEV",2,
"1G1FX6S04P",2023,"CHEVROLET","BOLT EV","BEV",2,
"JTMABACA4P",2023,"TOYOTA","BZ4X","BEV",2,
"1G1FY6S07P",2023,"CHEVROLET","BOLT EUV","BEV",2,
"1G1FZ6S08P",2023,"CHEVROLET","BOLT EUV","BEV",2,
"1G1FX6S02P",2023,"CHEVROLET","BOLT EV","BEV",2,
"KMUKEDTB1P",2023,"GENESIS","GV60","BEV",2,
"1G1FZ6S09P",2023,"CHEVROLET","BOLT EUV","BEV",2,
"1G1FW6S09P",2023,"CHEVROLET","BOLT EV","BEV",2,
"50EA1TEA8P",2023,"LUCID","AIR","BEV",2,
"JTMAAAAA3P",2023,"TOYOTA","BZ4X","BEV",2,
"YSMED3KA0P",2023,"POLESTAR","PS2","BEV",2,
"KMUKEDTB2P",2023,"GENESIS","GV60","BEV",2,
"1G1FW6S06P",2023,"CHEVROLET","BOLT EV","BEV",2,
"KMUKEDTBXP",2023,"GENESIS","GV60","BEV",2,
"1G1FX6S08P",2023,"CHEVROLET","BOLT EV","BEV",2,
"1G1FZ6S01P",2023,"CHEVROLET","BOLT EUV","BEV",2,
"5NMMCET18P",2023,"GENESIS","GV70","BEV",2,
"YSMED3KA3P",2023,"POLESTAR","PS2","BEV",2,
"1G1FX6S03P",2023,"CHEVROLET","BOLT EV","BEV",2,
"1G1FZ6S00P",2023,"CHEVROLET","BOLT EUV","BEV",2,
"50EA1GBA7P",2023,"LUCID","AIR","BEV",2,
"JTMABACA5P",2023,"TOYOTA","BZ4X","BEV",2,
"50EA1TEA5P",2023,"LUCID","AIR","BEV",2,
"1G1FZ6S06P",2023,"CHEVROLET","BOLT EUV","BEV",2,
"1G1FY6S0XP",2023,"CHEVROLET","BOLT EUV","BEV",2,
"1G1FZ6S05P",2023,"CHEVROLET","BOLT EUV","BEV",2,
"JTMABACAXP",2023,"TOYOTA","BZ4X","BEV",2,
"1G1FY6S00P",2023,"CHEVROLET","BOLT EUV","BEV",2,
"JTJAAAAB3P",2023,"LEXUS","RZ","BEV",2,
"1G1FZ6S04P",2023,"CHEVROLET","BOLT EUV","BEV",2,
"JTJAAAAB9P",2023,"LEXUS","RZ","BEV",2,
"JTMABACA1P",2023,"TOYOTA","BZ4X","BEV",2,
"1G1FZ6S07P",2023,"CHEVROLET","BOLT EUV","BEV",2,
"JTMABACA8P",2023,"TOYOTA","BZ4X","BEV",2,
"KMUKCDTC1P",2023,"GENESIS","GV60","BEV",2,
"JTMABACA9P",2023,"TOYOTA","BZ4X","BEV",2,
"WMW13DJ00P",2023,"MINI","HARDTOP","BEV",2,
"1G1FX6S00P",2023,"CHEVROLET","BOLT EV","BEV",2,
"WMW13DJ03P",2023,"MINI","HARDTOP","BEV",2,
"JTJAAAAB5P",2023,"LEXUS","RZ","BEV",2,
"JTMABABA1P",2023,"SUBARU","SOLTERRA","BEV",2,
"1G1FY6S02P",2023,"CHEVROLET","BOLT EUV","BEV",2,
"1G1FW6S08P",2023,"CHEVROLET","BOLT EV","BEV",2,
"YSMED3KAXP",2023,"POLESTAR","PS2","BEV",2,
"JTJAAAAB1P",2023,"LEXUS","RZ","BEV",2,
"YSMET3KA9P",2023,"POLESTAR","PS2","BEV",2,
"YSMED3KA5P",2023,"POLESTAR","PS2","BEV",2,
"1G1FX6S01P",2023,"CHEVROLET","BOLT EV","BEV",2,
"VCF1ZBU25P",2023,"FISKER","OCEAN","BEV",2,
"WMW13DJ06P",2023,"MINI","HARDTOP","BEV",2,
"VCF1ZBU29P",2023,"FISKER","OCEAN","BEV",2,
"KMUKEDTB4P",2023,"GENESIS","GV60","BEV",2,
"50EA1TEA4P",2023,"LUCID","AIR","BEV",2,
"JTMABABA8P",2023,"SUBARU","SOLTERRA","BEV",2,
"JTMABABA0P",2023,"SUBARU","SOLTERRA","BEV",2,
"WMW13DJ05P",2023,"MINI","HARDTOP","BEV",2,
"KMUKEDTB9P",2023,"GENESIS","GV60","BEV",2,
"JTJAAAAB8P",2023,"LEXUS","RZ","BEV",2,
"1G1FX6S07P",2023,"CHEVROLET","BOLT EV","BEV",2,
"1G1FX6S09P",2023,"CHEVROLET","BOLT EV","BEV",2,
"KMUKCDTC3P",2023,"GENESIS","GV60","BEV",2,
"YSMED3KA2P",2023,"POLESTAR","PS2","BEV",2,
"YSMEG3KA9P",2023,"POLESTAR","PS2","BEV",2,
"50EA1TEA0P",2023,"LUCID","AIR","BEV",2,
"JTDAAAAA0P",2023,"TOYOTA","MIRAI","BEV",2,
"50EA1GBA1P",2023,"LUCID","AIR","BEV",2,
"KMUKCDTC2P",2023,"GENESIS","GV60","BEV",2,
"WMW13DJ0XP",2023,"MINI","HARDTOP","BEV",2,
"1GYKPPRL0P",2023,"CADILLAC","LYRIQ","BEV",2,
"YSMEG3KA6P",2023,"POLESTAR","PS2","BEV",2,
"YSMEG3KA1P",2023,"POLESTAR","PS2","BEV",2,
"VCF1EBU27P",2023,"FISKER","OCEAN","BEV",2,
"YSMED3KA4P",2023,"POLESTAR","PS2","BEV",2,
"KMUKEDTB5P",2023,"GENESIS","GV60","BEV",2,
"YSMED3KA8P",2023,"POLESTAR","PS2","BEV",2,
"JTDAAAAA7P",2023,"TOYOTA","MIRAI","BEV",2,
"JTJAAAAB2P",2023,"LEXUS","RZ","BEV",2,
"KMUKCDTC5P",2023,"GENESIS","GV60","BEV",2,
"1G1FW6S04P",2023,"CHEVROLET","BOLT EV","BEV",2,
"50EA1GBA5P",2023,"LUCID","AIR","BEV",2,
"50EA1TEA1P",2023,"LUCID","AIR","BEV",2,
"YSMED3KA7P",2023,"POLESTAR","PS2","BEV",2,
"YSMEG3KA0P",2023,"POLESTAR","PS2","BEV",2,
"YSMET3KA1P",2023,"POLESTAR","PS2","BEV",2,
"JTMABACA3P",2023,"TOYOTA","BZ4X","BEV",2,
"JTJAAAAB0P",2023,"LEXUS","RZ","BEV",2,
"YSMET3KA2P",2023,"POLESTAR","PS2","BEV",2,
"2G5ZJ3HG4P",2023,"BRIGHTDROP","ZEVO","BEV",2,
"KMUKEDTB0P",2023,"GENESIS","GV60","BEV",2,
"WMW13DJ08P",2023,"MINI","HARDTOP","BEV",2,
"KMUKEDTB8P",2023,"GENESIS","GV60","BEV",2,
"KMTGE4S17P",2023,"GENESIS","G80","BEV",2,
"YSMEG3KA7P",2023,"POLESTAR","PS2","BEV",2,
"WMW13DJ04P",2023,"MINI","HARDTOP","BEV",2,
"KMUKCDTC6P",2023,"GENESIS","GV60","BEV",2,
"WMW13DJ09P",2023,"MINI","HARDTOP","BEV",2,
"SADHD2S16P",2023,"JAGUAR","I-PACE","BEV",2,
"2G5ZJ3HG6P",2023,"BRIGHTDROP","ZEVO","BEV",2,
"KMUKEDTB3P",2023,"GENESIS","GV60","BEV",2,
"JTJAAAAB7P",2023,"LEXUS","RZ","BEV",2,
"VCF1ZBU22P",2023,"FISKER","OCEAN","BEV",2,
"2G5ZJ3HG1P",2023,"BRIGHTDROP","ZEVO","BEV",2,
"VCF1ZBU28P",2023,"FISKER","OCEAN","BEV",2,
"1GYKPMRK6P",2023,"CADILLAC","LYRIQ","BEV",2,
"SADHD2S13P",2023,"JAGUAR","I-PACE","BEV",2,
"50EA1GBA6P",2023,"LUCID","AIR","BEV",2,
"VCF1ZBU21P",2023,"FISKER","OCEAN","BEV",2,
"2G5ZJ3HG7P",2023,"BRIGHTDROP","ZEVO","BEV",2,
"WMW13DJ02P",2023,"MINI","HARDTOP","BEV",2,
"VCF1EBU24P",2023,"FISKER","OCEAN","BEV",2,
"1GYKPMRK7P",2023,"CADILLAC","LYRIQ","BEV",2,
"50EA1TEAXP",2023,"LUCID","AIR","BEV",2,
"2G5ZJ3HG3P",2023,"BRIGHTDROP","ZEVO","BEV",2,
"2G5ZJ3HG9P",2023,"BRIGHTDROP","ZEVO","BEV",2,
"VCF1EBU21P",2023,"FISKER","OCEAN","BEV",2,
"1GYKPMRK0P",2023,"CADILLAC","LYRIQ","BEV",2,
"VCF1EBU28P",2023,"FISKER","OCEAN","BEV",2,
"VCF1ZBU2XP",2023,"FISKER","OCEAN","BEV",2,
"50EA1GBA9P",2023,"LUCID","AIR","BEV",2,
"KMUKCDTC7P",2023,"GENESIS","GV60","BEV",2,
"50EA1PFA3P",2023,"LUCID","AIR","BEV",2,
"KMUKEDTB6P",2023,"GENESIS","GV60","BEV",2,
"50EA1PFA7P",2023,"LUCID","AIR","BEV",2,
"YSMET3KA5P",2023,"POLESTAR","PS2","BEV",2,
"VCF1UBU22P",2023,"FISKER","OCEAN","BEV",2,
"VCF1ZBU20P",2023,"FISKER","OCEAN","BEV",2,
"1GYKPPRL3P",2023,"CADILLAC","LYRIQ","BEV",2,
"1GYKPPRL5P",2023,"CADILLAC","LYRIQ","BEV",2,
"50EA1TEA9P",2023,"LUCID","AIR","BEV",2,
"1GYKPPRL7P",2023,"CADILLAC","LYRIQ","BEV",2,
"50EA1GBA0P",2023,"LUCID","AIR","BEV",2,
"KMTGE4S14P",2023,"GENESIS","G80","BEV",2,
"RLLV1AFA3P",2023,"VINFAST","VF 8","BEV",2,
"50EA1TEA6P",2023,"LUCID","AIR","BEV",2,
"1GYKPMRKXP",2023,"CADILLAC","LYRIQ","BEV",2,
"VCF1ZBU27P",2023,"FISKER","OCEAN","BEV",2,
"1GYKPMRK8P",2023,"CADILLAC","LYRIQ","BEV",2,
"50EA1PFA8P",2023,"LUCID","AIR","BEV",2,
"VCF1EBU22P",2023,"FISKER","OCEAN","BEV",2,
"YSMET3KA4P",2023,"POLESTAR","PS2","BEV",2,
"50EA1PFA6P",2023,"LUCID","AIR","BEV",2,
"VCF1ZBU23P",2023,"FISKER","OCEAN","BEV",2,
"50EA1GBA4P",2023,"LUCID","AIR","BEV",2,
"50EA1TEA2P",2023,"LUCID","AIR","BEV",2,
"KMUKCDTC9P",2023,"GENESIS","GV60","BEV",2,
"1GYKPMRK9P",2023,"CADILLAC","LYRIQ","BEV",2,
"KMUKEDTB7P",2023,"GENESIS","GV60","BEV",2,
"VCF1EBU20P",2023,"FISKER","OCEAN","BEV",2,
"KMUKCDTCXP",2023,"GENESIS","GV60","BEV",2,
"50EA1PFAXP",2023,"LUCID","AIR","BEV",2,
"1GYKPMRK4P",2023,"CADILLAC","LYRIQ","BEV",2,
"YSMEG3KA3P",2023,"POLESTAR","PS2","BEV",2,
"VCF1UBU28P",2023,"FISKER","OCEAN","BEV",2,
"50EA1GBAXP",2023,"LUCID","AIR","BEV",2,
"YSMET3KAXP",2023,"POLESTAR","PS2","BEV",2,
"50EA1TEA3P",2023,"LUCID","AIR","BEV",2,
"5NMMCET12P",2023,"GENESIS","GV70","BEV",2,
"JTJAAAAB6P",2023,"LEXUS","RZ","BEV",2,
"1GYKPMRK1P",2023,"CADILLAC","LYRIQ","BEV",2,
"YSMET3KA3P",2023,"POLESTAR","PS2","BEV",2,
"YSMED3KA6P",2023,"POLESTAR","PS2","BEV",2,
"5NMMCET11P",2023,"GENESIS","GV70","BEV",2,
"5NMMCET1XP",2023,"GENESIS","GV70","BEV",2,
"YSMET3KA8P",2023,"POLESTAR","PS2","BEV",2,
"5NMMCET16P",2023,"GENESIS","GV70","BEV",2,
"50EA1PFA9P",2023,"LUCID","AIR","BEV",2,
"JTMAAAAA9P",2023,"TOYOTA","BZ4X","BEV",2,
"JTDAAAAA4P",2023,"TOYOTA","MIRAI","BEV",2,
"1GYKPPRL4P",2023,"CADILLAC","LYRIQ","BEV",2,
"SADHD2S17P",2023,"JAGUAR","I-PACE","BEV",2,
"KMTGE4S15P",2023,"GENESIS","G80","BEV",2,
"5NMMCET13P",2023,"GENESIS","GV70","BEV",2,
"5NMMCET14P",2023,"GENESIS","GV70","BEV",2,
"YSMET3KA6P",2023,"POLESTAR","PS2","BEV",2,
"JTMAAAAA5P",2023,"TOYOTA","BZ4X","BEV",2,
"2G5ZJ3HG0P",2023,"BRIGHTDROP","ZEVO","BEV",2,
"50EA1GBA2P",2023,"LUCID","AIR","BEV",2,
"2G5ZJ3HG5P",2023,"BRIGHTDROP","ZEVO","BEV",2,
"VCF1EBU23P",2023,"FISKER","OCEAN","BEV",2,
"2G5ZJ3HG8P",2023,"BRIGHTDROP","ZEVO","BEV",2,
"KMTGE4S18P",2023,"GENESIS","G80","BEV",2,
"5NMMCET15P",2023,"GENESIS","GV70","BEV",2,
"YSMET3KA7P",2023,"POLESTAR","PS2","BEV",2,
"JTMAAAAA7P",2023,"TOYOTA","BZ4X","BEV",2,
"2G5ZJ3HGXP",2023,"BRIGHTDROP","ZEVO","BEV",2,
"KMTGE4S19P",2023,"GENESIS","G80","BEV",2,
"50EA1TEA7P",2023,"LUCID","AIR","BEV",2,
"2G5ZJ3HG2P",2023,"BRIGHTDROP","ZEVO","BEV",2,
"KMTGE4S16P",2023,"GENESIS","G80","BEV",2,
"50EA1PFA0P",2023,"LUCID","AIR","BEV",2,
"KMTGE4S1XP",2023,"GENESIS","G80","BEV",2,
"VCF1UBU27P",2023,"FISKER","OCEAN","BEV",2,
"VCF1ZBU26P",2023,"FISKER","OCEAN","BEV",2,
"JM1DRADB6P",2023,"MAZDA","MX-30","BEV",2,
"KMTGE4S13P",2023,"GENESIS","G80","BEV",2,
"VCF1UBU20P",2023,"FISKER","OCEAN","BEV",2,
"1GYKPMRK5P",2023,"CADILLAC","LYRIQ","BEV",2,
"VCF1EBU29P",2023,"FISKER","OCEAN","BEV",2,
"VCF1UBU21P",2023,"FISKER","OCEAN","BEV",2,
"YSMEG3KA2P",2023,"POLESTAR","PS2","BEV",2,
"JTMAAAAA8P",2023,"TOYOTA","BZ4X","BEV",2,
"KMUKCDTC0P",2023,"GENESIS","GV60","BEV",2,
"JTMAAAAA0P",2023,"TOYOTA","BZ4X","BEV",2,
"JTMAAAAA4P",2023,"TOYOTA","BZ4X","BEV",2,
"50EA1PFA1P",2023,"LUCID","AIR","BEV",2,
"KMTGE4S12P",2023,"GENESIS","G80","BEV",2,
"KMUKCDTC4P",2023,"GENESIS","GV60","BEV",2,
"YSMEG3KA8P",2023,"POLESTAR","PS2","BEV",2,
"SADHD2S10P",2023,"JAGUAR","I-PACE","BEV",2,
"5NMMCET10P",2023,"GENESIS","GV70","BEV",2,
"VCF1EBU2XP",2023,"FISKER","OCEAN","BEV",2,
"VCF1SAU25P",2023,"FISKER","OCEAN","BEV",2,
"SADHD2S11P",2023,"JAGUAR","I-PACE","BEV",2,
"JTMAAAAA1P",2023,"TOYOTA","BZ4X","BEV",2,
"YSMEG3KAXP",2023,"POLESTAR","PS2","BEV",2,
"50EA1GBA8P",2023,"LUCID","AIR","BEV",2,
"50EA1PFA5P",2023,"LUCID","AIR","BEV",2,
"50EA1GDA3P",2023,"LUCID","AIR","BEV",2,
"VCF1UBU24P",2023,"FISKER","OCEAN","BEV",2,
"5NMMCET19P",2023,"GENESIS","GV70","BEV",2,
"JTMAAAAAXP",2023,"TOYOTA","BZ4X","BEV",2,
"1GYKPPRL8P",2023,"CADILLAC","LYRIQ","BEV",2,
"JTMAAAAA6P",2023,"TOYOTA","BZ4X","BEV",2,
"JTMAAAAA2P",2023,"TOYOTA","BZ4X","BEV",2,
"1GYKPPRL9P",2023,"CADILLAC","LYRIQ","BEV",2,
"50EA1GDA5P",2023,"LUCID","AIR","BEV",2,
"JTDAAAAA3P",2023,"TOYOTA","MIRAI","BEV",2,
"VCF1EBU25P",2023,"FISKER","OCEAN","BEV",2,
"1GYKPPRLXP",2023,"CADILLAC","LYRIQ","BEV",2,
"WP0CD2Y10P",2023,"PORSCHE","TAYCAN","BEV",2,
"WP0AB2Y16P",2023,"PORSCHE","TAYCAN","BEV",2,
"WP0AA2Y18P",2023,"PORSCHE","TAYCAN","BEV",2,
"WP0AA2Y11P",2023,"PORSCHE","TAYCAN","BEV",2,
"WP0BB2Y18P",2023,"PORSCHE","TAYCAN","BEV",2,
"WP0BA2Y11P",2023,"PORSCHE","TAYCAN","BEV",2,
"WP0BB2Y15P",2023,"PORSCHE","TAYCAN","BEV",2,
"WP0AA2Y1XP",2023,"PORSCHE","TAYCAN","BEV",2,
"WP0AA2Y14P",2023,"PORSCHE","TAYCAN","BEV",2,
"WP0AB2Y13P",2023,"PORSCHE","TAYCAN","BEV",2,
"WP0CD2Y11P",2023,"PORSCHE","TAYCAN","BEV",2,
"WP0BA2Y17P",2023,"PORSCHE","TAYCAN","BEV",2,
"WP0AB2Y18P",2023,"PORSCHE","TAYCAN","BEV",2,
"WP0BA2Y19P",2023,"PORSCHE","TAYCAN","BEV",2,
"WP0CD2Y19P",2023,"PORSCHE","TAYCAN","BEV",2,
"WP0AB2Y14P",2023,"PORSCHE","TAYCAN","BEV",2,
"WP0AD2Y19P",2023,"PORSCHE","TAYCAN","BEV",2,
"WP0AA2Y15P",2023,"PORSCHE","TAYCAN","BEV",2,
"WP0AD2Y10P",2023,"PORSCHE","TAYCAN","BEV",2,
"WP0AA2Y16P",2023,"PORSCHE","TAYCAN","BEV",2,
"WP0AD2Y14P",2023,"PORSCHE","TAYCAN","BEV",2,
"WP0AA2Y10P",2023,"PORSCHE","TAYCAN","BEV",2,
"WP0AC2Y17P",2023,"PORSCHE","TAYCAN","BEV",2,
"WP0AA2Y17P",2023,"PORSCHE","TAYCAN","BEV",2,
"WP0AD2Y13P",2023,"PORSCHE","TAYCAN","BEV",2,
"WP0BB2Y13P",2023,"PORSCHE","TAYCAN","BEV",2,
"WP0BC2Y13P",2023,"PORSCHE","TAYCAN","BEV",2,
"WP0CD2Y12P",2023,"PORSCHE","TAYCAN","BEV",2,
"WP0AA2Y13P",2023,"PORSCHE","TAYCAN","BEV",2,
"WP0AB2Y19P",2023,"PORSCHE","TAYCAN","BEV",2,
"WP0BB2Y19P",2023,"PORSCHE","TAYCAN","BEV",2,
"WP0AD2Y18P",2023,"PORSCHE","TAYCAN","BEV",2,
"WP0AA2Y19P",2023,"PORSCHE","TAYCAN","BEV",2,
"WP0AA2Y12P",2023,"PORSCHE","TAYCAN","BEV",2,
"WP0BA2Y18P",2023,"PORSCHE","TAYCAN","BEV",2,
"WP0CD2Y13P",2023,"PORSCHE","TAYCAN","BEV",2,
"WP0AC2Y14P",2023,"PORSCHE","TAYCAN","BEV",2,
"WP0CD2Y15P",2023,"PORSCHE","TAYCAN","BEV",2,
"WP0AD2Y16P",2023,"PORSCHE","TAYCAN","BEV",2,
"WP0AC2Y15P",2023,"PORSCHE","TAYCAN","BEV",2,
"WP0BB2Y10P",2023,"PORSCHE","TAYCAN","BEV",2,
"WP0AD2Y15P",2023,"PORSCHE","TAYCAN","BEV",2,
"WP0BA2Y10P",2023,"PORSCHE","TAYCAN","BEV",2,
"WP0AB2Y15P",2023,"PORSCHE","TAYCAN","BEV",2,
"WP0AB2Y11P",2023,"PORSCHE","TAYCAN","BEV",2,
"WP0AC2Y16P",2023,"PORSCHE","TAYCAN","BEV",2,
"WP0BA2Y12P",2023,"PORSCHE","TAYCAN","BEV",2,
"WP0AD2Y11P",2023,"PORSCHE","TAYCAN","BEV",2,
"WP0BB2Y1XP",2023,"PORSCHE","TAYCAN","BEV",2,
"WP0CD2Y14P",2023,"PORSCHE","TAYCAN","BEV",2,
"WP0AD2Y1XP",2023,"PORSCHE","TAYCAN","BEV",2,
"WP0BB2Y17P",2023,"PORSCHE","TAYCAN","BEV",2,
"WP0AB2Y17P",2023,"PORSCHE","TAYCAN","BEV",2,
"WP0BB2Y11P",2023,"PORSCHE","TAYCAN","BEV",2,
"WP0BC2Y19P",2023,"PORSCHE","TAYCAN","BEV",2,
"WP0BA2Y13P",2023,"PORSCHE","TAYCAN","BEV",2,
"WP0BA2Y16P",2023,"PORSCHE","TAYCAN","BEV",2,
"WP0BC2Y16P",2023,"PORSCHE","TAYCAN","BEV",2,
"WP0BC2Y1XP",2023,"PORSCHE","TAYCAN","BEV",2,
"WP0AB2Y12P",2023,"PORSCHE","TAYCAN","BEV",2,
"WP0BC2Y14P",2023,"PORSCHE","TAYCAN","BEV",2,
"WP0BA2Y15P",2023,"PORSCHE","TAYCAN","BEV",2,
"WP0AB2Y1XP",2023,"PORSCHE","TAYCAN","BEV",2,
"WP0CD2Y16P",2023,"PORSCHE","TAYCAN","BEV",2,
"WP0CD2Y1XP",2023,"PORSCHE","TAYCAN","BEV",2,
"WP0AD2Y12P",2023,"PORSCHE","TAYCAN","BEV",2,
"WP0AD2Y17P",2023,"PORSCHE","TAYCAN","BEV",2,
"1V2DNPE84P",2023,"VOLKSWAGEN","ID.4","BEV",2,
"1V2GNPE81P",2023,"VOLKSWAGEN","ID.4","BEV",2,
"1V25MPE88P",2023,"VOLKSWAGEN","ID.4","BEV",2,
"1V2WNPE89P",2023,"VOLKSWAGEN","ID.4","BEV",2,
"1V2GNPE85P",2023,"VOLKSWAGEN","ID.4","BEV",2,
"1V2DNPE82P",2023,"VOLKSWAGEN","ID.4","BEV",2,
"1V2DNPE88P",2023,"VOLKSWAGEN","ID.4","BEV",2,
"1V2DNPE80P",2023,"VOLKSWAGEN","ID.4","BEV",2,
"1V2DNPE87P",2023,"VOLKSWAGEN","ID.4","BEV",2,
"1V2WNPE88P",2023,"VOLKSWAGEN","ID.4","BEV",2,
"1V2GNPE86P",2023,"VOLKSWAGEN","ID.4","BEV",2,
"1V2JNPE8XP",2023,"VOLKSWAGEN","ID.4","BEV",2,
"1V2GNPE89P",2023,"VOLKSWAGEN","ID.4","BEV",2,
"1V2GNPE84P",2023,"VOLKSWAGEN","ID.4","BEV",2,
"1V2BMPE82P",2023,"VOLKSWAGEN","ID.4","BEV",2,
"1V2DNPE81P",2023,"VOLKSWAGEN","ID.4","BEV",2,
"1V2WNPE8XP",2023,"VOLKSWAGEN","ID.4","BEV",2,
"1V2VMPE85P",2023,"VOLKSWAGEN","ID.4","BEV",2,
"1V2VMPE8XP",2023,"VOLKSWAGEN","ID.4","BEV",2,
"1V2JNPE83P",2023,"VOLKSWAGEN","ID.4","BEV",2,
"1V2WNPE80P",2023,"VOLKSWAGEN","ID.4","BEV",2,
"1V2DNPE86P",2023,"VOLKSWAGEN","ID.4","BEV",2,
"1V2GNPE80P",2023,"VOLKSWAGEN","ID.4","BEV",2,
"1V2WNPE81P",2023,"VOLKSWAGEN","ID.4","BEV",2,
"1V2JNPE84P",2023,"VOLKSWAGEN","ID.4","BEV",2,
"1V2VMPE84P",2023,"VOLKSWAGEN","ID.4","BEV",2,
"1V2CMPE87P",2023,"VOLKSWAGEN","ID.4","BEV",2,
"1V2WNPE82P",2023,"VOLKSWAGEN","ID.4","BEV",2,
"1V2DNPE85P",2023,"VOLKSWAGEN","ID.4","BEV",2,
"1V2CMPE86P",2023,"VOLKSWAGEN","ID.4","BEV",2,
"1V2DNPE83P",2023,"VOLKSWAGEN","ID.4","BEV",2,
"1V2FMPE86P",2023,"VOLKSWAGEN","ID.4","BEV",2,
"1V2DNPE89P",2023,"VOLKSWAGEN","ID.4","BEV",2,
"1V2CMPE89P",2023,"VOLKSWAGEN","ID.4","BEV",2,
"1V2WNPE86P",2023,"VOLKSWAGEN","ID.4","BEV",2,
"1V2FMPE81P",2023,"VOLKSWAGEN","ID.4","BEV",2,
"1V2GNPE8XP",2023,"VOLKSWAGEN","ID.4","BEV",2,
"1V2DNPE8XP",2023,"VOLKSWAGEN","ID.4","BEV",2,
"1V2VMPE80P",2023,"VOLKSWAGEN","ID.4","BEV",2,
"1V25MPE84P",2023,"VOLKSWAGEN","ID.4","BEV",2,
"1V2WNPE87P",2023,"VOLKSWAGEN","ID.4","BEV",2,
"1V2BMPE80P",2023,"VOLKSWAGEN","ID.4","BEV",2,
"1V2FMPE83P",2023,"VOLKSWAGEN","ID.4","BEV",2,
"1V2WNPE85P",2023,"VOLKSWAGEN","ID.4","BEV",2,
"1V2BMPE86P",2023,"VOLKSWAGEN","ID.4","BEV",2,
"1V2VMPE83P",2023,"VOLKSWAGEN","ID.4","BEV",2,
"1V2BMPE85P",2023,"VOLKSWAGEN","ID.4","BEV",2,
"1V2GNPE82P",2023,"VOLKSWAGEN","ID.4","BEV",2,
"1V2CMPE8XP",2023,"VOLKSWAGEN","ID.4","BEV",2,
"1V2GNPE88P",2023,"VOLKSWAGEN","ID.4","BEV",2,
"1V2JNPE81P",2023,"VOLKSWAGEN","ID.4","BEV",2,
"1V2BMPE88P",2023,"VOLKSWAGEN","ID.4","BEV",2,
"1V2VMPE86P",2023,"VOLKSWAGEN","ID.4","BEV",2,
"1V2VMPE89P",2023,"VOLKSWAGEN","ID.4","BEV",2,
"1V2WNPE83P",2023,"VOLKSWAGEN","ID.4","BEV",2,
"1V2FMPE80P",2023,"VOLKSWAGEN","ID.4","BEV",2,
"1V25MPE8XP",2023,"VOLKSWAGEN","ID.4","BEV",2,
"1V2VMPE82P",2023,"VOLKSWAGEN","ID.4","BEV",2,
"1V25MPE81P",2023,"VOLKSWAGEN","ID.4","BEV",2,
"1V2FMPE82P",2023,"VOLKSWAGEN","ID.4","BEV",2,
"1V2WNPE84P",2023,"VOLKSWAGEN","ID.4","BEV",2,
"1V2JNPE88P",2023,"VOLKSWAGEN","ID.4","BEV",2,
"1V2JNPE89P",2023,"VOLKSWAGEN","ID.4","BEV",2,
"1V2CMPE88P",2023,"VOLKSWAGEN","ID.4","BEV",2,
"1V2GNPE87P",2023,"VOLKSWAGEN","ID.4","BEV",2,
"1V2VMPE81P",2023,"VOLKSWAGEN","ID.4","BEV",2,
"1V2VMPE88P",2023,"VOLKSWAGEN","ID.4","BEV",2,
"1V2CMPE84P",2023,"VOLKSWAGEN","ID.4","BEV",2,
"1V25MPE86P",2023,"VOLKSWAGEN","ID.4","BEV",2,
"1V25MPE85P",2023,"VOLKSWAGEN","ID.4","BEV",2,
"1V2JNPE80P",2023,"VOLKSWAGEN","ID.4","BEV",2,
"1V2JNPE87P",2023,"VOLKSWAGEN","ID.4","BEV",2,
"1V2FMPE8XP",2023,"VOLKSWAGEN","ID.4","BEV",2,
"1V2CMPE83P",2023,"VOLKSWAGEN","ID.4","BEV",2,
"1V2CMPE82P",2023,"VOLKSWAGEN","ID.4","BEV",2,
"1V2BMPE87P",2023,"VOLKSWAGEN","ID.4","BEV",2,
"1V2FMPE85P",2023,"VOLKSWAGEN","ID.4","BEV",2,
"1V2JNPE85P",2023,"VOLKSWAGEN","ID.4","BEV",2,
"1V2VMPE87P",2023,"VOLKSWAGEN","ID.4","BEV",2,
"1V2GNPE83P",2023,"VOLKSWAGEN","ID.4","BEV",2,
"1V25MPE80P",2023,"VOLKSWAGEN","ID.4","BEV",2,
"1V2JNPE82P",2023,"VOLKSWAGEN","ID.4","BEV",2,
"1V2FMPE88P",2023,"VOLKSWAGEN","ID.4","BEV",2,
"1V2BMPE89P",2023,"VOLKSWAGEN","ID.4","BEV",2,
"1V2FMPE87P",2023,"VOLKSWAGEN","ID.4","BEV",2,
"1V2FMPE84P",2023,"VOLKSWAGEN","ID.4","BEV",2,
"1V2JNPE86P",2023,"VOLKSWAGEN","ID.4","BEV",2,
"1V25MPE82P",2023,"VOLKSWAGEN","ID.4","BEV",2,
"1V2HMPE89P",2023,"VOLKSWAGEN","ID.4","BEV",2,
"1V2BMPE8XP",2023,"VOLKSWAGEN","ID.4","BEV",2,
"1V25MPE89P",2023,"VOLKSWAGEN","ID.4","BEV",2,
"1V2CMPE81P",2023,"VOLKSWAGEN","ID.4","BEV",2,
"1V2CMPE80P",2023,"VOLKSWAGEN","ID.4","BEV",2,
"1V2CMPE85P",2023,"VOLKSWAGEN","ID.4","BEV",2,
"1V2FMPE89P",2023,"VOLKSWAGEN","ID.4","BEV",2,
"1V25MPE87P",2023,"VOLKSWAGEN","ID.4","BEV",2,
"1V25MPE83P",2023,"VOLKSWAGEN","ID.4","BEV",2,
"1V2BMPE83P",2023,"VOLKSWAGEN","ID.4","BEV",2,
"1V2HMPE85P",2023,"VOLKSWAGEN","ID.4","BEV",2,
"1V2EMPE85P",2023,"VOLKSWAGEN","ID.4","BEV",2,
"1V2BMPE81P",2023,"VOLKSWAGEN","ID.4","BEV",2,
"1V2BMPE84P",2023,"VOLKSWAGEN","ID.4","BEV",2,
"1V2EMPE81P",2023,"VOLKSWAGEN","ID.4","BEV",2,
"1V2EMPE89P",2023,"VOLKSWAGEN","ID.4","BEV",2,
"1V2HMPE82P",2023,"VOLKSWAGEN","ID.4","BEV",2,
"WVGGNPE2XN",2022,"VOLKSWAGEN","ID.4","BEV",2,
"WVGTMPE22N",2022,"VOLKSWAGEN","ID.4","BEV",2,
"WVGTMPE24N",2022,"VOLKSWAGEN","ID.4","BEV",2,
"WVGUNPE28N",2022,"VOLKSWAGEN","ID.4","BEV",2,
"WVGUNPE2XN",2022,"VOLKSWAGEN","ID.4","BEV",2,
"WVGUNPE21N",2022,"VOLKSWAGEN","ID.4","BEV",2,
"WVGKMPE29N",2022,"VOLKSWAGEN","ID.4","BEV",2,
"WVGUNPE20N",2022,"VOLKSWAGEN","ID.4","BEV",2,
"WVGGNPE21N",2022,"VOLKSWAGEN","ID.4","BEV",2,
"WVGJNPE21N",2022,"VOLKSWAGEN","ID.4","BEV",2,
"WVGTMPE28N",2022,"VOLKSWAGEN","ID.4","BEV",2,
"WVGUNPE22N",2022,"VOLKSWAGEN","ID.4","BEV",2,
"WVGUNPE25N",2022,"VOLKSWAGEN","ID.4","BEV",2,
"WVGGNPE22N",2022,"VOLKSWAGEN","ID.4","BEV",2,
"WVGTMPE20N",2022,"VOLKSWAGEN","ID.4","BEV",2,
"WVGGNPE20N",2022,"VOLKSWAGEN","ID.4","BEV",2,
"WVGJNPE25N",2022,"VOLKSWAGEN","ID.4","BEV",2,
"WVGJNPE20N",2022,"VOLKSWAGEN","ID.4","BEV",2,
"WVGGNPE26N",2022,"VOLKSWAGEN","ID.4","BEV",2,
"WVGGNPE24N",2022,"VOLKSWAGEN","ID.4","BEV",2,
"WVGGNPE29N",2022,"VOLKSWAGEN","ID.4","BEV",2,
"WVGRMPE20N",2022,"VOLKSWAGEN","ID.4","BEV",2,
"WVGUNPE29N",2022,"VOLKSWAGEN","ID.4","BEV",2,
"WVGGNPE28N",2022,"VOLKSWAGEN","ID.4","BEV",2,
"WVGKMPE25N",2022,"VOLKSWAGEN","ID.4","BEV",2,
"WVGJNPE2XN",2022,"VOLKSWAGEN","ID.4","BEV",2,
"WVGUNPE27N",2022,"VOLKSWAGEN","ID.4","BEV",2,
"WVGJNPE26N",2022,"VOLKSWAGEN","ID.4","BEV",2,
"WVGGNPE27N",2022,"VOLKSWAGEN","ID.4","BEV",2,
"WVGRMPE2XN",2022,"VOLKSWAGEN","ID.4","BEV",2,
"WVGJNPE23N",2022,"VOLKSWAGEN","ID.4","BEV",2,
"WVGTMPE26N",2022,"VOLKSWAGEN","ID.4","BEV",2,
"WVGJNPE22N",2022,"VOLKSWAGEN","ID.4","BEV",2,
"WVGUNPE24N",2022,"VOLKSWAGEN","ID.4","BEV",2,
"WVGKMPE21N",2022,"VOLKSWAGEN","ID.4","BEV",2,
"WVGTMPE23N",2022,"VOLKSWAGEN","ID.4","BEV",2,
"WVGTMPE27N",2022,"VOLKSWAGEN","ID.4","BEV",2,
"WVGJNPE28N",2022,"VOLKSWAGEN","ID.4","BEV",2,
"WVGUNPE23N",2022,"VOLKSWAGEN","ID.4","BEV",2,
"WVGGNPE25N",2022,"VOLKSWAGEN","ID.4","BEV",2,
"WVGTMPE29N",2022,"VOLKSWAGEN","ID.4","BEV",2,
"WVGRMPE26N",2022,"VOLKSWAGEN","ID.4","BEV",2,
"WVGJNPE27N",2022,"VOLKSWAGEN","ID.4","BEV",2,
"WVGTMPE25N",2022,"VOLKSWAGEN","ID.4","BEV",2,
"WVGRMPE24N",2022,"VOLKSWAGEN","ID.4","BEV",2,
"WVGUNPE26N",2022,"VOLKSWAGEN","ID.4","BEV",2,
"WVGTMPE2XN",2022,"VOLKSWAGEN","ID.4","BEV",2,
"WVGRMPE25N",2022,"VOLKSWAGEN","ID.4","BEV",2,
"WVGRMPE27N",2022,"VOLKSWAGEN","ID.4","BEV",2,
"WVGJNPE24N",2022,"VOLKSWAGEN","ID.4","BEV",2,
"WVGTMPE21N",2022,"VOLKSWAGEN","ID.4","BEV",2,
"WVGKMPE27N",2022,"VOLKSWAGEN","ID.4","BEV",2,
"WVGKMPE22N",2022,"VOLKSWAGEN","ID.4","BEV",2,
"WVGGNPE23N",2022,"VOLKSWAGEN","ID.4","BEV",2,
"WVGRMPE28N",2022,"VOLKSWAGEN","ID.4","BEV",2,
"WVGRMPE29N",2022,"VOLKSWAGEN","ID.4","BEV",2,
"WVGKMPE2XN",2022,"VOLKSWAGEN","ID.4","BEV",2,
"WVGJNPE29N",2022,"VOLKSWAGEN","ID.4","BEV",2,
"WVGKMPE26N",2022,"VOLKSWAGEN","ID.4","BEV",2,
"WVGRMPE22N",2022,"VOLKSWAGEN","ID.4","BEV",2,
"WVGKMPE28N",2022,"VOLKSWAGEN","ID.4","BEV",2,
"WVGRMPE23N",2022,"VOLKSWAGEN","ID.4","BEV",2,
"WVGKMPE20N",2022,"VOLKSWAGEN","ID.4","BEV",2,
"WVGKMPE24N",2022,"VOLKSWAGEN","ID.4","BEV",2,
"WVGRMPE21N",2022,"VOLKSWAGEN","ID.4","BEV",2,
"WMW13DJ06N",2022,"MINI","HARDTOP","BEV",2,
"KNDC4DLC6N",2022,"KIA","EV6","BEV",2,
"KNDC3DLC1N",2022,"KIA","EV6","BEV",2,
"1N4AZ1CV4N",2022,"NISSAN","LEAF","BEV",2,
"7FCTGAAA3N",2022,"RIVIAN","R1T","BEV",2,
"1N4AZ1BV9N",2022,"NISSAN","LEAF","BEV",2,
"7FCTGAAL5N",2022,"RIVIAN","R1T","BEV",2,
"1N4AZ1BV1N",2022,"NISSAN","LEAF","BEV",2,
"1N4BZ1CV8N",2022,"NISSAN","LEAF","BEV",2,
"1G1FZ6S05N",2022,"CHEVROLET","BOLT EUV","BEV",2,
"1N4AZ1CV2N",2022,"NISSAN","LEAF","BEV",2,
"7FCTGAAA0N",2022,"RIVIAN","R1T","BEV",2,
"50EA1GBA8N",2022,"LUCID","AIR","BEV",2,
"1G1FX6S06N",2022,"CHEVROLET","BOLT EV","BEV",2,
"7FCTGAAA2N",2022,"RIVIAN","R1T","BEV",2,
"1G1FZ6S0XN",2022,"CHEVROLET","BOLT EUV","BEV",2,
"WB523CF05N",2022,"BMW","IX","BEV",2,
"7FCTGAAL0N",2022,"RIVIAN","R1T","BEV",2,
"KNDCC3LGXN",2022,"KIA","NIRO","BEV",2,
"WB523CF01N",2022,"BMW","IX","BEV",2,
"KNDCC3LG8N",2022,"KIA","NIRO","BEV",2,
"KNDC3DLC0N",2022,"KIA","EV6","BEV",2,
"WP0AD2Y18N",2022,"PORSCHE","TAYCAN","BEV",2,
"1G1FZ6S02N",2022,"CHEVROLET","BOLT EUV","BEV",2,
"KNDC3DLC3N",2022,"KIA","EV6","BEV",2,
"1G1FX6S0XN",2022,"CHEVROLET","BOLT EV","BEV",2,
"KNDC3DLC8N",2022,"KIA","EV6","BEV",2,
"YV4ED3UR8N",2022,"VOLVO","XC40","BEV",2,
"YV4ED3UB2N",2022,"VOLVO","XC40","BEV",2,
"1G1FW6S06N",2022,"CHEVROLET","BOLT EV","BEV",2,
"1N4AZ1BV6N",2022,"NISSAN","LEAF","BEV",2,
"1N4AZ1BV8N",2022,"NISSAN","LEAF","BEV",2,
"1G1FX6S09N",2022,"CHEVROLET","BOLT EV","BEV",2,
"KNDC34LA0N",2022,"KIA","EV6","BEV",2,
"LPSED3KAXN",2022,"POLESTAR","PS2","BEV",2,
"7FCTGAAA5N",2022,"RIVIAN","R1T","BEV",2,
"KNDC3DLC2N",2022,"KIA","EV6","BEV",2,
"WB523CF04N",2022,"BMW","IX","BEV",2,
"WP0AC2Y15N",2022,"PORSCHE","TAYCAN","BEV",2,
"7PDSGABL4N",2022,"RIVIAN","R1S","BEV",2,
"WBY73AW00N",2022,"BMW","I4","BEV",2,
"1G1FW6S01N",2022,"CHEVROLET","BOLT EV","BEV",2,
"KNDC3DLC9N",2022,"KIA","EV6","BEV",2,
"WMW13DJ09N",2022,"MINI","HARDTOP","BEV",2,
"7FCTGAAA8N",2022,"RIVIAN","R1T","BEV",2,
"KNDC3DLC4N",2022,"KIA","EV6","BEV",2,
"7PDSGABL0N",2022,"RIVIAN","R1S","BEV",2,
"7FCTGAAL7N",2022,"RIVIAN","R1T","BEV",2,
"1N4BZ1CV4N",2022,"NISSAN","LEAF","BEV",2,
"WBY33AW01N",2022,"BMW","I4","BEV",2,
"KNDCE3LG5N",2022,"KIA","NIRO","BEV",2,
"7FCTGAAA9N",2022,"RIVIAN","R1T","BEV",2,
"1G1FZ6S07N",2022,"CHEVROLET","BOLT EUV","BEV",2,
"KNDCC3LG3N",2022,"KIA","NIRO","BEV",2,
"1N4AZ1CV9N",2022,"NISSAN","LEAF","BEV",2,
"WP0AA2Y14N",2022,"PORSCHE","TAYCAN","BEV",2,
"KNDCC3LG7N",2022,"KIA","NIRO","BEV",2,
"YV4ED3UB5N",2022,"VOLVO","XC40","BEV",2,
"50EA1GBA1N",2022,"LUCID","AIR","BEV",2,
"7FCTGAAAXN",2022,"RIVIAN","R1T","BEV",2,
"LPSED3KA0N",2022,"POLESTAR","PS2","BEV",2,
"KNDCC3LG1N",2022,"KIA","NIRO","BEV",2,
"WMW13DJ00N",2022,"MINI","HARDTOP","BEV",2,
"1G1FZ6S01N",2022,"CHEVROLET","BOLT EUV","BEV",2,
"KNDC4DLCXN",2022,"KIA","EV6","BEV",2,
"YV4ED3UR2N",2022,"VOLVO","XC40","BEV",2,
"YV4ED3UR7N",2022,"VOLVO","XC40","BEV",2,
"KNDC34LA6N",2022,"KIA","EV6","BEV",2,
"7FCTGAAL9N",2022,"RIVIAN","R1T","BEV",2,
"1G1FW6S04N",2022,"CHEVROLET","BOLT EV","BEV",2,
"KNDC3DLCXN",2022,"KIA","EV6","BEV",2,
"1N4BZ1BV4N",2022,"NISSAN","LEAF","BEV",2,
"LPSED3KA4N",2022,"POLESTAR","PS2","BEV",2,
"KNDC34LA8N",2022,"KIA","EV6","BEV",2,
"WBY33AW09N",2022,"BMW","I4","BEV",2,
"KNDC3DLC5N",2022,"KIA","EV6","BEV",2,
"YV4ED3GB1N",2022,"VOLVO","C40","BEV",2,
"KNDCE3LG8N",2022,"KIA","NIRO","BEV",2,
"KNDC3DLC7N",2022,"KIA","EV6","BEV",2,
"1N4AZ1BV3N",2022,"NISSAN","LEAF","BEV",2,
"W1KCG2DB2N",2022,"MERCEDES-BENZ","EQS-CLASS SEDAN","BEV",2,
"7PDSGABL2N",2022,"RIVIAN","R1S","BEV",2,
"W1N9M1DB4N",2022,"MERCEDES-BENZ","EQB-CLASS","BEV",2,
"1G1FW6S0XN",2022,"CHEVROLET","BOLT EV","BEV",2,
"KNDC4DLC2N",2022,"KIA","EV6","BEV",2,
"LPSED3KA9N",2022,"POLESTAR","PS2","BEV",2,
"1N4AZ1CV5N",2022,"NISSAN","LEAF","BEV",2,
"1N4AZ1BV5N",2022,"NISSAN","LEAF","BEV",2,
"1N4BZ1CV1N",2022,"NISSAN","LEAF","BEV",2,
"1N4BZ1CVXN",2022,"NISSAN","LEAF","BEV",2,
"WB523CF00N",2022,"BMW","IX","BEV",2,
"YV4ED3GB6N",2022,"VOLVO","C40","BEV",2,
"1G1FX6S03N",2022,"CHEVROLET","BOLT EV","BEV",2,
"1N4BZ1DV3N",2022,"NISSAN","LEAF","BEV",2,
"YV4ED3GB4N",2022,"VOLVO","C40","BEV",2,
"YV4ED3UR6N",2022,"VOLVO","XC40","BEV",2,
"1N4BZ1BV1N",2022,"NISSAN","LEAF","BEV",2,
"KNDCC3LG9N",2022,"KIA","NIRO","BEV",2,
"LPSED3KA1N",2022,"POLESTAR","PS2","BEV",2,
"7FCTGAAL3N",2022,"RIVIAN","R1T","BEV",2,
"1G1FX6S04N",2022,"CHEVROLET","BOLT EV","BEV",2,
"LPSED3KA6N",2022,"POLESTAR","PS2","BEV",2,
"YV4ED3UB8N",2022,"VOLVO","XC40","BEV",2,
"KNDCC3LG5N",2022,"KIA","NIRO","BEV",2,
"1G1FY6S06N",2022,"CHEVROLET","BOLT EUV","BEV",2,
"1G1FZ6S00N",2022,"CHEVROLET","BOLT EUV","BEV",2,
"WB523CF0XN",2022,"BMW","IX","BEV",2,
"7FCTGAAA1N",2022,"RIVIAN","R1T","BEV",2,
"KNDCC3LG0N",2022,"KIA","NIRO","BEV",2,
"WP0AB2Y1XN",2022,"PORSCHE","TAYCAN","BEV",2,
"1G1FZ6S09N",2022,"CHEVROLET","BOLT EUV","BEV",2,
"KNDCE3LG0N",2022,"KIA","NIRO","BEV",2,
"1N4AZ1CVXN",2022,"NISSAN","LEAF","BEV",2,
"7FCTGAAL2N",2022,"RIVIAN","R1T","BEV",2,
"LPSED3KA2N",2022,"POLESTAR","PS2","BEV",2,
"7PDSGABL1N",2022,"RIVIAN","R1S","BEV",2,
"WP0AB2Y17N",2022,"PORSCHE","TAYCAN","BEV",2,
"1N4BZ1CV2N",2022,"NISSAN","LEAF","BEV",2,
"1G1FY6S00N",2022,"CHEVROLET","BOLT EUV","BEV",2,
"7FCTGAAL6N",2022,"RIVIAN","R1T","BEV",2,
"1G1FX6S07N",2022,"CHEVROLET","BOLT EV","BEV",2,
"WP0BA2Y13N",2022,"PORSCHE","TAYCAN","BEV",2,
"1N4BZ1BVXN",2022,"NISSAN","LEAF","BEV",2,
"1N4BZ1BV6N",2022,"NISSAN","LEAF","BEV",2,
"LPSED3KA5N",2022,"POLESTAR","PS2","BEV",2,
"1N4BZ1DV1N",2022,"NISSAN","LEAF","BEV",2,
"YV4ED3UB3N",2022,"VOLVO","XC40","BEV",2,
"WB523CF08N",2022,"BMW","IX","BEV",2,
"KNDC34LB8N",2022,"KIA","EV6","BEV",2,
"1N4BZ1CV3N",2022,"NISSAN","LEAF","BEV",2,
"1G1FW6S00N",2022,"CHEVROLET","BOLT EV","BEV",2,
"KNDCC3LG4N",2022,"KIA","NIRO","BEV",2,
"JM1DRADBXN",2022,"MAZDA","MX-30","BEV",2,
"1N4BZ1DV9N",2022,"NISSAN","LEAF","BEV",2,
"1N4BZ1CV6N",2022,"NISSAN","LEAF","BEV",2,
"1G1FX6S08N",2022,"CHEVROLET","BOLT EV","BEV",2,
"7PDSGABL8N",2022,"RIVIAN","R1S","BEV",2,
"WP0BA2Y19N",2022,"PORSCHE","TAYCAN","BEV",2,
"1G1FW6S09N",2022,"CHEVROLET","BOLT EV","BEV",2,
"1N4AZ1BV7N",2022,"NISSAN","LEAF","BEV",2,
"KNDCE3LG2N",2022,"KIA","NIRO","BEV",2,
"YV4ED3GB3N",2022,"VOLVO","C40","BEV",2,
"1N4AZ1BVXN",2022,"NISSAN","LEAF","BEV",2,
"1G1FW6S08N",2022,"CHEVROLET","BOLT EV","BEV",2,
"1G1FZ6S06N",2022,"CHEVROLET","BOLT EUV","BEV",2,
"1G1FY6S03N",2022,"CHEVROLET","BOLT EUV","BEV",2,
"1G1FX6S05N",2022,"CHEVROLET","BOLT EV","BEV",2,
"YV4ED3GB5N",2022,"VOLVO","C40","BEV",2,
"LPSED3KA8N",2022,"POLESTAR","PS2","BEV",2,
"1N4BZ1BV2N",2022,"NISSAN","LEAF","BEV",2,
"KNDCE3LGXN",2022,"KIA","NIRO","BEV",2,
"1N4BZ1DV5N",2022,"NISSAN","LEAF","BEV",2,
"KNDC4DLC0N",2022,"KIA","EV6","BEV",2,
"7FCTGAAA4N",2022,"RIVIAN","R1T","BEV",2,
"1G1FY6S01N",2022,"CHEVROLET","BOLT EUV","BEV",2,
"1G1FY6S08N",2022,"CHEVROLET","BOLT EUV","BEV",2,
"WP0CD2Y13N",2022,"PORSCHE","TAYCAN","BEV",2,
"KNDC4DLC5N",2022,"KIA","EV6","BEV",2,
"YV4ED3UR4N",2022,"VOLVO","XC40","BEV",2,
"WBY73AW08N",2022,"BMW","I4","BEV",2,
"W1KCG2DB9N",2022,"MERCEDES-BENZ","EQS-CLASS SEDAN","BEV",2,
"1G1FW6S05N",2022,"CHEVROLET","BOLT EV","BEV",2,
"7FCTGAAL8N",2022,"RIVIAN","R1T","BEV",2,
"KNDC3DLC6N",2022,"KIA","EV6","BEV",2,
"1N4AZ1CV8N",2022,"NISSAN","LEAF","BEV",2,
"WP0AB2Y18N",2022,"PORSCHE","TAYCAN","BEV",2,
"50EA1GBAXN",2022,"LUCID","AIR","BEV",2,
"7FCTGAAA6N",2022,"RIVIAN","R1T","BEV",2,
"WBY73AW01N",2022,"BMW","I4","BEV",2,
"W1KCG2DB8N",2022,"MERCEDES-BENZ","EQS-CLASS SEDAN","BEV",2,
"1N4BZ1BV7N",2022,"NISSAN","LEAF","BEV",2,
"YV4ED3GB9N",2022,"VOLVO","C40","BEV",2,
"1N4BZ1BV5N",2022,"NISSAN","LEAF","BEV",2,
"7PDSGABL9N",2022,"RIVIAN","R1S","BEV",2,
"7FCTGAALXN",2022,"RIVIAN","R1T","BEV",2,
"1G1FY6S05N",2022,"CHEVROLET","BOLT EUV","BEV",2,
"WMW13DJ08N",2022,"MINI","HARDTOP","BEV",2,
"1G1FW6S02N",2022,"CHEVROLET","BOLT EV","BEV",2,
"1N4AZ1CV3N",2022,"NISSAN","LEAF","BEV",2,
"KNDC4DLC1N",2022,"KIA","EV6","BEV",2,
"1N4AZ1CV1N",2022,"NISSAN","LEAF","BEV",2,
"1N4AZ1BV4N",2022,"NISSAN","LEAF","BEV",2,
"50EA1GDA1N",2022,"LUCID","AIR","BEV",2,
"WP0AD2Y13N",2022,"PORSCHE","TAYCAN","BEV",2,
"LPSED3KA3N",2022,"POLESTAR","PS2","BEV",2,
"W1N9M0KB0N",2022,"MERCEDES-BENZ","EQB-CLASS","BEV",2,
"1N4BZ1BV9N",2022,"NISSAN","LEAF","BEV",2,
"LPSED3KA7N",2022,"POLESTAR","PS2","BEV",2,
"WBY73AW06N",2022,"BMW","I4","BEV",2,
"KNDC4DLC4N",2022,"KIA","EV6","BEV",2,
"1N4BZ1DV0N",2022,"NISSAN","LEAF","BEV",2,
"W1KCG4EBXN",2022,"MERCEDES-BENZ","EQS-CLASS SEDAN","BEV",2,
"50EA1DAAXN",2022,"LUCID","AIR","BEV",2,
"WP0BA2Y12N",2022,"PORSCHE","TAYCAN","BEV",2,
"7PDSGABL3N",2022,"RIVIAN","R1S","BEV",2,
"7FCTGAAA7N",2022,"RIVIAN","R1T","BEV",2,
"WBY73AW05N",2022,"BMW","I4","BEV",2,
"JM1DRADB4N",2022,"MAZDA","MX-30","BEV",2,
"YV4ED3UR1N",2022,"VOLVO","XC40","BEV",2,
"1N4BZ1BV8N",2022,"NISSAN","LEAF","BEV",2,
"WP0AA2Y10N",2022,"PORSCHE","TAYCAN","BEV",2,
"KNDC4DLC9N",2022,"KIA","EV6","BEV",2,
"WMW13DJ05N",2022,"MINI","HARDTOP","BEV",2,
"WP0AD2Y10N",2022,"PORSCHE","TAYCAN","BEV",2,
"WB523CF02N",2022,"BMW","IX","BEV",2,
"7PDSGABL7N",2022,"RIVIAN","R1S","BEV",2,
"1G1FY6S02N",2022,"CHEVROLET","BOLT EUV","BEV",2,
"WP0BA2Y16N",2022,"PORSCHE","TAYCAN","BEV",2,
"YV4ED3GBXN",2022,"VOLVO","C40","BEV",2,
"1N4BZ1CV7N",2022,"NISSAN","LEAF","BEV",2,
"KNDC4DLC8N",2022,"KIA","EV6","BEV",2,
"1G1FZ6S08N",2022,"CHEVROLET","BOLT EUV","BEV",2,
"KNDCC3LG2N",2022,"KIA","NIRO","BEV",2,
"WBY73AW02N",2022,"BMW","I4","BEV",2,
"WP0AC2Y13N",2022,"PORSCHE","TAYCAN","BEV",2,
"WP0BA2Y14N",2022,"PORSCHE","TAYCAN","BEV",2,
"SADHD2S1XN",2022,"JAGUAR","I-PACE","BEV",2,
"YV4ED3UR9N",2022,"VOLVO","XC40","BEV",2,
"7FCTGAAL4N",2022,"RIVIAN","R1T","BEV",2,
"1N4BZ1BV3N",2022,"NISSAN","LEAF","BEV",2,
"1G1FY6S0XN",2022,"CHEVROLET","BOLT EUV","BEV",2,
"W1N9M1DB0N",2022,"MERCEDES-BENZ","EQB-CLASS","BEV",2,
"YV4ED3UBXN",2022,"VOLVO","XC40","BEV",2,
"KNDCE3LG1N",2022,"KIA","NIRO","BEV",2,
"KNDC34LB2N",2022,"KIA","EV6","BEV",2,
"KNDCC3LG6N",2022,"KIA","NIRO","BEV",2,
"1G1FZ6S04N",2022,"CHEVROLET","BOLT EUV","BEV",2,
"1N4AZ1CV6N",2022,"NISSAN","LEAF","BEV",2,
"KNDC34LA9N",2022,"KIA","EV6","BEV",2,
"1G1FZ6S03N",2022,"CHEVROLET","BOLT EUV","BEV",2,
"WMW13DJ02N",2022,"MINI","HARDTOP","BEV",2,
"WB523CF06N",2022,"BMW","IX","BEV",2,
"WP0BA2Y18N",2022,"PORSCHE","TAYCAN","BEV",2,
"WBY33AW05N",2022,"BMW","I4","BEV",2,
"W1N9M0KB7N",2022,"MERCEDES-BENZ","EQB-CLASS","BEV",2,
"SADHD2S10N",2022,"JAGUAR","I-PACE","BEV",2,
"1G1FX6S00N",2022,"CHEVROLET","BOLT EV","BEV",2,
"YV4ED3GB7N",2022,"VOLVO","C40","BEV",2,
"WP0AD2Y12N",2022,"PORSCHE","TAYCAN","BEV",2,
"W1KCG4EB3N",2022,"MERCEDES-BENZ","EQS-CLASS SEDAN","BEV",2,
"WMW13DJ04N",2022,"MINI","HARDTOP","BEV",2,
"WMW13DJ01N",2022,"MINI","HARDTOP","BEV",2,
"W1KCG4EB4N",2022,"MERCEDES-BENZ","EQS-CLASS SEDAN","BEV",2,
"KNDCE3LG7N",2022,"KIA","NIRO","BEV",2,
"YV4ED3UB9N",2022,"VOLVO","XC40","BEV",2,
"WP0AA2Y17N",2022,"PORSCHE","TAYCAN","BEV",2,
"1N4BZ1CV5N",2022,"NISSAN","LEAF","BEV",2,
"KNDC34LB7N",2022,"KIA","EV6","BEV",2,
"WB523CF07N",2022,"BMW","IX","BEV",2,
"7PDSGABLXN",2022,"RIVIAN","R1S","BEV",2,
"YV4ED3UR3N",2022,"VOLVO","XC40","BEV",2,
"KNDC34LA5N",2022,"KIA","EV6","BEV",2,
"1G1FY6S09N",2022,"CHEVROLET","BOLT EUV","BEV",2,
"1N4AZ1CV7N",2022,"NISSAN","LEAF","BEV",2,
"WP0AB2Y16N",2022,"PORSCHE","TAYCAN","BEV",2,
"SADHD2S12N",2022,"JAGUAR","I-PACE","BEV",2,
"1G1FX6S01N",2022,"CHEVROLET","BOLT EV","BEV",2,
"WMW13DJ07N",2022,"MINI","HARDTOP","BEV",2,
"KNDC4DLC3N",2022,"KIA","EV6","BEV",2,
"1G1FY6S07N",2022,"CHEVROLET","BOLT EUV","BEV",2,
"WP0BB2Y11N",2022,"PORSCHE","TAYCAN","BEV",2,
"KNDC44LAXN",2022,"KIA","EV6","BEV",2,
"YV4ED3UB6N",2022,"VOLVO","XC40","BEV",2,
"YV4ED3UR0N",2022,"VOLVO","XC40","BEV",2,
"1G1FW6S03N",2022,"CHEVROLET","BOLT EV","BEV",2,
"KNDCE3LG4N",2022,"KIA","NIRO","BEV",2,
"WP0AD2Y11N",2022,"PORSCHE","TAYCAN","BEV",2,
"WBY73AW07N",2022,"BMW","I4","BEV",2,
"LPSEG3KA8N",2022,"POLESTAR","PS2","BEV",2,
"1N4BZ1BV0N",2022,"NISSAN","LEAF","BEV",2,
"WP0AB2Y13N",2022,"PORSCHE","TAYCAN","BEV",2,
"1N4BZ1DV2N",2022,"NISSAN","LEAF","BEV",2,
"1N4BZ1CV9N",2022,"NISSAN","LEAF","BEV",2,
"YV4ED3UR5N",2022,"VOLVO","XC40","BEV",2,
"W1KCG4EB2N",2022,"MERCEDES-BENZ","EQS-CLASS SEDAN","BEV",2,
"WP0BB2Y10N",2022,"PORSCHE","TAYCAN","BEV",2,
"1N4AZ1BV0N",2022,"NISSAN","LEAF","BEV",2,
"50EA1GBA5N",2022,"LUCID","AIR","BEV",2,
"1N4BZ1DV4N",2022,"NISSAN","LEAF","BEV",2,
"50EA1GBA4N",2022,"LUCID","AIR","BEV",2,
"7PDSGABL6N",2022,"RIVIAN","R1S","BEV",2,
"W1KCG2DB5N",2022,"MERCEDES-BENZ","EQS-CLASS SEDAN","BEV",2,
"SADHD2S19N",2022,"JAGUAR","I-PACE","BEV",2,
"1G1FX6S02N",2022,"CHEVROLET","BOLT EV","BEV",2,
"1N4AZ1BV2N",2022,"NISSAN","LEAF","BEV",2,
"YV4ED3GB2N",2022,"VOLVO","C40","BEV",2,
"1N4AZ1CV0N",2022,"NISSAN","LEAF","BEV",2,
"W1N9M1DB8N",2022,"MERCEDES-BENZ","EQB-CLASS","BEV",2,
"KNDC34LB6N",2022,"KIA","EV6","BEV",2,
"W1KCG2DB1N",2022,"MERCEDES-BENZ","EQS-CLASS SEDAN","BEV",2,
"W1KCG5FB4N",2022,"MERCEDES-BENZ","EQS-CLASS SEDAN","BEV",2,
"WBY73AW04N",2022,"BMW","I4","BEV",2,
"50EA1GBA0N",2022,"LUCID","AIR","BEV",2,
"WP0BA2Y17N",2022,"PORSCHE","TAYCAN","BEV",2,
"W1KCG2DB3N",2022,"MERCEDES-BENZ","EQS-CLASS SEDAN","BEV",2,
"YV4ED3UB0N",2022,"VOLVO","XC40","BEV",2,
"1N4BZ1CV0N",2022,"NISSAN","LEAF","BEV",2,
"W1KCG4EB8N",2022,"MERCEDES-BENZ","EQS-CLASS SEDAN","BEV",2,
"WP0BA2Y1XN",2022,"PORSCHE","TAYCAN","BEV",2,
"50EA1GBA9N",2022,"LUCID","AIR","BEV",2,
"SADHD2S14N",2022,"JAGUAR","I-PACE","BEV",2,
"SADHD2S15N",2022,"JAGUAR","I-PACE","BEV",2,
"YV4ED3UB4N",2022,"VOLVO","XC40","BEV",2,
"KNDC44LA3N",2022,"KIA","EV6","BEV",2,
"WP0AD2Y16N",2022,"PORSCHE","TAYCAN","BEV",2,
"WBY33AW06N",2022,"BMW","I4","BEV",2,
"WMW13DJ0XN",2022,"MINI","HARDTOP","BEV",2,
"W1N9M1DB2N",2022,"MERCEDES-BENZ","EQB-CLASS","BEV",2,
"WB523CF09N",2022,"BMW","IX","BEV",2,
"1G1FY6S04N",2022,"CHEVROLET","BOLT EUV","BEV",2,
"1N4BZ1DV7N",2022,"NISSAN","LEAF","BEV",2,
"WP0AB2Y14N",2022,"PORSCHE","TAYCAN","BEV",2,
"WMW13DJ03N",2022,"MINI","HARDTOP","BEV",2,
"WP0BB2Y14N",2022,"PORSCHE","TAYCAN","BEV",2,
"KNDC4DLC7N",2022,"KIA","EV6","BEV",2,
"W1N9M0KB8N",2022,"MERCEDES-BENZ","EQB-CLASS","BEV",2,
"LPSEG3KA7N",2022,"POLESTAR","PS2","BEV",2,
"7FCEHDB70N",2022,"RIVIAN","EDV","BEV",2,
"W1KCG4EB5N",2022,"MERCEDES-BENZ","EQS-CLASS SEDAN","BEV",2,
"7FCEHDB73N",2022,"RIVIAN","EDV","BEV",2,
"WBY73AW09N",2022,"BMW","I4","BEV",2,
"7FCEHDB78N",2022,"RIVIAN","EDV","BEV",2,
"KNDC34LBXN",2022,"KIA","EV6","BEV",2,
"50EA1GBA6N",2022,"LUCID","AIR","BEV",2,
"W1N9M0KB1N",2022,"MERCEDES-BENZ","EQB-CLASS","BEV",2,
"WP0AB2Y15N",2022,"PORSCHE","TAYCAN","BEV",2,
"7FCEHDB72N",2022,"RIVIAN","EDV","BEV",2,
"LPSEG3KA0N",2022,"POLESTAR","PS2","BEV",2,
"WP0BB2Y16N",2022,"PORSCHE","TAYCAN","BEV",2,
"1N4BZ1DV6N",2022,"NISSAN","LEAF","BEV",2,
"JM1DRACB6N",2022,"MAZDA","MX-30","BEV",2,
"YV4ED3URXN",2022,"VOLVO","XC40","BEV",2,
"KNDCE3LG9N",2022,"KIA","NIRO","BEV",2,
"WP0BB2Y17N",2022,"PORSCHE","TAYCAN","BEV",2,
"SADHD2S18N",2022,"JAGUAR","I-PACE","BEV",2,
"SADHD2S16N",2022,"JAGUAR","I-PACE","BEV",2,
"W1N9M1DB1N",2022,"MERCEDES-BENZ","EQB-CLASS","BEV",2,
"W1KCG2DB0N",2022,"MERCEDES-BENZ","EQS-CLASS SEDAN","BEV",2,
"50EA1GBA7N",2022,"LUCID","AIR","BEV",2,
"7FCEHDB71N",2022,"RIVIAN","EDV","BEV",2,
"W1KCG4EB7N",2022,"MERCEDES-BENZ","EQS-CLASS SEDAN","BEV",2,
"WP0AA2Y19N",2022,"PORSCHE","TAYCAN","BEV",2,
"KNDCE3LG6N",2022,"KIA","NIRO","BEV",2,
"WP0BB2Y1XN",2022,"PORSCHE","TAYCAN","BEV",2,
"KNDC34LA4N",2022,"KIA","EV6","BEV",2,
"WP0CD2Y14N",2022,"PORSCHE","TAYCAN","BEV",2,
"1G1FW6S07N",2022,"CHEVROLET","BOLT EV","BEV",2,
"7FCEHDB74N",2022,"RIVIAN","EDV","BEV",2,
"7PDSGABL5N",2022,"RIVIAN","R1S","BEV",2,
"7FCEHDB79N",2022,"RIVIAN","EDV","BEV",2,
"7FCEHDB76N",2022,"RIVIAN","EDV","BEV",2,
"50EA1GBA2N",2022,"LUCID","AIR","BEV",2,
"YV4ED3UA7N",2022,"VOLVO","XC40","BEV",2,
"LPSEG3KA3N",2022,"POLESTAR","PS2","BEV",2,
"WP0AA2Y18N",2022,"PORSCHE","TAYCAN","BEV",2,
"W1N9M1DB5N",2022,"MERCEDES-BENZ","EQB-CLASS","BEV",2,
"WBY73AW0XN",2022,"BMW","I4","BEV",2,
"WP0AA2Y11N",2022,"PORSCHE","TAYCAN","BEV",2,
"WBY73AW03N",2022,"BMW","I4","BEV",2,
"7FCTGAAL1N",2022,"RIVIAN","R1T","BEV",2,
"50EA1DCAXN",2022,"LUCID","AIR","BEV",2,
"WP0AA2Y12N",2022,"PORSCHE","TAYCAN","BEV",2,
"WP0AA2Y1XN",2022,"PORSCHE","TAYCAN","BEV",2,
"KNDC44LA8N",2022,"KIA","EV6","BEV",2,
"WB523CF03N",2022,"BMW","IX","BEV",2,
"1N4BZ1DV8N",2022,"NISSAN","LEAF","BEV",2,
"JM1DRADB5N",2022,"MAZDA","MX-30","BEV",2,
"W1N9M0KB2N",2022,"MERCEDES-BENZ","EQB-CLASS","BEV",2,
"YV4ED3UB1N",2022,"VOLVO","XC40","BEV",2,
"JM1DRACB4N",2022,"MAZDA","MX-30","BEV",2,
"W1KCG4EB6N",2022,"MERCEDES-BENZ","EQS-CLASS SEDAN","BEV",2,
"1N4BZ1DVXN",2022,"NISSAN","LEAF","BEV",2,
"WP0BC2Y1XN",2022,"PORSCHE","TAYCAN","BEV",2,
"WP0AA2Y15N",2022,"PORSCHE","TAYCAN","BEV",2,
"W1KCG2DB4N",2022,"MERCEDES-BENZ","EQS-CLASS SEDAN","BEV",2,
"50EA1DCA3N",2022,"LUCID","AIR","BEV",2,
"WP0AC2Y12N",2022,"PORSCHE","TAYCAN","BEV",2,
"W1KCG4EB1N",2022,"MERCEDES-BENZ","EQS-CLASS SEDAN","BEV",2,
"7FCEHDB75N",2022,"RIVIAN","EDV","BEV",2,
"W1N9M0KB6N",2022,"MERCEDES-BENZ","EQB-CLASS","BEV",2,
"7FCEHDB77N",2022,"RIVIAN","EDV","BEV",2,
"WP0AA2Y16N",2022,"PORSCHE","TAYCAN","BEV",2,
"50EA1GBA3N",2022,"LUCID","AIR","BEV",2,
"7FCEHDB7XN",2022,"RIVIAN","EDV","BEV",2,
"KNDCE3LG3N",2022,"KIA","NIRO","BEV",2,
"JM1DRACB3N",2022,"MAZDA","MX-30","BEV",2,
"YV4ED3GB0N",2022,"VOLVO","C40","BEV",2,
"WP0AB2Y19N",2022,"PORSCHE","TAYCAN","BEV",2,
"WP0AC2Y17N",2022,"PORSCHE","TAYCAN","BEV",2,
"KNDC34LA3N",2022,"KIA","EV6","BEV",2,
"50EA1DAA1N",2022,"LUCID","AIR","BEV",2,
"JM1DRADB1N",2022,"MAZDA","MX-30","BEV",2,
"50EA1DAA7N",2022,"LUCID","AIR","BEV",2,
"WP0AA2Y13N",2022,"PORSCHE","TAYCAN","BEV",2,
"KNDC34LB3N",2022,"KIA","EV6","BEV",2,
"W1N9M0KB4N",2022,"MERCEDES-BENZ","EQB-CLASS","BEV",2,
"50EA1DCA8N",2022,"LUCID","AIR","BEV",2,
"W1KCG2DB6N",2022,"MERCEDES-BENZ","EQS-CLASS SEDAN","BEV",2,
"KNDC34LA2N",2022,"KIA","EV6","BEV",2,
"W1KCG4EB9N",2022,"MERCEDES-BENZ","EQS-CLASS SEDAN","BEV",2,
"YV4ED3GB8N",2022,"VOLVO","C40","BEV",2,
"W1KCG2DBXN",2022,"MERCEDES-BENZ","EQS-CLASS SEDAN","BEV",2,
"W1N9M0KBXN",2022,"MERCEDES-BENZ","EQB-CLASS","BEV",2,
"W1N9M0KB9N",2022,"MERCEDES-BENZ","EQB-CLASS","BEV",2,
"WBY33AW02N",2022,"BMW","I4","BEV",2,
"W1KCG2DB7N",2022,"MERCEDES-BENZ","EQS-CLASS SEDAN","BEV",2,
"50EA1DCA2N",2022,"LUCID","AIR","BEV",2,
"WP0AC2Y1XN",2022,"PORSCHE","TAYCAN","BEV",2,
"LPSEG3KA9N",2022,"POLESTAR","PS2","BEV",2,
"W1N9M0KB3N",2022,"MERCEDES-BENZ","EQB-CLASS","BEV",2,
"WP0BA2Y15N",2022,"PORSCHE","TAYCAN","BEV",2,
"SADHD2S11N",2022,"JAGUAR","I-PACE","BEV",2,
"LPSEG3KA1N",2022,"POLESTAR","PS2","BEV",2,
"SADHD2S17N",2022,"JAGUAR","I-PACE","BEV",2,
"W1KCG4EB0N",2022,"MERCEDES-BENZ","EQS-CLASS SEDAN","BEV",2,
"JM1DRADB0N",2022,"MAZDA","MX-30","BEV",2,
"KNDC34LB5N",2022,"KIA","EV6","BEV",2,
"WBY33AW04N",2022,"BMW","I4","BEV",2,
"WP0AB2Y10N",2022,"PORSCHE","TAYCAN","BEV",2,
"SADHD2S13N",2022,"JAGUAR","I-PACE","BEV",2,
"YV4ED3UB7N",2022,"VOLVO","XC40","BEV",2,
"KNDC44LA1N",2022,"KIA","EV6","BEV",2,
"KNDC44LA7N",2022,"KIA","EV6","BEV",2,
"WBY33AW08N",2022,"BMW","I4","BEV",2,
"W1N9M1DB9N",2022,"MERCEDES-BENZ","EQB-CLASS","BEV",2,
"JM1DRADB6N",2022,"MAZDA","MX-30","BEV",2,
"KNDC34LB4N",2022,"KIA","EV6","BEV",2,
"JM1DRADB9N",2022,"MAZDA","MX-30","BEV",2,
"WP0AB2Y12N",2022,"PORSCHE","TAYCAN","BEV",2,
"WBY33AW03N",2022,"BMW","I4","BEV",2,
"LPSEG3KA5N",2022,"POLESTAR","PS2","BEV",2,
"WP0BA2Y11N",2022,"PORSCHE","TAYCAN","BEV",2,
"WP0AC2Y16N",2022,"PORSCHE","TAYCAN","BEV",2,
"YV4ED3UA3N",2022,"VOLVO","XC40","BEV",2,
"WP0AC2Y10N",2022,"PORSCHE","TAYCAN","BEV",2,
"KNDC44LA6N",2022,"KIA","EV6","BEV",2,
"KNDC34LB1N",2022,"KIA","EV6","BEV",2,
"KNDC44LA5N",2022,"KIA","EV6","BEV",2,
"WP0AD2Y15N",2022,"PORSCHE","TAYCAN","BEV",2,
"W1KCG5FB0N",2022,"MERCEDES-BENZ","EQS-CLASS SEDAN","BEV",2,
"KNDC34LB0N",2022,"KIA","EV6","BEV",2,
"50EA1DCA7N",2022,"LUCID","AIR","BEV",2,
"W1N9M1DBXN",2022,"MERCEDES-BENZ","EQB-CLASS","BEV",2,
"JM1DRADB3N",2022,"MAZDA","MX-30","BEV",2,
"YV4ED3UA9N",2022,"VOLVO","XC40","BEV",2,
"50EA1DAA8N",2022,"LUCID","AIR","BEV",2,
"KNDC44LA2N",2022,"KIA","EV6","BEV",2,
"WP0CD2Y10N",2022,"PORSCHE","TAYCAN","BEV",2,
"WP0AD2Y19N",2022,"PORSCHE","TAYCAN","BEV",2,
"WP0CD2Y18N",2022,"PORSCHE","TAYCAN","BEV",2,
"W1N9M1DB6N",2022,"MERCEDES-BENZ","EQB-CLASS","BEV",2,
"50EA1DAA0N",2022,"LUCID","AIR","BEV",2,
"JM1DRADB8N",2022,"MAZDA","MX-30","BEV",2,
"WBY33AW0XN",2022,"BMW","I4","BEV",2,
"LPSEG3KA6N",2022,"POLESTAR","PS2","BEV",2,
"JM1DRADB2N",2022,"MAZDA","MX-30","BEV",2,
"WP0AB2Y11N",2022,"PORSCHE","TAYCAN","BEV",2,
"KNDC44LA4N",2022,"KIA","EV6","BEV",2,
"YV4ED3UA5N",2022,"VOLVO","XC40","BEV",2,
"WP0AD2Y14N",2022,"PORSCHE","TAYCAN","BEV",2,
"WP0BC2Y15N",2022,"PORSCHE","TAYCAN","BEV",2,
"W1KCG5FB1N",2022,"MERCEDES-BENZ","EQS-CLASS SEDAN","BEV",2,
"WBY33AW07N",2022,"BMW","I4","BEV",2,
"50EA1DAA5N",2022,"LUCID","AIR","BEV",2,
"KNDC34LA1N",2022,"KIA","EV6","BEV",2,
"50EA1DAA4N",2022,"LUCID","AIR","BEV",2,
"WP0BB2Y15N",2022,"PORSCHE","TAYCAN","BEV",2,
"WP0AD2Y17N",2022,"PORSCHE","TAYCAN","BEV",2,
"WBY33AW00N",2022,"BMW","I4","BEV",2,
"KNDC34LB9N",2022,"KIA","EV6","BEV",2,
"JM1DRADB7N",2022,"MAZDA","MX-30","BEV",2,
"KM8KRDAF5N",2022,"HYUNDAI","IONIQ 5","BEV",2,
"KM8K33AG2N",2022,"HYUNDAI","KONA","BEV",2,
"KM8K33AGXN",2022,"HYUNDAI","KONA","BEV",2,
"KM8KMDAF3N",2022,"HYUNDAI","IONIQ 5","BEV",2,
"KM8KMDAF0N",2022,"HYUNDAI","IONIQ 5","BEV",2,
"KM8KRDAF2N",2022,"HYUNDAI","IONIQ 5","BEV",2,
"KM8KM4AE8N",2022,"HYUNDAI","IONIQ 5","BEV",2,
"KM8KRDAF3N",2022,"HYUNDAI","IONIQ 5","BEV",2,
"KM8KMDAF9N",2022,"HYUNDAI","IONIQ 5","BEV",2,
"KM8KMDAF7N",2022,"HYUNDAI","IONIQ 5","BEV",2,
"KM8KM4AE6N",2022,"HYUNDAI","IONIQ 5","BEV",2,
"KM8KN4AE4N",2022,"HYUNDAI","IONIQ 5","BEV",2,
"KM8KMDAF4N",2022,"HYUNDAI","IONIQ 5","BEV",2,
"KM8KNDAF5N",2022,"HYUNDAI","IONIQ 5","BEV",2,
"KM8K23AG9N",2022,"HYUNDAI","KONA","BEV",2,
"KM8KNDAF3N",2022,"HYUNDAI","IONIQ 5","BEV",2,
"KM8K23AG1N",2022,"HYUNDAI","KONA","BEV",2,
"KM8K23AG7N",2022,"HYUNDAI","KONA","BEV",2,
"KM8K23AGXN",2022,"HYUNDAI","KONA","BEV",2,
"KM8KM4AEXN",2022,"HYUNDAI","IONIQ 5","BEV",2,
"KM8K53AG9N",2022,"HYUNDAI","KONA","BEV",2,
"KM8KM4AE0N",2022,"HYUNDAI","IONIQ 5","BEV",2,
"KM8KN4AE5N",2022,"HYUNDAI","IONIQ 5","BEV",2,
"KM8KMDAF5N",2022,"HYUNDAI","IONIQ 5","BEV",2,
"KM8K33AG9N",2022,"HYUNDAI","KONA","BEV",2,
"KM8K53AG7N",2022,"HYUNDAI","KONA","BEV",2,
"KM8K53AG1N",2022,"HYUNDAI","KONA","BEV",2,
"KM8KMDAF8N",2022,"HYUNDAI","IONIQ 5","BEV",2,
"KM8K53AG5N",2022,"HYUNDAI","KONA","BEV",2,
"KM8KN4AE7N",2022,"HYUNDAI","IONIQ 5","BEV",2,
"KM8KRDAF7N",2022,"HYUNDAI","IONIQ 5","BEV",2,
"KM8KN4AEXN",2022,"HYUNDAI","IONIQ 5","BEV",2,
"KM8KM4AE3N",2022,"HYUNDAI","IONIQ 5","BEV",2,
"KM8KRDAF1N",2022,"HYUNDAI","IONIQ 5","BEV",2,
"KM8KN4AE1N",2022,"HYUNDAI","IONIQ 5","BEV",2,
"KM8KNDAF9N",2022,"HYUNDAI","IONIQ 5","BEV",2,
"KM8KN4AE3N",2022,"HYUNDAI","IONIQ 5","BEV",2,
"KM8K33AG6N",2022,"HYUNDAI","KONA","BEV",2,
"KM8K33AG3N",2022,"HYUNDAI","KONA","BEV",2,
"KM8KMDAF1N",2022,"HYUNDAI","IONIQ 5","BEV",2,
"KM8KRDAF9N",2022,"HYUNDAI","IONIQ 5","BEV",2,
"KM8KNDAFXN",2022,"HYUNDAI","IONIQ 5","BEV",2,
"KM8KNDAF1N",2022,"HYUNDAI","IONIQ 5","BEV",2,
"KM8K23AG6N",2022,"HYUNDAI","KONA","BEV",2,
"KM8KNDAF0N",2022,"HYUNDAI","IONIQ 5","BEV",2,
"KM8KMDAF6N",2022,"HYUNDAI","IONIQ 5","BEV",2,
"KM8KN4AE0N",2022,"HYUNDAI","IONIQ 5","BEV",2,
"KM8K33AG7N",2022,"HYUNDAI","KONA","BEV",2,
"KM8K33AG8N",2022,"HYUNDAI","KONA","BEV",2,
"KM8K53AG2N",2022,"HYUNDAI","KONA","BEV",2,
"KM8K23AG4N",2022,"HYUNDAI","KONA","BEV",2,
"KM8K53AG8N",2022,"HYUNDAI","KONA","BEV",2,
"KM8KNDAF7N",2022,"HYUNDAI","IONIQ 5","BEV",2,
"KM8KM4AE4N",2022,"HYUNDAI","IONIQ 5","BEV",2,
"KM8KRDAF4N",2022,"HYUNDAI","IONIQ 5","BEV",2,
"KM8KN4AE6N",2022,"HYUNDAI","IONIQ 5","BEV",2,
"KM8K53AG0N",2022,"HYUNDAI","KONA","BEV",2,
"KM8KMDAF2N",2022,"HYUNDAI","IONIQ 5","BEV",2,
"KM8K23AG8N",2022,"HYUNDAI","KONA","BEV",2,
"KM8KM4AE2N",2022,"HYUNDAI","IONIQ 5","BEV",2,
"KM8KM4AE5N",2022,"HYUNDAI","IONIQ 5","BEV",2,
"KM8KNDAF6N",2022,"HYUNDAI","IONIQ 5","BEV",2,
"KM8K53AG3N",2022,"HYUNDAI","KONA","BEV",2,
"KM8K33AG5N",2022,"HYUNDAI","KONA","BEV",2,
"KM8KN4AE8N",2022,"HYUNDAI","IONIQ 5","BEV",2,
"KM8KRDAF8N",2022,"HYUNDAI","IONIQ 5","BEV",2,
"KM8KN4AE2N",2022,"HYUNDAI","IONIQ 5","BEV",2,
"KM8KRDAF0N",2022,"HYUNDAI","IONIQ 5","BEV",2,
"KM8KRDAFXN",2022,"HYUNDAI","IONIQ 5","BEV",2,
"KM8KNDAF8N",2022,"HYUNDAI","IONIQ 5","BEV",2,
"KM8K33AG1N",2022,"HYUNDAI","KONA","BEV",2,
"KM8K53AG4N",2022,"HYUNDAI","KONA","BEV",2,
"KM8K53AGXN",2022,"HYUNDAI","KONA","BEV",2,
"KM8K33AG0N",2022,"HYUNDAI","KONA","BEV",2,
"KM8KM4AE1N",2022,"HYUNDAI","IONIQ 5","BEV",2,
"KM8K33AG4N",2022,"HYUNDAI","KONA","BEV",2,
"KM8KRDAF6N",2022,"HYUNDAI","IONIQ 5","BEV",2,
"KM8KR4AE2N",2022,"HYUNDAI","IONIQ 5","BEV",2,
"KM8KM4AE7N",2022,"HYUNDAI","IONIQ 5","BEV",2,
"KM8K53AG6N",2022,"HYUNDAI","KONA","BEV",2,
"KM8KNDAF2N",2022,"HYUNDAI","IONIQ 5","BEV",2,
"KM8KMDAFXN",2022,"HYUNDAI","IONIQ 5","BEV",2,
"KM8KM4AE9N",2022,"HYUNDAI","IONIQ 5","BEV",2,
"KM8KM4AB5N",2022,"HYUNDAI","IONIQ 5","BEV",2,
"KM8KNDAF4N",2022,"HYUNDAI","IONIQ 5","BEV",2,
"KM8KN4AE9N",2022,"HYUNDAI","IONIQ 5","BEV",2,
"KM8K23AG5N",2022,"HYUNDAI","KONA","BEV",2,
"KM8KR4AEXN",2022,"HYUNDAI","IONIQ 5","BEV",2,
"KM8KR4AE7N",2022,"HYUNDAI","IONIQ 5","BEV",2,
"KM8K23AG0N",2022,"HYUNDAI","KONA","BEV",2,
"KM8K23AG3N",2022,"HYUNDAI","KONA","BEV",2,
"5YJ3E1EB0N",2022,"TESLA","MODEL 3","BEV",2,
"5YJ3E1EB2N",2022,"TESLA","MODEL 3","BEV",2,
"5YJ3E1EB7N",2022,"TESLA","MODEL 3","BEV",2,
"5YJ3E1EA0N",2022,"TESLA","MODEL 3","BEV",2,
"7SAYGAEEXN",2022,"TESLA","MODEL Y","BEV",2,
"5YJ3E1EBXN",2022,"TESLA","MODEL 3","BEV",2,
"5YJ3E1EB6N",2022,"TESLA","MODEL 3","BEV",2,
"7SAYGAEE2N",2022,"TESLA","MODEL Y","BEV",2,
"7SAXCBE51N",2022,"TESLA","MODEL X","BEV",2,
"5YJSA1E56N",2022,"TESLA","MODEL S","BEV",2,
"7SAYGDEE3N",2022,"TESLA","MODEL Y","BEV",2,
"7SAYGDEF2N",2022,"TESLA","MODEL Y","BEV",2,
"7SAYGDEFXN",2022,"TESLA","MODEL Y","BEV",2,
"7SAYGDEEXN",2022,"TESLA","MODEL Y","BEV",2,
"5YJ3E1EB5N",2022,"TESLA","MODEL 3","BEV",2,
"5YJ3E1EB1N",2022,"TESLA","MODEL 3","BEV",2,
"7SAYGDEE0N",2022,"TESLA","MODEL Y","BEV",2,
"7SAYGDEE2N",2022,"TESLA","MODEL Y","BEV",2,
"7SAXCBE57N",2022,"TESLA","MODEL X","BEV",2,
"7SAYGDEE8N",2022,"TESLA","MODEL Y","BEV",2,
"7SAYGAEE6N",2022,"TESLA","MODEL Y","BEV",2,
"5YJSA1E52N",2022,"TESLA","MODEL S","BEV",2,
"7SAXCBE60N",2022,"TESLA","MODEL X","BEV",2,
"7SAYGDEE6N",2022,"TESLA","MODEL Y","BEV",2,
"7SAXCBE68N",2022,"TESLA","MODEL X","BEV",2,
"7SAYGDEF4N",2022,"TESLA","MODEL Y","BEV",2,
"7SAYGDEE4N",2022,"TESLA","MODEL Y","BEV",2,
"7SAYGAEE0N",2022,"TESLA","MODEL Y","BEV",2,
"7SAYGDEF6N",2022,"TESLA","MODEL Y","BEV",2,
"5YJ3E1EA3N",2022,"TESLA","MODEL 3","BEV",2,
"7SAYGDEE9N",2022,"TESLA","MODEL Y","BEV",2,
"5YJ3E1EB9N",2022,"TESLA","MODEL 3","BEV",2,
"7SAXCDE5XN",2022,"TESLA","MODEL X","BEV",2,
"7SAYGDEE1N",2022,"TESLA","MODEL Y","BEV",2,
"5YJ3E1EA6N",2022,"TESLA","MODEL 3","BEV",2,
"5YJ3E1EB8N",2022,"TESLA","MODEL 3","BEV",2,
"7SAYGDEF5N",2022,"TESLA","MODEL Y","BEV",2,
"5YJ3E1EC1N",2022,"TESLA","MODEL 3","BEV",2,
"5YJ3E1EA8N",2022,"TESLA","MODEL 3","BEV",2,
"7SAYGDEE7N",2022,"TESLA","MODEL Y","BEV",2,
"7SAYGDEF3N",2022,"TESLA","MODEL Y","BEV",2,
"7SAYGDEF1N",2022,"TESLA","MODEL Y","BEV",2,
"7SAYGAEE4N",2022,"TESLA","MODEL Y","BEV",2,
"7SAYGDEF0N",2022,"TESLA","MODEL Y","BEV",2,
"5YJSA1E58N",2022,"TESLA","MODEL S","BEV",2,
"5YJ3E1EB3N",2022,"TESLA","MODEL 3","BEV",2,
"5YJ3E1EA2N",2022,"TESLA","MODEL 3","BEV",2,
"5YJ3E1EA7N",2022,"TESLA","MODEL 3","BEV",2,
"5YJSA1E69N",2022,"TESLA","MODEL S","BEV",2,
"5YJ3E1EB4N",2022,"TESLA","MODEL 3","BEV",2,
"7SAXCBE5XN",2022,"TESLA","MODEL X","BEV",2,
"7SAYGAEE3N",2022,"TESLA","MODEL Y","BEV",2,
"7SAYGDEF8N",2022,"TESLA","MODEL Y","BEV",2,
"5YJSA1E57N",2022,"TESLA","MODEL S","BEV",2,
"5YJ3E1EC7N",2022,"TESLA","MODEL 3","BEV",2,
"7SAXCDE52N",2022,"TESLA","MODEL X","BEV",2,
"5YJ3E1EA9N",2022,"TESLA","MODEL 3","BEV",2,
"7SAYGAEE8N",2022,"TESLA","MODEL Y","BEV",2,
"5YJSA1E5XN",2022,"TESLA","MODEL S","BEV",2,
"7SAXCBE65N",2022,"TESLA","MODEL X","BEV",2,
"5YJ3E1EA4N",2022,"TESLA","MODEL 3","BEV",2,
"7SAYGDEF7N",2022,"TESLA","MODEL Y","BEV",2,
"5YJSA1E62N",2022,"TESLA","MODEL S","BEV",2,
"7SAYGDEE5N",2022,"TESLA","MODEL Y","BEV",2,
"5YJSA1E55N",2022,"TESLA","MODEL S","BEV",2,
"7SAYGAEE7N",2022,"TESLA","MODEL Y","BEV",2,
"5YJ3E1EC2N",2022,"TESLA","MODEL 3","BEV",2,
"5YJ3E1EC8N",2022,"TESLA","MODEL 3","BEV",2,
"7SAXCAE50N",2022,"TESLA","MODEL X","BEV",2,
"5YJ3E1EAXN",2022,"TESLA","MODEL 3","BEV",2,
"5YJSA1E50N",2022,"TESLA","MODEL S","BEV",2,
"7SAXCBE63N",2022,"TESLA","MODEL X","BEV",2,
"5YJ3E1EC5N",2022,"TESLA","MODEL 3","BEV",2,
"7SAXCAE51N",2022,"TESLA","MODEL X","BEV",2,
"7SAXCBE58N",2022,"TESLA","MODEL X","BEV",2,
"5YJSA1E59N",2022,"TESLA","MODEL S","BEV",2,
"7SAYGDEF9N",2022,"TESLA","MODEL Y","BEV",2,
"7SAXCBE64N",2022,"TESLA","MODEL X","BEV",2,
"5YJSA1E54N",2022,"TESLA","MODEL S","BEV",2,
"7SAYGAEE1N",2022,"TESLA","MODEL Y","BEV",2,
"5YJSA1E65N",2022,"TESLA","MODEL S","BEV",2,
"7SAXCDE50N",2022,"TESLA","MODEL X","BEV",2,
"5YJ3E1EC3N",2022,"TESLA","MODEL 3","BEV",2,
"5YJSA1E51N",2022,"TESLA","MODEL S","BEV",2,
"5YJSA1E53N",2022,"TESLA","MODEL S","BEV",2,
"5YJ3E1EC4N",2022,"TESLA","MODEL 3","BEV",2,
"7SAXCDE56N",2022,"TESLA","MODEL X","BEV",2,
"7SAXCDE53N",2022,"TESLA","MODEL X","BEV",2,
"7SAYGAEE5N",2022,"TESLA","MODEL Y","BEV",2,
"7SAXCBE52N",2022,"TESLA","MODEL X","BEV",2,
"7SAXCBE50N",2022,"TESLA","MODEL X","BEV",2,
"7SAXCDE57N",2022,"TESLA","MODEL X","BEV",2,
"5YJ3E1EC9N",2022,"TESLA","MODEL 3","BEV",2,
"5YJ3E1EA1N",2022,"TESLA","MODEL 3","BEV",2,
"7SAYGAEE9N",2022,"TESLA","MODEL Y","BEV",2,
"7SAXCBE6XN",2022,"TESLA","MODEL X","BEV",2,
"7SAXCDE54N",2022,"TESLA","MODEL X","BEV",2,
"7SAXCBE54N",2022,"TESLA","MODEL X","BEV",2,
"5YJSA1E68N",2022,"TESLA","MODEL S","BEV",2,
"5YJSA1E67N",2022,"TESLA","MODEL S","BEV",2,
"7SAXCAE54N",2022,"TESLA","MODEL X","BEV",2,
"7SAXCBE69N",2022,"TESLA","MODEL X","BEV",2,
"7SAXCBE56N",2022,"TESLA","MODEL X","BEV",2,
"5YJ3E1EA5N",2022,"TESLA","MODEL 3","BEV",2,
"5YJSA1E64N",2022,"TESLA","MODEL S","BEV",2,
"7SAXCAE55N",2022,"TESLA","MODEL X","BEV",2,
"7SAXCBE53N",2022,"TESLA","MODEL X","BEV",2,
"5YJ3E1ECXN",2022,"TESLA","MODEL 3","BEV",2,
"5YJ3E1EC6N",2022,"TESLA","MODEL 3","BEV",2,
"5YJSA1E6XN",2022,"TESLA","MODEL S","BEV",2,
"5YJSA1E60N",2022,"TESLA","MODEL S","BEV",2,
"7SAXCDE59N",2022,"TESLA","MODEL X","BEV",2,
"7SAXCAE5XN",2022,"TESLA","MODEL X","BEV",2,
"7SAXCBE62N",2022,"TESLA","MODEL X","BEV",2,
"7SAXCAE53N",2022,"TESLA","MODEL X","BEV",2,
"7SAXCDE58N",2022,"TESLA","MODEL X","BEV",2,
"7SAXCBE66N",2022,"TESLA","MODEL X","BEV",2,
"7SAXCBE61N",2022,"TESLA","MODEL X","BEV",2,
"5YJ3E1EC0N",2022,"TESLA","MODEL 3","BEV",2,
"7SAXCBE59N",2022,"TESLA","MODEL X","BEV",2,
"7SAXCBE55N",2022,"TESLA","MODEL X","BEV",2,
"7SAXCDE51N",2022,"TESLA","MODEL X","BEV",2,
"7SAXCBE67N",2022,"TESLA","MODEL X","BEV",2,
"5YJSA1E63N",2022,"TESLA","MODEL S","BEV",2,
"5YJSA1E61N",2022,"TESLA","MODEL S","BEV",2,
"7SAXCAE57N",2022,"TESLA","MODEL X","BEV",2,
"7SAXCDE55N",2022,"TESLA","MODEL X","BEV",2,
"7SAXCAE52N",2022,"TESLA","MODEL X","BEV",2,
"7SAXCAE59N",2022,"TESLA","MODEL X","BEV",2,
"5YJSA1E66N",2022,"TESLA","MODEL S","BEV",2,
"7SAXCAE56N",2022,"TESLA","MODEL X","BEV",2,
"7SAXCAE58N",2022,"TESLA","MODEL X","BEV",2,
"1FTBW9CK6N",2022,"FORD","TRANSIT","BEV",2,
"1FT6W1EV7N",2022,"FORD","F-150","BEV",2,
"1FTVW1EL6N",2022,"FORD","F-150","BEV",2,
"1FTVW1ELXN",2022,"FORD","F-150","BEV",2,
"1FTBW9CK7N",2022,"FORD","TRANSIT","BEV",2,
"1FTVW1EL4N",2022,"FORD","F-150","BEV",2,
"1FT6W1EV2N",2022,"FORD","F-150","BEV",2,
"1FTVW1EV1N",2022,"FORD","F-150","BEV",2,
"1FT6W1EV0N",2022,"FORD","F-150","BEV",2,
"1FT6W1EV1N",2022,"FORD","F-150","BEV",2,
"1FTBW9CK2N",2022,"FORD","TRANSIT","BEV",2,
"1FT6W1EV8N",2022,"FORD","F-150","BEV",2,
"1FTBW9CKXN",2022,"FORD","TRANSIT","BEV",2,
"1FTVW1EL0N",2022,"FORD","F-150","BEV",2,
"1FTVW1EL7N",2022,"FORD","F-150","BEV",2,
"1FTVW1EL3N",2022,"FORD","F-150","BEV",2,
"1FT6W1EV5N",2022,"FORD","F-150","BEV",2,
"1FTVW1EL2N",2022,"FORD","F-150","BEV",2,
"1FTVW1EL9N",2022,"FORD","F-150","BEV",2,
"1FTBW9CK4N",2022,"FORD","TRANSIT","BEV",2,
"1FTBW9CK3N",2022,"FORD","TRANSIT","BEV",2,
"1FT6W1EV9N",2022,"FORD","F-150","BEV",2,
"1FT6W1EV6N",2022,"FORD","F-150","BEV",2,
"1FTVW1EL5N",2022,"FORD","F-150","BEV",2,
"1FTVW1EV5N",2022,"FORD","F-150","BEV",2,
"1FTBW9CK1N",2022,"FORD","TRANSIT","BEV",2,
"1FT6W1EVXN",2022,"FORD","F-150","BEV",2,
"1FT6W1EV4N",2022,"FORD","F-150","BEV",2,
"1FTVW1EL1N",2022,"FORD","F-150","BEV",2,
"1FTBW9CK9N",2022,"FORD","TRANSIT","BEV",2,
"1FTBW1YK7N",2022,"FORD","TRANSIT","BEV",2,
"1FTBW1XK2N",2022,"FORD","TRANSIT","BEV",2,
"1FTBW1YK5N",2022,"FORD","TRANSIT","BEV",2,
"1FTBW1XK6N",2022,"FORD","TRANSIT","BEV",2,
"1FTBW1XKXN",2022,"FORD","TRANSIT","BEV",2,
"1FTVW1EL8N",2022,"FORD","F-150","BEV",2,
"1FTBW1XK0N",2022,"FORD","TRANSIT","BEV",2,
"1FT6W1EV3N",2022,"FORD","F-150","BEV",2,
"1FTBW1XK1N",2022,"FORD","TRANSIT","BEV",2,
"1FTBW3XK5N",2022,"FORD","TRANSIT","BEV",2,
"1FTVW1EV6N",2022,"FORD","F-150","BEV",2,
"1FTBW1XK9N",2022,"FORD","TRANSIT","BEV",2,
"1FTBW9CK5N",2022,"FORD","TRANSIT","BEV",2,
"1FTBW1XK4N",2022,"FORD","TRANSIT","BEV",2,
"1FTBW1YK1N",2022,"FORD","TRANSIT","BEV",2,
"1FTBW9CK8N",2022,"FORD","TRANSIT","BEV",2,
"1FTBW1XK7N",2022,"FORD","TRANSIT","BEV",2,
"1FTBW1XK3N",2022,"FORD","TRANSIT","BEV",2,
"1FTBW1XK5N",2022,"FORD","TRANSIT","BEV",2,
"1FTBW1XK8N",2022,"FORD","TRANSIT","BEV",2,
"1FTBW1YK8N",2022,"FORD","TRANSIT","BEV",2,
"1FTBW3XK9N",2022,"FORD","TRANSIT","BEV",2,
"1FTBW9CK0N",2022,"FORD","TRANSIT","BEV",2,
"1FTVW1EV8N",2022,"FORD","F-150","BEV",2,
"1FTVW1EV4N",2022,"FORD","F-150","BEV",2,
"1FTBW1YK0N",2022,"FORD","TRANSIT","BEV",2,
"1FTVW1EV2N",2022,"FORD","F-150","BEV",2,
"1FTVW1EV9N",2022,"FORD","F-150","BEV",2,
"1FTBW3XK2N",2022,"FORD","TRANSIT","BEV",2,
"1FTBW3XK3N",2022,"FORD","TRANSIT","BEV",2,
"1FTBW1YK6N",2022,"FORD","TRANSIT","BEV",2,
"1FTBW1YK3N",2022,"FORD","TRANSIT","BEV",2,
"1FTBW3XK8N",2022,"FORD","TRANSIT","BEV",2,
"1FTBW3XKXN",2022,"FORD","TRANSIT","BEV",2,
"1FTBW1YK2N",2022,"FORD","TRANSIT","BEV",2,
"1FTBW3XK0N",2022,"FORD","TRANSIT","BEV",2,
"1FTVW1EV7N",2022,"FORD","F-150","BEV",2,
"1FTVW1EVXN",2022,"FORD","F-150","BEV",2,
"1FTBW3XK1N",2022,"FORD","TRANSIT","BEV",2,
"1FTBW1YK9N",2022,"FORD","TRANSIT","BEV",2,
"1FTBW1YK4N",2022,"FORD","TRANSIT","BEV",2,
"1FTBW3XK6N",2022,"FORD","TRANSIT","BEV",2,
"1FTVW1EV3N",2022,"FORD","F-150","BEV",2,
"3FMTK1RM4N",2022,"FORD","MUSTANG MACH-E","BEV",2,
"3FMTK2SU4N",2022,"FORD","MUSTANG MACH-E","BEV",2,
"3FMTK4SE4N",2022,"FORD","MUSTANG MACH-E","BEV",2,
"3FMTK2SU0N",2022,"FORD","MUSTANG MACH-E","BEV",2,
"3FMTK2SU2N",2022,"FORD","MUSTANG MACH-E","BEV",2,
"3FMTK3R73N",2022,"FORD","MUSTANG MACH-E","BEV",2,
"3FMTK3SU1N",2022,"FORD","MUSTANG MACH-E","BEV",2,
"3FMTK3SS4N",2022,"FORD","MUSTANG MACH-E","BEV",2,
"3FMTK4SE8N",2022,"FORD","MUSTANG MACH-E","BEV",2,
"3FMTK3SU2N",2022,"FORD","MUSTANG MACH-E","BEV",2,
"3FMTK4SE0N",2022,"FORD","MUSTANG MACH-E","BEV",2,
"3FMTK4SX6N",2022,"FORD","MUSTANG MACH-E","BEV",2,
"3FMTK3R71N",2022,"FORD","MUSTANG MACH-E","BEV",2,
"3FMTK2SU5N",2022,"FORD","MUSTANG MACH-E","BEV",2,
"3FMTK4SE2N",2022,"FORD","MUSTANG MACH-E","BEV",2,
"3FMTK1RM7N",2022,"FORD","MUSTANG MACH-E","BEV",2,
"3FMTK2SU7N",2022,"FORD","MUSTANG MACH-E","BEV",2,
"3FMTK4SE1N",2022,"FORD","MUSTANG MACH-E","BEV",2,
"3FMTK2SU3N",2022,"FORD","MUSTANG MACH-E","BEV",2,
"3FMTK1SS2N",2022,"FORD","MUSTANG MACH-E","BEV",2,
"3FMTK2SU6N",2022,"FORD","MUSTANG MACH-E","BEV",2,
"3FMTK3SU5N",2022,"FORD","MUSTANG MACH-E","BEV",2,
"3FMTK3SU7N",2022,"FORD","MUSTANG MACH-E","BEV",2,
"3FMTK1SS4N",2022,"FORD","MUSTANG MACH-E","BEV",2,
"3FMTK1RM1N",2022,"FORD","MUSTANG MACH-E","BEV",2,
"3FMTK2SUXN",2022,"FORD","MUSTANG MACH-E","BEV",2,
"3FMTK4SE6N",2022,"FORD","MUSTANG MACH-E","BEV",2,
"3FMTK3SU9N",2022,"FORD","MUSTANG MACH-E","BEV",2,
"3FMTK2SU9N",2022,"FORD","MUSTANG MACH-E","BEV",2,
"3FMTK1SS8N",2022,"FORD","MUSTANG MACH-E","BEV",2,
"3FMTK3SU3N",2022,"FORD","MUSTANG MACH-E","BEV",2,
"3FMTK4SX2N",2022,"FORD","MUSTANG MACH-E","BEV",2,
"3FMTK1RM9N",2022,"FORD","MUSTANG MACH-E","BEV",2,
"3FMTK1RM6N",2022,"FORD","MUSTANG MACH-E","BEV",2,
"3FMTK3SU4N",2022,"FORD","MUSTANG MACH-E","BEV",2,
"3FMTK2SU8N",2022,"FORD","MUSTANG MACH-E","BEV",2,
"3FMTK3R74N",2022,"FORD","MUSTANG MACH-E","BEV",2,
"3FMTK4SX1N",2022,"FORD","MUSTANG MACH-E","BEV",2,
"3FMTK1SS5N",2022,"FORD","MUSTANG MACH-E","BEV",2,
"3FMTK4SX5N",2022,"FORD","MUSTANG MACH-E","BEV",2,
"3FMTK2R79N",2022,"FORD","MUSTANG MACH-E","BEV",2,
"3FMTK4SX3N",2022,"FORD","MUSTANG MACH-E","BEV",2,
"3FMTK1SS0N",2022,"FORD","MUSTANG MACH-E","BEV",2,
"3FMTK3SUXN",2022,"FORD","MUSTANG MACH-E","BEV",2,
"3FMTK3SU8N",2022,"FORD","MUSTANG MACH-E","BEV",2,
"3FMTK2R77N",2022,"FORD","MUSTANG MACH-E","BEV",2,
"3FMTK4SX0N",2022,"FORD","MUSTANG MACH-E","BEV",2,
"3FMTK4SE9N",2022,"FORD","MUSTANG MACH-E","BEV",2,
"3FMTK1RM5N",2022,"FORD","MUSTANG MACH-E","BEV",2,
"3FMTK3SS2N",2022,"FORD","MUSTANG MACH-E","BEV",2,
"3FMTK3SU0N",2022,"FORD","MUSTANG MACH-E","BEV",2,
"3FMTK3SS3N",2022,"FORD","MUSTANG MACH-E","BEV",2,
"3FMTK3R70N",2022,"FORD","MUSTANG MACH-E","BEV",2,
"3FMTK3SS9N",2022,"FORD","MUSTANG MACH-E","BEV",2,
"3FMTK1SS1N",2022,"FORD","MUSTANG MACH-E","BEV",2,
"3FMTK3SS5N",2022,"FORD","MUSTANG MACH-E","BEV",2,
"3FMTK4SE5N",2022,"FORD","MUSTANG MACH-E","BEV",2,
"3FMTK4SX4N",2022,"FORD","MUSTANG MACH-E","BEV",2,
"3FMTK3SU6N",2022,"FORD","MUSTANG MACH-E","BEV",2,
"3FMTK4SX9N",2022,"FORD","MUSTANG MACH-E","BEV",2,
"3FMTK4SEXN",2022,"FORD","MUSTANG MACH-E","BEV",2,
"3FMTK3RM9N",2022,"FORD","MUSTANG MACH-E","BEV",2,
"3FMTK4SX8N",2022,"FORD","MUSTANG MACH-E","BEV",2,
"3FMTK4SXXN",2022,"FORD","MUSTANG MACH-E","BEV",2,
"3FMTK3RM3N",2022,"FORD","MUSTANG MACH-E","BEV",2,
"3FMTK1RM0N",2022,"FORD","MUSTANG MACH-E","BEV",2,
"3FMTK4SE3N",2022,"FORD","MUSTANG MACH-E","BEV",2,
"3FMTK1SS9N",2022,"FORD","MUSTANG MACH-E","BEV",2,
"3FMTK3RM5N",2022,"FORD","MUSTANG MACH-E","BEV",2,
"3FMTK3R76N",2022,"FORD","MUSTANG MACH-E","BEV",2,
"3FMTK4SX7N",2022,"FORD","MUSTANG MACH-E","BEV",2,
"3FMTK4SE7N",2022,"FORD","MUSTANG MACH-E","BEV",2,
"3FMTK3SS8N",2022,"FORD","MUSTANG MACH-E","BEV",2,
"3FMTK3SS1N",2022,"FORD","MUSTANG MACH-E","BEV",2,
"3FMTK1RM3N",2022,"FORD","MUSTANG MACH-E","BEV",2,
"3FMTK1SSXN",2022,"FORD","MUSTANG MACH-E","BEV",2,
"3FMTK3RM7N",2022,"FORD","MUSTANG MACH-E","BEV",2,
"3FMTK1SS7N",2022,"FORD","MUSTANG MACH-E","BEV",2,
"3FMTK2R70N",2022,"FORD","MUSTANG MACH-E","BEV",2,
"3FMTK2R71N",2022,"FORD","MUSTANG MACH-E","BEV",2,
"3FMTK3R75N",2022,"FORD","MUSTANG MACH-E","BEV",2,
"3FMTK1RM8N",2022,"FORD","MUSTANG MACH-E","BEV",2,
"3FMTK2R78N",2022,"FORD","MUSTANG MACH-E","BEV",2,
"3FMTK1SS3N",2022,"FORD","MUSTANG MACH-E","BEV",2,
"3FMTK3R77N",2022,"FORD","MUSTANG MACH-E","BEV",2,
"3FMTK3RM2N",2022,"FORD","MUSTANG MACH-E","BEV",2,
"3FMTK3R7XN",2022,"FORD","MUSTANG MACH-E","BEV",2,
"3FMTK2SU1N",2022,"FORD","MUSTANG MACH-E","BEV",2,
"3FMTK1RM2N",2022,"FORD","MUSTANG MACH-E","BEV",2,
"3FMTK3SS0N",2022,"FORD","MUSTANG MACH-E","BEV",2,
"3FMTK3RM6N",2022,"FORD","MUSTANG MACH-E","BEV",2,
"3FMTK3SS7N",2022,"FORD","MUSTANG MACH-E","BEV",2,
"3FMTK1SS6N",2022,"FORD","MUSTANG MACH-E","BEV",2,
"3FMTK3R79N",2022,"FORD","MUSTANG MACH-E","BEV",2,
"3FMTK3RM1N",2022,"FORD","MUSTANG MACH-E","BEV",2,
"3FMTK3RM4N",2022,"FORD","MUSTANG MACH-E","BEV",2,
"3FMTK3SS6N",2022,"FORD","MUSTANG MACH-E","BEV",2,
"3FMTK3R72N",2022,"FORD","MUSTANG MACH-E","BEV",2,
"3FMTK3R78N",2022,"FORD","MUSTANG MACH-E","BEV",2,
"3FMTK2R72N",2022,"FORD","MUSTANG MACH-E","BEV",2,
"3FMTK2R73N",2022,"FORD","MUSTANG MACH-E","BEV",2,
"3FMTK2R7XN",2022,"FORD","MUSTANG MACH-E","BEV",2,
"3FMTK2R76N",2022,"FORD","MUSTANG MACH-E","BEV",2,
"3FMTK1RMXN",2022,"FORD","MUSTANG MACH-E","BEV",2,
"3FMTK3RM0N",2022,"FORD","MUSTANG MACH-E","BEV",2,
"3FMTK3SSXN",2022,"FORD","MUSTANG MACH-E","BEV",2,
"3FMTK3RM8N",2022,"FORD","MUSTANG MACH-E","BEV",2,
"WAUFJBFW4N",2022,"AUDI","E-TRON GT","BEV",2,
"WA1LAAGE7N",2022,"AUDI","E-TRON","BEV",2,
"WA11AAGE3N",2022,"AUDI","E-TRON SPORTBACK","BEV",2,
"WA1H2BFZ1N",2022,"AUDI","Q4","BEV",2,
"WA1H2BFZ5N",2022,"AUDI","Q4","BEV",2,
"WA1LAAGE1N",2022,"AUDI","E-TRON","BEV",2,
"WAUCJBFW7N",2022,"AUDI","E-TRON GT","BEV",2,
"WA1H2BFZ9N",2022,"AUDI","Q4","BEV",2,
"WA1L2BFZ5N",2022,"AUDI","Q4","BEV",2,
"WA1LAAGE2N",2022,"AUDI","E-TRON","BEV",2,
"WA1ACBGE0N",2022,"AUDI","E-TRON","BEV",2,
"WA12AAGE5N",2022,"AUDI","E-TRON SPORTBACK","BEV",2,
"WA13CBGE5N",2022,"AUDI","E-TRON SPORTBACK","BEV",2,
"WAUAHBFW6N",2022,"AUDI","RS E-TRON GT","BEV",2,
"WA1AAAGE3N",2022,"AUDI","E-TRON","BEV",2,
"WAUEJBFW0N",2022,"AUDI","E-TRON GT","BEV",2,
"WA1VABGE1N",2022,"AUDI","E-TRON","BEV",2,
"WAUCJBFW6N",2022,"AUDI","E-TRON GT","BEV",2,
"WAUEJBFW2N",2022,"AUDI","E-TRON GT","BEV",2,
"WAUEJBFW6N",2022,"AUDI","E-TRON GT","BEV",2,
"WA1AAAGE2N",2022,"AUDI","E-TRON","BEV",2,
"WAUBHBFW8N",2022,"AUDI","RS E-TRON GT","BEV",2,
"WA1VCBGE7N",2022,"AUDI","E-TRON","BEV",2,
"WA1J2BFZ3N",2022,"AUDI","Q4","BEV",2,
"WA1AAAGE7N",2022,"AUDI","E-TRON","BEV",2,
"WA11AAGE1N",2022,"AUDI","E-TRON SPORTBACK","BEV",2,
"WA1VABGE9N",2022,"AUDI","E-TRON","BEV",2,
"WA1AAAGE0N",2022,"AUDI","E-TRON","BEV",2,
"WAUEJBFWXN",2022,"AUDI","E-TRON GT","BEV",2,
"WA1G2BFZXN",2022,"AUDI","Q4","BEV",2,
"WA1LAAGE8N",2022,"AUDI","E-TRON","BEV",2,
"WAUCJBFW1N",2022,"AUDI","E-TRON GT","BEV",2,
"WA1H2BFZ7N",2022,"AUDI","Q4","BEV",2,
"WA1AABGE6N",2022,"AUDI","E-TRON","BEV",2,
"WA1VABGE4N",2022,"AUDI","E-TRON","BEV",2,
"WA1LAAGEXN",2022,"AUDI","E-TRON","BEV",2,
"WA1ACBGE2N",2022,"AUDI","E-TRON","BEV",2,
"WA1VABGE8N",2022,"AUDI","E-TRON","BEV",2,
"WA1ACBGEXN",2022,"AUDI","E-TRON","BEV",2,
"WA1L2BFZ7N",2022,"AUDI","Q4","BEV",2,
"WAUCJBFWXN",2022,"AUDI","E-TRON GT","BEV",2,
"WA1H2BFZ2N",2022,"AUDI","Q4","BEV",2,
"WA1LAAGE6N",2022,"AUDI","E-TRON","BEV",2,
"WA1AAAGE6N",2022,"AUDI","E-TRON","BEV",2,
"WA13CBGEXN",2022,"AUDI","E-TRON SPORTBACK","BEV",2,
"WA1VABGEXN",2022,"AUDI","E-TRON","BEV",2,
"WA12AAGE3N",2022,"AUDI","E-TRON SPORTBACK","BEV",2,
"WA1L2BFZXN",2022,"AUDI","Q4","BEV",2,
"WA1G2BFZ1N",2022,"AUDI","Q4","BEV",2,
"WA1M2BFZ6N",2022,"AUDI","Q4","BEV",2,
"WA132BFZ7N",2022,"AUDI","Q4","BEV",2,
"WA11CBGE6N",2022,"AUDI","E-TRON SPORTBACK","BEV",2,
"WA1LAAGE0N",2022,"AUDI","E-TRON","BEV",2,
"WA12AAGE8N",2022,"AUDI","E-TRON SPORTBACK","BEV",2,
"WA12ABGE4N",2022,"AUDI","E-TRON SPORTBACK","BEV",2,
"WA11AAGE6N",2022,"AUDI","E-TRON SPORTBACK","BEV",2,
"WA1L2BFZ6N",2022,"AUDI","Q4","BEV",2,
"WA1VABGE5N",2022,"AUDI","E-TRON","BEV",2,
"WA1VABGE0N",2022,"AUDI","E-TRON","BEV",2,
"WAUAHBFW4N",2022,"AUDI","RS E-TRON GT","BEV",2,
"WA1AAAGE4N",2022,"AUDI","E-TRON","BEV",2,
"WA1VCBGE5N",2022,"AUDI","E-TRON","BEV",2,
"WA1VABGE6N",2022,"AUDI","E-TRON","BEV",2,
"WAUAHBFW1N",2022,"AUDI","RS E-TRON GT","BEV",2,
"WA13AAGE3N",2022,"AUDI","E-TRON SPORTBACK","BEV",2,
"WA1AAAGE5N",2022,"AUDI","E-TRON","BEV",2,
"WA1VABGE7N",2022,"AUDI","E-TRON","BEV",2,
"WAUEJBFW3N",2022,"AUDI","E-TRON GT","BEV",2,
"WA1AAAGEXN",2022,"AUDI","E-TRON","BEV",2,
"WA12AAGE4N",2022,"AUDI","E-TRON SPORTBACK","BEV",2,
"WA13AAGE9N",2022,"AUDI","E-TRON SPORTBACK","BEV",2,
"WA1ACBGE4N",2022,"AUDI","E-TRON","BEV",2,
"WA1LAAGE4N",2022,"AUDI","E-TRON","BEV",2,
"WA1VABGE3N",2022,"AUDI","E-TRON","BEV",2,
"WAUFJBFW6N",2022,"AUDI","E-TRON GT","BEV",2,
"WA12ABGE3N",2022,"AUDI","E-TRON SPORTBACK","BEV",2,
"WA1AAAGE9N",2022,"AUDI","E-TRON","BEV",2,
"WA1LAAGE9N",2022,"AUDI","E-TRON","BEV",2,
"WA1LABGEXN",2022,"AUDI","E-TRON","BEV",2,
"WAUEJBFW8N",2022,"AUDI","E-TRON GT","BEV",2,
"WAUFJBFW8N",2022,"AUDI","E-TRON GT","BEV",2,
"WA1AAAGE1N",2022,"AUDI","E-TRON","BEV",2,
"WA1L2BFZ9N",2022,"AUDI","Q4","BEV",2,
"WA12AAGE0N",2022,"AUDI","E-TRON SPORTBACK","BEV",2,
"WA132BFZ2N",2022,"AUDI","Q4","BEV",2,
"WA1LABGE2N",2022,"AUDI","E-TRON","BEV",2,
"WA1LAAGE3N",2022,"AUDI","E-TRON","BEV",2,
"WA12AAGE7N",2022,"AUDI","E-TRON SPORTBACK","BEV",2,
"WA132BFZXN",2022,"AUDI","Q4","BEV",2,
"WAUBHBFW0N",2022,"AUDI","RS E-TRON GT","BEV",2,
"WA1ACBGE6N",2022,"AUDI","E-TRON","BEV",2,
"WA1H2BFZ0N",2022,"AUDI","Q4","BEV",2,
"WA1VCBGE1N",2022,"AUDI","E-TRON","BEV",2,
"WA1M2BFZ8N",2022,"AUDI","Q4","BEV",2,
"WA11AAGE0N",2022,"AUDI","E-TRON SPORTBACK","BEV",2,
"WA1AAAGE8N",2022,"AUDI","E-TRON","BEV",2,
"WAUCJBFW0N",2022,"AUDI","E-TRON GT","BEV",2,
"WA1J2BFZ1N",2022,"AUDI","Q4","BEV",2,
"WAUFJBFW5N",2022,"AUDI","E-TRON GT","BEV",2,
"WA13CBGE8N",2022,"AUDI","E-TRON SPORTBACK","BEV",2,
"WA1H2BFZ4N",2022,"AUDI","Q4","BEV",2,
"WA1LAAGE5N",2022,"AUDI","E-TRON","BEV",2,
"WA1W2BFZ7N",2022,"AUDI","Q4","BEV",2,
"WA1H2BFZ3N",2022,"AUDI","Q4","BEV",2,
"WA1VABGE2N",2022,"AUDI","E-TRON","BEV",2,
"WA11AAGE5N",2022,"AUDI","E-TRON SPORTBACK","BEV",2,
"WAUFJBFW9N",2022,"AUDI","E-TRON GT","BEV",2,
"WA1J2BFZXN",2022,"AUDI","Q4","BEV",2,
"WAUAHBFW2N",2022,"AUDI","RS E-TRON GT","BEV",2,
"WA1J2BFZ4N",2022,"AUDI","Q4","BEV",2,
"WA1AABGEXN",2022,"AUDI","E-TRON","BEV",2,
"WAUEJBFW9N",2022,"AUDI","E-TRON GT","BEV",2,
"WA13AAGE5N",2022,"AUDI","E-TRON SPORTBACK","BEV",2,
"WA13AAGE4N",2022,"AUDI","E-TRON SPORTBACK","BEV",2,
"WAUCJBFW5N",2022,"AUDI","E-TRON GT","BEV",2,
"WAUBHBFW3N",2022,"AUDI","RS E-TRON GT","BEV",2,
"WA11AAGE9N",2022,"AUDI","E-TRON SPORTBACK","BEV",2,
"WA1W2BFZ0N",2022,"AUDI","Q4","BEV",2,
"WA1L2BFZ3N",2022,"AUDI","Q4","BEV",2,
"WA1VCBGE6N",2022,"AUDI","E-TRON","BEV",2,
"WAUCJBFW9N",2022,"AUDI","E-TRON GT","BEV",2,
"WA12AAGEXN",2022,"AUDI","E-TRON SPORTBACK","BEV",2,
"WA11AAGE8N",2022,"AUDI","E-TRON SPORTBACK","BEV",2,
"WA1G2BFZ9N",2022,"AUDI","Q4","BEV",2,
"WA12ABGE9N",2022,"AUDI","E-TRON SPORTBACK","BEV",2,
"WA1W2BFZXN",2022,"AUDI","Q4","BEV",2,
"WA13AAGE8N",2022,"AUDI","E-TRON SPORTBACK","BEV",2,
"WAUAHBFW5N",2022,"AUDI","RS E-TRON GT","BEV",2,
"WAUEJBFW7N",2022,"AUDI","E-TRON GT","BEV",2,
"WA1H2BFZ8N",2022,"AUDI","Q4","BEV",2,
"WA1ACBGE1N",2022,"AUDI","E-TRON","BEV",2,
"WA1M2BFZ5N",2022,"AUDI","Q4","BEV",2,
"WAUFJBFW2N",2022,"AUDI","E-TRON GT","BEV",2,
"WA1M2BFZ2N",2022,"AUDI","Q4","BEV",2,
"WAUEJBFW1N",2022,"AUDI","E-TRON GT","BEV",2,
"WA1G2BFZ2N",2022,"AUDI","Q4","BEV",2,
"WAUFJBFW1N",2022,"AUDI","E-TRON GT","BEV",2,
"WAUFJBFW0N",2022,"AUDI","E-TRON GT","BEV",2,
"WAUAHBFW0N",2022,"AUDI","RS E-TRON GT","BEV",2,
"WA13CBGE6N",2022,"AUDI","E-TRON SPORTBACK","BEV",2,
"WAUAHBFW8N",2022,"AUDI","RS E-TRON GT","BEV",2,
"WA1J2BFZ0N",2022,"AUDI","Q4","BEV",2,
"WA11AAGE2N",2022,"AUDI","E-TRON SPORTBACK","BEV",2,
"WA11ABGE3N",2022,"AUDI","E-TRON SPORTBACK","BEV",2,
"WA11CBGE3N",2022,"AUDI","E-TRON SPORTBACK","BEV",2,
"WA12AAGE1N",2022,"AUDI","E-TRON SPORTBACK","BEV",2,
"WA132BFZ0N",2022,"AUDI","Q4","BEV",2,
"WA1G2BFZ5N",2022,"AUDI","Q4","BEV",2,
"WA132BFZ1N",2022,"AUDI","Q4","BEV",2,
"WAUCJBFW3N",2022,"AUDI","E-TRON GT","BEV",2,
"WA1AABGE1N",2022,"AUDI","E-TRON","BEV",2,
"WA1M2BFZ9N",2022,"AUDI","Q4","BEV",2,
"WA11AAGEXN",2022,"AUDI","E-TRON SPORTBACK","BEV",2,
"WA12AAGE9N",2022,"AUDI","E-TRON SPORTBACK","BEV",2,
"WA13AAGE0N",2022,"AUDI","E-TRON SPORTBACK","BEV",2,
"WA11CBGE9N",2022,"AUDI","E-TRON SPORTBACK","BEV",2,
"WA1J2BFZ6N",2022,"AUDI","Q4","BEV",2,
"WA132BFZ9N",2022,"AUDI","Q4","BEV",2,
"WA1L2BFZ1N",2022,"AUDI","Q4","BEV",2,
"WA1G2BFZ0N",2022,"AUDI","Q4","BEV",2,
"WAUEJBFW5N",2022,"AUDI","E-TRON GT","BEV",2,
"WA1H2BFZ6N",2022,"AUDI","Q4","BEV",2,
"WA13AAGE2N",2022,"AUDI","E-TRON SPORTBACK","BEV",2,
"WA12ABGE0N",2022,"AUDI","E-TRON SPORTBACK","BEV",2,
"WA11CBGE1N",2022,"AUDI","E-TRON SPORTBACK","BEV",2,
"WA1L2BFZ0N",2022,"AUDI","Q4","BEV",2,
"WA142BFZ9N",2022,"AUDI","Q4","BEV",2,
"WAUEJBFW4N",2022,"AUDI","E-TRON GT","BEV",2,
"WA1J2BFZ5N",2022,"AUDI","Q4","BEV",2,
"WAUDJBFW2N",2022,"AUDI","E-TRON GT","BEV",2,
"WA11AAGE4N",2022,"AUDI","E-TRON SPORTBACK","BEV",2,
"WA1VCBGE4N",2022,"AUDI","E-TRON","BEV",2,
"WAUBHBFW9N",2022,"AUDI","RS E-TRON GT","BEV",2,
"WA11ABGE2N",2022,"AUDI","E-TRON SPORTBACK","BEV",2,
"WA1J2BFZ9N",2022,"AUDI","Q4","BEV",2,
"WAUFJBFWXN",2022,"AUDI","E-TRON GT","BEV",2,
"WA1VCBGEXN",2022,"AUDI","E-TRON","BEV",2,
"WA1L2BFZ4N",2022,"AUDI","Q4","BEV",2,
"WA1LABGE7N",2022,"AUDI","E-TRON","BEV",2,
"WA1AABGE3N",2022,"AUDI","E-TRON","BEV",2,
"WAUAHBFW9N",2022,"AUDI","RS E-TRON GT","BEV",2,
"WA132BFZ3N",2022,"AUDI","Q4","BEV",2,
"WA1LABGE9N",2022,"AUDI","E-TRON","BEV",2,
"WA1ACBGE5N",2022,"AUDI","E-TRON","BEV",2,
"WA11ABGEXN",2022,"AUDI","E-TRON SPORTBACK","BEV",2,
"WA1W2BFZ3N",2022,"AUDI","Q4","BEV",2,
"WA1ACBGE8N",2022,"AUDI","E-TRON","BEV",2,
"WA12ABGE6N",2022,"AUDI","E-TRON SPORTBACK","BEV",2,
"WA1AABGE4N",2022,"AUDI","E-TRON","BEV",2,
"WA1G2BFZ8N",2022,"AUDI","Q4","BEV",2,
"WA132BFZ8N",2022,"AUDI","Q4","BEV",2,
"WA13AAGE1N",2022,"AUDI","E-TRON SPORTBACK","BEV",2,
"WAUBHBFW4N",2022,"AUDI","RS E-TRON GT","BEV",2,
"WA1LABGE6N",2022,"AUDI","E-TRON","BEV",2,
"WAUAHBFWXN",2022,"AUDI","RS E-TRON GT","BEV",2,
"WA11ABGE0N",2022,"AUDI","E-TRON SPORTBACK","BEV",2,
"WA13ABGE7N",2022,"AUDI","E-TRON SPORTBACK","BEV",2,
"WA12AAGE2N",2022,"AUDI","E-TRON SPORTBACK","BEV",2,
"WA13AAGEXN",2022,"AUDI","E-TRON SPORTBACK","BEV",2,
"WAUCJBFW8N",2022,"AUDI","E-TRON GT","BEV",2,
"WA1L2BFZ2N",2022,"AUDI","Q4","BEV",2,
"WA142BFZ0N",2022,"AUDI","Q4","BEV",2,
"WA1AABGE2N",2022,"AUDI","E-TRON","BEV",2,
"7SAYGDEEXT",2026,"TESLA","MODEL Y","BEV",2,
"7SAYGDEE5T",2026,"TESLA","MODEL Y","BEV",2,
"7SAYGDED6T",2026,"TESLA","MODEL Y","BEV",2,
"7SAXCBE6XT",2026,"TESLA","MODEL X","BEV",2,
"7SAYGDED5T",2026,"TESLA","MODEL Y","BEV",2,
"5YJ3E1EAXT",2026,"TESLA","MODEL 3","BEV",2,
"7SAXCBE56T",2026,"TESLA","MODEL X","BEV",2,
"7SAYGDEE0T",2026,"TESLA","MODEL Y","BEV",2,
"7SAYGDEE4T",2026,"TESLA","MODEL Y","BEV",2,
"7SAYGDEE8T",2026,"TESLA","MODEL Y","BEV",2,
"7SAYGDEE9T",2026,"TESLA","MODEL Y","BEV",2,
"7SAYGDEE2T",2026,"TESLA","MODEL Y","BEV",2,
"7SAYGDED9T",2026,"TESLA","MODEL Y","BEV",2,
"7SAYGDED8T",2026,"TESLA","MODEL Y","BEV",2,
"7SAYGDED2T",2026,"TESLA","MODEL Y","BEV",2,
"7SAYGDEDXT",2026,"TESLA","MODEL Y","BEV",2,
"7SAYGDEE6T",2026,"TESLA","MODEL Y","BEV",2,
"7SAXCDE54T",2026,"TESLA","MODEL X","BEV",2,
"7SAYGDEE1T",2026,"TESLA","MODEL Y","BEV",2,
"7SAXCDE52T",2026,"TESLA","MODEL X","BEV",2,
"7SAYGDED7T",2026,"TESLA","MODEL Y","BEV",2,
"7SAYGDEE7T",2026,"TESLA","MODEL Y","BEV",2,
"7SAYGDED1T",2026,"TESLA","MODEL Y","BEV",2,
"7SAXCAE54T",2026,"TESLA","MODEL X","BEV",2,
"5YJ3E1EB2T",2026,"TESLA","MODEL 3","BEV",2,
"7SAYGDEE3T",2026,"TESLA","MODEL Y","BEV",2,
"7SAXCBE62T",2026,"TESLA","MODEL X","BEV",2,
"7G2CEHED6T",2026,"TESLA","CYBERTRUCK","BEV",2,
"7SAXCBE53T",2026,"TESLA","MODEL X","BEV",2,
"5YJSA1E52T",2026,"TESLA","MODEL S","BEV",2,
"7SAXCAE5XT",2026,"TESLA","MODEL X","BEV",2,
"7SAYGDED0T",2026,"TESLA","MODEL Y","BEV",2,
"5YJSA1E64T",2026,"TESLA","MODEL S","BEV",2,
"7SAXCBE59T",2026,"TESLA","MODEL X","BEV",2,
"7SAXCBE61T",2026,"TESLA","MODEL X","BEV",2,
"7SAYGDET5T",2026,"TESLA","MODEL Y","BEV",2,
"7SAYGDED4T",2026,"TESLA","MODEL Y","BEV",2,
"7SAXCDE57T",2026,"TESLA","MODEL X","BEV",2,
"5YJ3E1EA3T",2026,"TESLA","MODEL 3","BEV",2,
"5YJSA1E68T",2026,"TESLA","MODEL S","BEV",2,
"7SAXCDE53T",2026,"TESLA","MODEL X","BEV",2,
"5YJ3E1EA7T",2026,"TESLA","MODEL 3","BEV",2,
"7SAYGDET8T",2026,"TESLA","MODEL Y","BEV",2,
"5YJ3E1EA8T",2026,"TESLA","MODEL 3","BEV",2,
"5YJ3E1EBXT",2026,"TESLA","MODEL 3","BEV",2,
"5YJ3E1EB7T",2026,"TESLA","MODEL 3","BEV",2,
"5YJSA1E59T",2026,"TESLA","MODEL S","BEV",2,
"7SAXCBE66T",2026,"TESLA","MODEL X","BEV",2,
"7SAXCBE55T",2026,"TESLA","MODEL X","BEV",2,
"5YJSA1E66T",2026,"TESLA","MODEL S","BEV",2,
"7SAYGDET7T",2026,"TESLA","MODEL Y","BEV",2,
"7SAYGDED3T",2026,"TESLA","MODEL Y","BEV",2,
"7SAXCAE50T",2026,"TESLA","MODEL X","BEV",2,
"5YJ3E1EA0T",2026,"TESLA","MODEL 3","BEV",2,
"7SAXCBE69T",2026,"TESLA","MODEL X","BEV",2,
"5YJ3E1ET1T",2026,"TESLA","MODEL 3","BEV",2,
"5YJ3E1EA5T",2026,"TESLA","MODEL 3","BEV",2,
"5YJ3E1EA2T",2026,"TESLA","MODEL 3","BEV",2,
"5YJ3E1EA6T",2026,"TESLA","MODEL 3","BEV",2,
"5YJ3E1EB0T",2026,"TESLA","MODEL 3","BEV",2,
"5YJ3E1EB9T",2026,"TESLA","MODEL 3","BEV",2,
"7SAXCBE5XT",2026,"TESLA","MODEL X","BEV",2,
"7SAYGDET1T",2026,"TESLA","MODEL Y","BEV",2,
"5YJ3E1EB3T",2026,"TESLA","MODEL 3","BEV",2,
"7SAXCBE50T",2026,"TESLA","MODEL X","BEV",2,
"5YJ3E1EA1T",2026,"TESLA","MODEL 3","BEV",2,
"7SAYGDET2T",2026,"TESLA","MODEL Y","BEV",2,
"7SAXCDE55T",2026,"TESLA","MODEL X","BEV",2,
"7G2CEHEE7T",2026,"TESLA","CYBERTRUCK","BEV",2,
"5YJSA1E5XT",2026,"TESLA","MODEL S","BEV",2,
"7SAYGDET0T",2026,"TESLA","MODEL Y","BEV",2,
"5YJSA1E55T",2026,"TESLA","MODEL S","BEV",2,
"7SAXCAE57T",2026,"TESLA","MODEL X","BEV",2,
"7SAXCBE67T",2026,"TESLA","MODEL X","BEV",2,
"7SAXCBE57T",2026,"TESLA","MODEL X","BEV",2,
"5YJSA1E51T",2026,"TESLA","MODEL S","BEV",2,
"7SAXCDE59T",2026,"TESLA","MODEL X","BEV",2,
"7G2CEHEDXT",2026,"TESLA","CYBERTRUCK","BEV",2,
"5YJSA1E56T",2026,"TESLA","MODEL S","BEV",2,
"5YJ3E1ET8T",2026,"TESLA","MODEL 3","BEV",2,
"7G2CEHED7T",2026,"TESLA","CYBERTRUCK","BEV",2,
"7SAYGDETXT",2026,"TESLA","MODEL Y","BEV",2,
"5YJ3E1EA9T",2026,"TESLA","MODEL 3","BEV",2,
"5YJ3E1EA4T",2026,"TESLA","MODEL 3","BEV",2,
"5YJ3E1EB8T",2026,"TESLA","MODEL 3","BEV",2,
"5YJ3E1EB1T",2026,"TESLA","MODEL 3","BEV",2,
"5YJ3E1EB5T",2026,"TESLA","MODEL 3","BEV",2,
"7G2CEHED4T",2026,"TESLA","CYBERTRUCK","BEV",2,
"7SAYGDET3T",2026,"TESLA","MODEL Y","BEV",2,
"7G2CEHED1T",2026,"TESLA","CYBERTRUCK","BEV",2,
"7SAXCDE5XT",2026,"TESLA","MODEL X","BEV",2,
"5YJSA1E69T",2026,"TESLA","MODEL S","BEV",2,
"5YJSA1E62T",2026,"TESLA","MODEL S","BEV",2,
"7SAXCAE52T",2026,"TESLA","MODEL X","BEV",2,
"7G2CEHED2T",2026,"TESLA","CYBERTRUCK","BEV",2,
"7SAXCDE56T",2026,"TESLA","MODEL X","BEV",2,
"5YJ3E1EB6T",2026,"TESLA","MODEL 3","BEV",2,
"7SAXCBE51T",2026,"TESLA","MODEL X","BEV",2,
"5YJSA1E58T",2026,"TESLA","MODEL S","BEV",2,
"5YJSA1E67T",2026,"TESLA","MODEL S","BEV",2,
"5YJ3E1ETXT",2026,"TESLA","MODEL 3","BEV",2,
"7SAXCBE52T",2026,"TESLA","MODEL X","BEV",2,
"5YJSA1E60T",2026,"TESLA","MODEL S","BEV",2,
"7SAYGDET4T",2026,"TESLA","MODEL Y","BEV",2,
"5YJ3E1ET3T",2026,"TESLA","MODEL 3","BEV",2,
"7SAXCBE58T",2026,"TESLA","MODEL X","BEV",2,
"7SAXCBE63T",2026,"TESLA","MODEL X","BEV",2,
"5YJ3E1ET5T",2026,"TESLA","MODEL 3","BEV",2,
"7SAXCBE54T",2026,"TESLA","MODEL X","BEV",2,
"7SAXCDE51T",2026,"TESLA","MODEL X","BEV",2,
"7SAXCBE68T",2026,"TESLA","MODEL X","BEV",2,
"5YJSA1E6XT",2026,"TESLA","MODEL S","BEV",2,
"5YJ3E1EB4T",2026,"TESLA","MODEL 3","BEV",2,
"5YJSA1E54T",2026,"TESLA","MODEL S","BEV",2,
"7G2CEHED9T",2026,"TESLA","CYBERTRUCK","BEV",2,
"5YJ3E1ET4T",2026,"TESLA","MODEL 3","BEV",2,
"7G2CEHED5T",2026,"TESLA","CYBERTRUCK","BEV",2,
"5YJSA1E57T",2026,"TESLA","MODEL S","BEV",2,
"7SAXCAE55T",2026,"TESLA","MODEL X","BEV",2,
"7SAXCAE59T",2026,"TESLA","MODEL X","BEV",2,
"7SAXCDE50T",2026,"TESLA","MODEL X","BEV",2,
"7G2CEHEE4T",2026,"TESLA","CYBERTRUCK","BEV",2,
"7SAXCBE60T",2026,"TESLA","MODEL X","BEV",2,
"7G2CEGEC5T",2026,"TESLA","CYBERTRUCK","BEV",2,
"7SAXCBE65T",2026,"TESLA","MODEL X","BEV",2,
"5YJSA1E65T",2026,"TESLA","MODEL S","BEV",2,
"5YJ3E1ET6T",2026,"TESLA","MODEL 3","BEV",2,
"7SAXCAE58T",2026,"TESLA","MODEL X","BEV",2,
"7SAXCAE56T",2026,"TESLA","MODEL X","BEV",2,
"5YJSA1E53T",2026,"TESLA","MODEL S","BEV",2,
"7SAYGDET9T",2026,"TESLA","MODEL Y","BEV",2,
"5YJSA1E61T",2026,"TESLA","MODEL S","BEV",2,
"7SAXCDE58T",2026,"TESLA","MODEL X","BEV",2,
"5YJ3E1ET9T",2026,"TESLA","MODEL 3","BEV",2,
"7SAXCAE51T",2026,"TESLA","MODEL X","BEV",2,
"7SAYGDET6T",2026,"TESLA","MODEL Y","BEV",2,
"7SAXCAE53T",2026,"TESLA","MODEL X","BEV",2,
"7G2CEHED8T",2026,"TESLA","CYBERTRUCK","BEV",2,
"5YJSA1E50T",2026,"TESLA","MODEL S","BEV",2,
"7G2CEGEC7T",2026,"TESLA","CYBERTRUCK","BEV",2,
"5YJ3E1ET2T",2026,"TESLA","MODEL 3","BEV",2,
"7G2CEHED3T",2026,"TESLA","CYBERTRUCK","BEV",2,
"7SAXCBE64T",2026,"TESLA","MODEL X","BEV",2,
"5YJ3E1ET0T",2026,"TESLA","MODEL 3","BEV",2,
"7G2CEHED0T",2026,"TESLA","CYBERTRUCK","BEV",2,
"5YJ3E1ET7T",2026,"TESLA","MODEL 3","BEV",2,
"7G2CEHEE1T",2026,"TESLA","CYBERTRUCK","BEV",2,
"1GYC3KML9T",2026,"CADILLAC","VISTIQ","BEV",2,
"1GYC3KML5T",2026,"CADILLAC","VISTIQ","BEV",2,
"1GYC3KMLXT",2026,"CADILLAC","VISTIQ","BEV",2,
"1GYC3KML7T",2026,"CADILLAC","VISTIQ","BEV",2,
"3GYK3GM41T",2026,"CADILLAC","OPTIQ","BEV",2,
"1GYC3NML0T",2026,"CADILLAC","VISTIQ","BEV",2,
"1GYC3MML8T",2026,"CADILLAC","VISTIQ","BEV",2,
"1GYC3NML7T",2026,"CADILLAC","VISTIQ","BEV",2,
"1GYC3NML9T",2026,"CADILLAC","VISTIQ","BEV",2,
"1GYC3MML0T",2026,"CADILLAC","VISTIQ","BEV",2,
"1GYC3NML4T",2026,"CADILLAC","VISTIQ","BEV",2,
"1GYC3NML5T",2026,"CADILLAC","VISTIQ","BEV",2,
"1GYC3KML1T",2026,"CADILLAC","VISTIQ","BEV",2,
"1GYC3NML3T",2026,"CADILLAC","VISTIQ","BEV",2,
"1GYC3KML0T",2026,"CADILLAC","VISTIQ","BEV",2,
"1GYC3NML8T",2026,"CADILLAC","VISTIQ","BEV",2,
"3GYK3DM49T",2026,"CADILLAC","OPTIQ","BEV",2,
"3GYK3BM47T",2026,"CADILLAC","OPTIQ","BEV",2,
"1GYC3KML6T",2026,"CADILLAC","VISTIQ","BEV",2,
"3GYK3BM4XT",2026,"CADILLAC","OPTIQ","BEV",2,
"1GYC3MML4T",2026,"CADILLAC","VISTIQ","BEV",2,
"3GYK3GM49T",2026,"CADILLAC","OPTIQ","BEV",2,
"3GYK3BM45T",2026,"CADILLAC","OPTIQ","BEV",2,
"1GYC3KML4T",2026,"CADILLAC","VISTIQ","BEV",2,
"3GYK3BM49T",2026,"CADILLAC","OPTIQ","BEV",2,
"3GYK3EM44T",2026,"CADILLAC","OPTIQ","BEV",2,
"1GYC3KML2T",2026,"CADILLAC","VISTIQ","BEV",2,
"3GYK3EM40T",2026,"CADILLAC","OPTIQ","BEV",2,
"1GYC3RML9T",2026,"CADILLAC","VISTIQ","BEV",2,
"3GYK3BM41T",2026,"CADILLAC","OPTIQ","BEV",2,
"3GYK3GM45T",2026,"CADILLAC","OPTIQ","BEV",2,
"1GYC3NML1T",2026,"CADILLAC","VISTIQ","BEV",2,
"3GYK3DM42T",2026,"CADILLAC","OPTIQ","BEV",2,
"1GYC3MML6T",2026,"CADILLAC","VISTIQ","BEV",2,
"1GYC3RML1T",2026,"CADILLAC","VISTIQ","BEV",2,
"3GYK3EM49T",2026,"CADILLAC","OPTIQ","BEV",2,
"3GYK3BM40T",2026,"CADILLAC","OPTIQ","BEV",2,
"1GYC3MML3T",2026,"CADILLAC","VISTIQ","BEV",2,
"3GYK3DM43T",2026,"CADILLAC","OPTIQ","BEV",2,
"3GYK3EM43T",2026,"CADILLAC","OPTIQ","BEV",2,
"3GYK3EM45T",2026,"CADILLAC","OPTIQ","BEV",2,
"3GYK3EM46T",2026,"CADILLAC","OPTIQ","BEV",2,
"1GYC3RML6T",2026,"CADILLAC","VISTIQ","BEV",2,
"3GYK3GM40T",2026,"CADILLAC","OPTIQ","BEV",2,
"3GYK3GM4XT",2026,"CADILLAC","OPTIQ","BEV",2,
"1GYC3NMLXT",2026,"CADILLAC","VISTIQ","BEV",2,
"1GYC3RML5T",2026,"CADILLAC","VISTIQ","BEV",2,
"3GYK3DM47T",2026,"CADILLAC","OPTIQ","BEV",2,
"1GYC3RML3T",2026,"CADILLAC","VISTIQ","BEV",2,
"3GYK3EM42T",2026,"CADILLAC","OPTIQ","BEV",2,
"1GYC3MML9T",2026,"CADILLAC","VISTIQ","BEV",2,
"1GYC3RML2T",2026,"CADILLAC","VISTIQ","BEV",2,
"1GYC3NML6T",2026,"CADILLAC","VISTIQ","BEV",2,
"3GYK3EM47T",2026,"CADILLAC","OPTIQ","BEV",2,
"1GYC3KML8T",2026,"CADILLAC","VISTIQ","BEV",2,
"3GYK3GM47T",2026,"CADILLAC","OPTIQ","BEV",2,
"1GYC3NML2T",2026,"CADILLAC","VISTIQ","BEV",2,
"1GYC3MML2T",2026,"CADILLAC","VISTIQ","BEV",2,
"3GYK3DM46T",2026,"CADILLAC","OPTIQ","BEV",2,
"3GYK3BM51T",2026,"CADILLAC","OPTIQ","BEV",2,
"3GYK3BM42T",2026,"CADILLAC","OPTIQ","BEV",2,
"1GYC3RML7T",2026,"CADILLAC","VISTIQ","BEV",2,
"3GYK3DM48T",2026,"CADILLAC","OPTIQ","BEV",2,
"3GYK3BM43T",2026,"CADILLAC","OPTIQ","BEV",2,
"3GYK3EM41T",2026,"CADILLAC","OPTIQ","BEV",2,
"1GYC3RML4T",2026,"CADILLAC","VISTIQ","BEV",2,
"3GYK3BM44T",2026,"CADILLAC","OPTIQ","BEV",2,
"3GYK3GM44T",2026,"CADILLAC","OPTIQ","BEV",2,
"3GYK3BM48T",2026,"CADILLAC","OPTIQ","BEV",2,
"3GYK3EM4XT",2026,"CADILLAC","OPTIQ","BEV",2,
"1GYC3KML3T",2026,"CADILLAC","VISTIQ","BEV",2,
"3GYK3DM40T",2026,"CADILLAC","OPTIQ","BEV",2,
"3GYK3GM54T",2026,"CADILLAC","OPTIQ","BEV",2,
"1GYC3MML5T",2026,"CADILLAC","VISTIQ","BEV",2,
"3GYK3GM59T",2026,"CADILLAC","OPTIQ","BEV",2,
"1GYC3MML1T",2026,"CADILLAC","VISTIQ","BEV",2,
"3GYK3GM46T",2026,"CADILLAC","OPTIQ","BEV",2,
"3GYK3EM48T",2026,"CADILLAC","OPTIQ","BEV",2,
"1GYC3MML7T",2026,"CADILLAC","VISTIQ","BEV",2,
"3GYK3BM59T",2026,"CADILLAC","OPTIQ","BEV",2,
"1GYC3RMLXT",2026,"CADILLAC","VISTIQ","BEV",2,
"3GYK3DM41T",2026,"CADILLAC","OPTIQ","BEV",2,
"1GYXP3RL0T",2026,"CADILLAC","LYRIQ","BEV",2,
"1GYKPURL5T",2026,"CADILLAC","LYRIQ","BEV",2,
"1GYKPNRL2T",2026,"CADILLAC","LYRIQ","BEV",2,
"1GYXP3RL6T",2026,"CADILLAC","LYRIQ","BEV",2,
"1GYXPZRL9T",2026,"CADILLAC","LYRIQ","BEV",2,
"1GYKPNRL7T",2026,"CADILLAC","LYRIQ","BEV",2,
"1GYKPURLXT",2026,"CADILLAC","LYRIQ","BEV",2,
"1GYKPRRL2T",2026,"CADILLAC","LYRIQ","BEV",2,
"1GYXPZRL4T",2026,"CADILLAC","LYRIQ","BEV",2,
"1GYKPURL8T",2026,"CADILLAC","LYRIQ","BEV",2,
"1GYKPWRL4T",2026,"CADILLAC","LYRIQ","BEV",2,
"1GYKPNRL0T",2026,"CADILLAC","LYRIQ","BEV",2,
"1GYKPURL0T",2026,"CADILLAC","LYRIQ","BEV",2,
"1GYKPNRL8T",2026,"CADILLAC","LYRIQ","BEV",2,
"1GYKPWRL6T",2026,"CADILLAC","LYRIQ","BEV",2,
"1GYKPNRL3T",2026,"CADILLAC","LYRIQ","BEV",2,
"1GYKPNRK7T",2026,"CADILLAC","LYRIQ","BEV",2,
"1GYXP3RLXT",2026,"CADILLAC","LYRIQ","BEV",2,
"1GYKPWRL9T",2026,"CADILLAC","LYRIQ","BEV",2,
"1GYXP3RL9T",2026,"CADILLAC","LYRIQ","BEV",2,
"1GYKPURL2T",2026,"CADILLAC","LYRIQ","BEV",2,
"1GYKPNRL1T",2026,"CADILLAC","LYRIQ","BEV",2,
"1GYXP3RL7T",2026,"CADILLAC","LYRIQ","BEV",2,
"1GYKPRRL0T",2026,"CADILLAC","LYRIQ","BEV",2,
"1GYXP3RL4T",2026,"CADILLAC","LYRIQ","BEV",2,
"1GYKPWRL1T",2026,"CADILLAC","LYRIQ","BEV",2,
"1GYXPZRL1T",2026,"CADILLAC","LYRIQ","BEV",2,
"1GYKPYRL0T",2026,"CADILLAC","LYRIQ","BEV",2,
"1GYKPNRLXT",2026,"CADILLAC","LYRIQ","BEV",2,
"1GYKPRRL5T",2026,"CADILLAC","LYRIQ","BEV",2,
"1GYKPRRLXT",2026,"CADILLAC","LYRIQ","BEV",2,
"1GYXPZRL6T",2026,"CADILLAC","LYRIQ","BEV",2,
"1GYKPWRL7T",2026,"CADILLAC","LYRIQ","BEV",2,
"1GYKPURL4T",2026,"CADILLAC","LYRIQ","BEV",2,
"1GYXPZRL2T",2026,"CADILLAC","LYRIQ","BEV",2,
"1GYKPNRK4T",2026,"CADILLAC","LYRIQ","BEV",2,
"1GYKPRRL6T",2026,"CADILLAC","LYRIQ","BEV",2,
"1GYKPURL6T",2026,"CADILLAC","LYRIQ","BEV",2,
"1GYKPURL1T",2026,"CADILLAC","LYRIQ","BEV",2,
"1GYKPRRL1T",2026,"CADILLAC","LYRIQ","BEV",2,
"1GYKPTRL1T",2026,"CADILLAC","LYRIQ","BEV",2,
"1GYKPRRL8T",2026,"CADILLAC","LYRIQ","BEV",2,
"1GYKPRRL4T",2026,"CADILLAC","LYRIQ","BEV",2,
"1GYKPNRK0T",2026,"CADILLAC","LYRIQ","BEV",2,
"1GYKPURL7T",2026,"CADILLAC","LYRIQ","BEV",2,
"1GYKPTRL2T",2026,"CADILLAC","LYRIQ","BEV",2,
"1GYXP3RL3T",2026,"CADILLAC","LYRIQ","BEV",2,
"1GYKPURL3T",2026,"CADILLAC","LYRIQ","BEV",2,
"1GYKPWRL2T",2026,"CADILLAC","LYRIQ","BEV",2,
"1GYKPTRL5T",2026,"CADILLAC","LYRIQ","BEV",2,
"1GYKPNRK9T",2026,"CADILLAC","LYRIQ","BEV",2,
"1GYXP3RL5T",2026,"CADILLAC","LYRIQ","BEV",2,
"1GYKPWRL3T",2026,"CADILLAC","LYRIQ","BEV",2,
"1GYKPWRL8T",2026,"CADILLAC","LYRIQ","BEV",2,
"1GYKPNRL6T",2026,"CADILLAC","LYRIQ","BEV",2,
"1GYKPYRL3T",2026,"CADILLAC","LYRIQ","BEV",2,
"1GYXPZRL3T",2026,"CADILLAC","LYRIQ","BEV",2,
"1GYKPNRL5T",2026,"CADILLAC","LYRIQ","BEV",2,
"1GYXP3RL1T",2026,"CADILLAC","LYRIQ","BEV",2,
"1GYKPYRL6T",2026,"CADILLAC","LYRIQ","BEV",2,
"1GYKPURL9T",2026,"CADILLAC","LYRIQ","BEV",2,
"1GYXPZRL8T",2026,"CADILLAC","LYRIQ","BEV",2,
"1GYXP3RL2T",2026,"CADILLAC","LYRIQ","BEV",2,
"1GYKPYRL8T",2026,"CADILLAC","LYRIQ","BEV",2,
"7PDSGGBA8T",2026,"RIVIAN","R1S","BEV",2,
"7PDSGFBA3T",2026,"RIVIAN","R1S","BEV",2,
"7PDSGCBA9T",2026,"RIVIAN","R1S","BEV",2,
"7PDSGBBP9T",2026,"RIVIAN","R1S","BEV",2,
"7PDSGCBAXT",2026,"RIVIAN","R1S","BEV",2,
"7PDSGBBP3T",2026,"RIVIAN","R1S","BEV",2,
"7PDSGCBA8T",2026,"RIVIAN","R1S","BEV",2,
"7PDSGCBA5T",2026,"RIVIAN","R1S","BEV",2,
"7PDSGCBA4T",2026,"RIVIAN","R1S","BEV",2,
"7PDSGABP6T",2026,"RIVIAN","R1S","BEV",2,
"7PDSGBBP1T",2026,"RIVIAN","R1S","BEV",2,
"7FCTGFAA2T",2026,"RIVIAN","R1T","BEV",2,
"7FCTGBAP0T",2026,"RIVIAN","R1T","BEV",2,
"7PDSGABP0T",2026,"RIVIAN","R1S","BEV",2,
"7PDSGCBA0T",2026,"RIVIAN","R1S","BEV",2,
"7PDSGGBA5T",2026,"RIVIAN","R1S","BEV",2,
"7PDSGFBA4T",2026,"RIVIAN","R1S","BEV",2,
"7FCTGBAPXT",2026,"RIVIAN","R1T","BEV",2,
"7PDSGBBP2T",2026,"RIVIAN","R1S","BEV",2,
"7FCTGFAA4T",2026,"RIVIAN","R1T","BEV",2,
"7FCTGCAA7T",2026,"RIVIAN","R1T","BEV",2,
"7PDSGABP8T",2026,"RIVIAN","R1S","BEV",2,
"7PDSGBBP4T",2026,"RIVIAN","R1S","BEV",2,
"7PDSGGBA4T",2026,"RIVIAN","R1S","BEV",2,
"7PDSGBBP7T",2026,"RIVIAN","R1S","BEV",2,
"7PDSGGBAXT",2026,"RIVIAN","R1S","BEV",2,
"7FCTGBAP8T",2026,"RIVIAN","R1T","BEV",2,
"7PDSGCBA1T",2026,"RIVIAN","R1S","BEV",2,
"7PDSGCBA3T",2026,"RIVIAN","R1S","BEV",2,
"7FCTGGAA9T",2026,"RIVIAN","R1T","BEV",2,
"7PDSGGBA3T",2026,"RIVIAN","R1S","BEV",2,
"7PDSGABP4T",2026,"RIVIAN","R1S","BEV",2,
"7PDSGFBAXT",2026,"RIVIAN","R1S","BEV",2,
"7PDSGCBA7T",2026,"RIVIAN","R1S","BEV",2,
"7FCTGCAA0T",2026,"RIVIAN","R1T","BEV",2,
"7PDSGFBA5T",2026,"RIVIAN","R1S","BEV",2,
"7PDSGFBA9T",2026,"RIVIAN","R1S","BEV",2,
"7PDSGFBA0T",2026,"RIVIAN","R1S","BEV",2,
"7PDSGBBP8T",2026,"RIVIAN","R1S","BEV",2,
"7FCTGBAP4T",2026,"RIVIAN","R1T","BEV",2,
"7PDSGGBA9T",2026,"RIVIAN","R1S","BEV",2,
"7FCTGCAA1T",2026,"RIVIAN","R1T","BEV",2,
"7PDSGBBPXT",2026,"RIVIAN","R1S","BEV",2,
"7PDSGBBP6T",2026,"RIVIAN","R1S","BEV",2,
"7FCTGFAA6T",2026,"RIVIAN","R1T","BEV",2,
"7FCTGAAP2T",2026,"RIVIAN","R1T","BEV",2,
"7PDSGCBA6T",2026,"RIVIAN","R1S","BEV",2,
"7PDSGGBA1T",2026,"RIVIAN","R1S","BEV",2,
"7PDSGGBA2T",2026,"RIVIAN","R1S","BEV",2,
"7FCTGGAA4T",2026,"RIVIAN","R1T","BEV",2,
"7PDSGFBA7T",2026,"RIVIAN","R1S","BEV",2,
"7PDSGGBA6T",2026,"RIVIAN","R1S","BEV",2,
"7FCTGCAAXT",2026,"RIVIAN","R1T","BEV",2,
"7PDSGFBA1T",2026,"RIVIAN","R1S","BEV",2,
"7PDSGFBA2T",2026,"RIVIAN","R1S","BEV",2,
"7FCTGCAA5T",2026,"RIVIAN","R1T","BEV",2,
"7PDSGGBA7T",2026,"RIVIAN","R1S","BEV",2,
"7FCTGCAA3T",2026,"RIVIAN","R1T","BEV",2,
"7FCTGCAA8T",2026,"RIVIAN","R1T","BEV",2,
"7PDSGBBP5T",2026,"RIVIAN","R1S","BEV",2,
"7PDSGCBA2T",2026,"RIVIAN","R1S","BEV",2,
"7PDSGGBA0T",2026,"RIVIAN","R1S","BEV",2,
"7PDSGABP2T",2026,"RIVIAN","R1S","BEV",2,
"7FCTGGAA5T",2026,"RIVIAN","R1T","BEV",2,
"7FCTGAAP5T",2026,"RIVIAN","R1T","BEV",2,
"7PDSGFBA6T",2026,"RIVIAN","R1S","BEV",2,
"7FCTGBAP1T",2026,"RIVIAN","R1T","BEV",2,
"7PDSGBBP0T",2026,"RIVIAN","R1S","BEV",2,
"7FCTGAAP9T",2026,"RIVIAN","R1T","BEV",2,
"7FCTGBAP7T",2026,"RIVIAN","R1T","BEV",2,
"7PDSGFBA8T",2026,"RIVIAN","R1S","BEV",2,
"7FCTGGAA6T",2026,"RIVIAN","R1T","BEV",2,
"7FCTGBAP6T",2026,"RIVIAN","R1T","BEV",2,
"7FCTGCAA2T",2026,"RIVIAN","R1T","BEV",2,
"7FCTGBAP2T",2026,"RIVIAN","R1T","BEV",2,
"7PDSGABP9T",2026,"RIVIAN","R1S","BEV",2,
"7PDSGABP7T",2026,"RIVIAN","R1S","BEV",2,
"7FCTGFAA0T",2026,"RIVIAN","R1T","BEV",2,
"7FCTGAAP7T",2026,"RIVIAN","R1T","BEV",2,
"7FCTGAAP6T",2026,"RIVIAN","R1T","BEV",2,
"7PDSGABPXT",2026,"RIVIAN","R1S","BEV",2,
"7FCTGBAP9T",2026,"RIVIAN","R1T","BEV",2,
"7FCTGCAA6T",2026,"RIVIAN","R1T","BEV",2,
"7FCTGFAAXT",2026,"RIVIAN","R1T","BEV",2,
"7FCTGGAA2T",2026,"RIVIAN","R1T","BEV",2,
"7FCTGCAA4T",2026,"RIVIAN","R1T","BEV",2,
"7FCTGAAP0T",2026,"RIVIAN","R1T","BEV",2,
"7FCTGGAA1T",2026,"RIVIAN","R1T","BEV",2,
"7FCTGFAA7T",2026,"RIVIAN","R1T","BEV",2,
"7FCTGGAA3T",2026,"RIVIAN","R1T","BEV",2,
"7FCTGAAP3T",2026,"RIVIAN","R1T","BEV",2,
"7FCTGAAPXT",2026,"RIVIAN","R1T","BEV",2,
"7FCTGGAA8T",2026,"RIVIAN","R1T","BEV",2,
"7FCTGFAA5T",2026,"RIVIAN","R1T","BEV",2,
"7FCTGBAP3T",2026,"RIVIAN","R1T","BEV",2,
"7FCTGAAP8T",2026,"RIVIAN","R1T","BEV",2,
"7FCTGFAA3T",2026,"RIVIAN","R1T","BEV",2,
"7FCTGAAP4T",2026,"RIVIAN","R1T","BEV",2,
"7FCTGCAA9T",2026,"RIVIAN","R1T","BEV",2,
"7FCTGGAAXT",2026,"RIVIAN","R1T","BEV",2,
"7FCTGFAA8T",2026,"RIVIAN","R1T","BEV",2,
"7FCTGFAA9T",2026,"RIVIAN","R1T","BEV",2,
"7YAKRDDC5T",2026,"HYUNDAI","IONIQ 5","BEV",2,
"7YAKRDDC1T",2026,"HYUNDAI","IONIQ 5","BEV",2,
"7YAMWFS50T",2026,"HYUNDAI","IONIQ 9","BEV",2,
"7YAMUFS30T",2026,"HYUNDAI","IONIQ 9","BEV",2,
"7YAMTFS38T",2026,"HYUNDAI","IONIQ 9","BEV",2,
"7YAMYFS50T",2026,"HYUNDAI","IONIQ 9","BEV",2,
"7YAMWFS51T",2026,"HYUNDAI","IONIQ 9","BEV",2,
"7YAMUFS37T",2026,"HYUNDAI","IONIQ 9","BEV",2,
"7YAKRDDC0T",2026,"HYUNDAI","IONIQ 5","BEV",2,
"7YAKRDDC7T",2026,"HYUNDAI","IONIQ 5","BEV",2,
"7YAKRDDC2T",2026,"HYUNDAI","IONIQ 5","BEV",2,
"7YAKRDDC3T",2026,"HYUNDAI","IONIQ 5","BEV",2,
"7YAMUFS35T",2026,"HYUNDAI","IONIQ 9","BEV",2,
"7YAKNDDC9T",2026,"HYUNDAI","IONIQ 5","BEV",2,
"7YAKRDDC4T",2026,"HYUNDAI","IONIQ 5","BEV",2,
"7YAKRDDC8T",2026,"HYUNDAI","IONIQ 5","BEV",2,
"7YAMWFS55T",2026,"HYUNDAI","IONIQ 9","BEV",2,
"7YAKNDDC0T",2026,"HYUNDAI","IONIQ 5","BEV",2,
"7YAKNDDC7T",2026,"HYUNDAI","IONIQ 5","BEV",2,
"7YAMWFS52T",2026,"HYUNDAI","IONIQ 9","BEV",2,
"7YAMUFS36T",2026,"HYUNDAI","IONIQ 9","BEV",2,
"7YAMYFS5XT",2026,"HYUNDAI","IONIQ 9","BEV",2,
"7YAMYFS54T",2026,"HYUNDAI","IONIQ 9","BEV",2,
"7YAMYFS57T",2026,"HYUNDAI","IONIQ 9","BEV",2,
"7YAMUFS39T",2026,"HYUNDAI","IONIQ 9","BEV",2,
"7YAKM4DA5T",2026,"HYUNDAI","IONIQ 5","BEV",2,
"7YAMWFS56T",2026,"HYUNDAI","IONIQ 9","BEV",2,
"7YAKRDDC6T",2026,"HYUNDAI","IONIQ 5","BEV",2,
"7YAMUFS34T",2026,"HYUNDAI","IONIQ 9","BEV",2,
"7YAKRDDCXT",2026,"HYUNDAI","IONIQ 5","BEV",2,
"7YAKM4DB5T",2026,"HYUNDAI","IONIQ 5","BEV",2,
"7YAKR4DA5T",2026,"HYUNDAI","IONIQ 5","BEV",2,
"7YAMYFS55T",2026,"HYUNDAI","IONIQ 9","BEV",2,
"7YAMWFS57T",2026,"HYUNDAI","IONIQ 9","BEV",2,
"7YAKNDDC6T",2026,"HYUNDAI","IONIQ 5","BEV",2,
"7YAMWFS58T",2026,"HYUNDAI","IONIQ 9","BEV",2,
"7YAMYFS59T",2026,"HYUNDAI","IONIQ 9","BEV",2,
"7YAKRDDC9T",2026,"HYUNDAI","IONIQ 5","BEV",2,
"7YAMYFS58T",2026,"HYUNDAI","IONIQ 9","BEV",2,
"7YAKNDDCXT",2026,"HYUNDAI","IONIQ 5","BEV",2,
"7YAKN4DA3T",2026,"HYUNDAI","IONIQ 5","BEV",2,
"7YAMUFS32T",2026,"HYUNDAI","IONIQ 9","BEV",2,
"7YAKNDDC1T",2026,"HYUNDAI","IONIQ 5","BEV",2,
"7YAMYFS52T",2026,"HYUNDAI","IONIQ 9","BEV",2,
"7YAMUFS3XT",2026,"HYUNDAI","IONIQ 9","BEV",2,
"7YAMWFS5XT",2026,"HYUNDAI","IONIQ 9","BEV",2,
"7YAMUFS31T",2026,"HYUNDAI","IONIQ 9","BEV",2,
"7YAKR4DA8T",2026,"HYUNDAI","IONIQ 5","BEV",2,
"7YAMS5S16T",2026,"HYUNDAI","IONIQ 9","BEV",2,
"7YAKM4DBXT",2026,"HYUNDAI","IONIQ 5","BEV",2,
"7YAMYFS53T",2026,"HYUNDAI","IONIQ 9","BEV",2,
"7YAKPDDC4T",2026,"HYUNDAI","IONIQ 5","BEV",2,
"7YAMYFS51T",2026,"HYUNDAI","IONIQ 9","BEV",2,
"7YAMUFS38T",2026,"HYUNDAI","IONIQ 9","BEV",2,
"7YAMUFS33T",2026,"HYUNDAI","IONIQ 9","BEV",2,
"7YAMWFS54T",2026,"HYUNDAI","IONIQ 9","BEV",2,
"7YAKNDDC5T",2026,"HYUNDAI","IONIQ 5","BEV",2,
"7YAKMDDC6T",2026,"HYUNDAI","IONIQ 5","BEV",2,
"7YAKNDDC3T",2026,"HYUNDAI","IONIQ 5","BEV",2,
"7YAKNDDC8T",2026,"HYUNDAI","IONIQ 5","BEV",2,
"7YAMWFS53T",2026,"HYUNDAI","IONIQ 9","BEV",2,
"7YAKN4DA6T",2026,"HYUNDAI","IONIQ 5","BEV",2,
"7YAKR4DA7T",2026,"HYUNDAI","IONIQ 5","BEV",2,
"7YAMS5S12T",2026,"HYUNDAI","IONIQ 9","BEV",2,
"7YAMWFS59T",2026,"HYUNDAI","IONIQ 9","BEV",2,
"7YAKPDDC7T",2026,"HYUNDAI","IONIQ 5","BEV",2,
"7YAMTFS32T",2026,"HYUNDAI","IONIQ 9","BEV",2,
"7YAMTFS39T",2026,"HYUNDAI","IONIQ 9","BEV",2,
"7YAKR4DA2T",2026,"HYUNDAI","IONIQ 5","BEV",2,
"7YAMTFS30T",2026,"HYUNDAI","IONIQ 9","BEV",2,
"7YAKMDDC8T",2026,"HYUNDAI","IONIQ 5","BEV",2,
"7YAMTFS35T",2026,"HYUNDAI","IONIQ 9","BEV",2,
"7YAMS5S17T",2026,"HYUNDAI","IONIQ 9","BEV",2,
"7YAKN4DA8T",2026,"HYUNDAI","IONIQ 5","BEV",2,
"7YAMTFS37T",2026,"HYUNDAI","IONIQ 9","BEV",2,
"7YAKM4DB6T",2026,"HYUNDAI","IONIQ 5","BEV",2,
"7YAKNDDC4T",2026,"HYUNDAI","IONIQ 5","BEV",2,
"7YAKN4DAXT",2026,"HYUNDAI","IONIQ 5","BEV",2,
"7YAKMDDC3T",2026,"HYUNDAI","IONIQ 5","BEV",2,
"7YAKR4DAXT",2026,"HYUNDAI","IONIQ 5","BEV",2,
"7YAMTFS33T",2026,"HYUNDAI","IONIQ 9","BEV",2,
"7YAKM4DB9T",2026,"HYUNDAI","IONIQ 5","BEV",2,
"7YAMYFS56T",2026,"HYUNDAI","IONIQ 9","BEV",2,
"7YAKM4DA9T",2026,"HYUNDAI","IONIQ 5","BEV",2,
"7YAKMDDC2T",2026,"HYUNDAI","IONIQ 5","BEV",2,
"7YAKR4DA4T",2026,"HYUNDAI","IONIQ 5","BEV",2,
"7YAMTFS34T",2026,"HYUNDAI","IONIQ 9","BEV",2,
"7YAKR4DA3T",2026,"HYUNDAI","IONIQ 5","BEV",2,
"7YAKM4DA3T",2026,"HYUNDAI","IONIQ 5","BEV",2,
"7YAKMDDC5T",2026,"HYUNDAI","IONIQ 5","BEV",2,
"7YAKM4DB1T",2026,"HYUNDAI","IONIQ 5","BEV",2,
"7YAKPDDC6T",2026,"HYUNDAI","IONIQ 5","BEV",2,
"7YAKMDDC7T",2026,"HYUNDAI","IONIQ 5","BEV",2,
"7YAKN4DA2T",2026,"HYUNDAI","IONIQ 5","BEV",2,
"7YAKN4DA4T",2026,"HYUNDAI","IONIQ 5","BEV",2,
"7YAKM4DB3T",2026,"HYUNDAI","IONIQ 5","BEV",2,
"7YAMS5S18T",2026,"HYUNDAI","IONIQ 9","BEV",2,
"7YAKM4DA8T",2026,"HYUNDAI","IONIQ 5","BEV",2,
"7YAKM4DB4T",2026,"HYUNDAI","IONIQ 5","BEV",2,
"3GN7DSRR2T",2026,"CHEVROLET","EQUINOX","BEV",2,
"3GN7DSRP0T",2026,"CHEVROLET","EQUINOX","BEV",2,
"3GNKD1RJ8T",2026,"CHEVROLET","BLAZER","BEV",2,
"3GN7DNRP9T",2026,"CHEVROLET","EQUINOX","BEV",2,
"3GN7DMRP6T",2026,"CHEVROLET","EQUINOX","BEV",2,
"3GN7DMRR5T",2026,"CHEVROLET","EQUINOX","BEV",2,
"3GN7DNRP4T",2026,"CHEVROLET","EQUINOX","BEV",2,
"1GC10WEL1T",2026,"CHEVROLET","SILVERADO","BEV",2,
"1GC10ZED5T",2026,"CHEVROLET","SILVERADO","BEV",2,
"3GN7DMRP3T",2026,"CHEVROLET","EQUINOX","BEV",2,
"3GN7DMRR2T",2026,"CHEVROLET","EQUINOX","BEV",2,
"3GN7DNRP5T",2026,"CHEVROLET","EQUINOX","BEV",2,
"3GN7DNRR2T",2026,"CHEVROLET","EQUINOX","BEV",2,
"3GN7DNRP3T",2026,"CHEVROLET","EQUINOX","BEV",2,
"3GN7DMRR9T",2026,"CHEVROLET","EQUINOX","BEV",2,
"3GN7DMRPXT",2026,"CHEVROLET","EQUINOX","BEV",2,
"3GN7DMRR0T",2026,"CHEVROLET","EQUINOX","BEV",2,
"3GN7DMRR3T",2026,"CHEVROLET","EQUINOX","BEV",2,
"3GN7DMRP4T",2026,"CHEVROLET","EQUINOX","BEV",2,
"3GN7DNRR9T",2026,"CHEVROLET","EQUINOX","BEV",2,
"3GN7DSRR9T",2026,"CHEVROLET","EQUINOX","BEV",2,
"3GNKDERL6T",2026,"CHEVROLET","BLAZER","BEV",2,
"3GN7DSRR7T",2026,"CHEVROLET","EQUINOX","BEV",2,
"3GNKDGRJ1T",2026,"CHEVROLET","BLAZER","BEV",2,
"3GN7DMRR1T",2026,"CHEVROLET","EQUINOX","BEV",2,
"3GN7DNRP8T",2026,"CHEVROLET","EQUINOX","BEV",2,
"3GN7DMRP5T",2026,"CHEVROLET","EQUINOX","BEV",2,
"3GN7DMRP8T",2026,"CHEVROLET","EQUINOX","BEV",2,
"1GC10ZEDXT",2026,"CHEVROLET","SILVERADO","BEV",2,
"3GN7DNRR8T",2026,"CHEVROLET","EQUINOX","BEV",2,
"1GC10UEHXT",2026,"CHEVROLET","SILVERADO","BEV",2,
"3GN7DNRR1T",2026,"CHEVROLET","EQUINOX","BEV",2,
"3GN7DNRR4T",2026,"CHEVROLET","EQUINOX","BEV",2,
"3GN7DNRR3T",2026,"CHEVROLET","EQUINOX","BEV",2,
"3GN7DNRR5T",2026,"CHEVROLET","EQUINOX","BEV",2,
"3GN7DNRR0T",2026,"CHEVROLET","EQUINOX","BEV",2,
"3GN7DMRR4T",2026,"CHEVROLET","EQUINOX","BEV",2,
"3GN7DMRR8T",2026,"CHEVROLET","EQUINOX","BEV",2,
"3GN7DMRP1T",2026,"CHEVROLET","EQUINOX","BEV",2,
"3GN7DMRP0T",2026,"CHEVROLET","EQUINOX","BEV",2,
"3GN7DNRR7T",2026,"CHEVROLET","EQUINOX","BEV",2,
"3GN7DMRP7T",2026,"CHEVROLET","EQUINOX","BEV",2,
"1GC10VED7T",2026,"CHEVROLET","SILVERADO","BEV",2,
"1GC10VED5T",2026,"CHEVROLET","SILVERADO","BEV",2,
"1GC10VED9T",2026,"CHEVROLET","SILVERADO","BEV",2,
"3GN7DSRR8T",2026,"CHEVROLET","EQUINOX","BEV",2,
"3GN7DMRP2T",2026,"CHEVROLET","EQUINOX","BEV",2,
"1GC10VED1T",2026,"CHEVROLET","SILVERADO","BEV",2,
"1GC10VED3T",2026,"CHEVROLET","SILVERADO","BEV",2,
"1GC10VEDXT",2026,"CHEVROLET","SILVERADO","BEV",2,
"3GN7DMRP9T",2026,"CHEVROLET","EQUINOX","BEV",2,
"3GN7DNRR6T",2026,"CHEVROLET","EQUINOX","BEV",2,
"3GNKD1RJ6T",2026,"CHEVROLET","BLAZER","BEV",2,
"3GN7DNRPXT",2026,"CHEVROLET","EQUINOX","BEV",2,
"3GNKDGRJ4T",2026,"CHEVROLET","BLAZER","BEV",2,
"3GN7DNRP7T",2026,"CHEVROLET","EQUINOX","BEV",2,
"3GNKDJRJ4T",2026,"CHEVROLET","BLAZER","BEV",2,
"3GNKDJRJ0T",2026,"CHEVROLET","BLAZER","BEV",2,
"1GC10YEH9T",2026,"CHEVROLET","SILVERADO","BEV",2,
"3GNKDJRJ3T",2026,"CHEVROLET","BLAZER","BEV",2,
"3GN7DNRP2T",2026,"CHEVROLET","EQUINOX","BEV",2,
"3GN7DSRR1T",2026,"CHEVROLET","EQUINOX","BEV",2,
"1GC10YEH1T",2026,"CHEVROLET","SILVERADO","BEV",2,
"3GN7DMRRXT",2026,"CHEVROLET","EQUINOX","BEV",2,
"3GN7DSRP1T",2026,"CHEVROLET","EQUINOX","BEV",2,
"3GNKDERLXT",2026,"CHEVROLET","BLAZER","BEV",2,
"1GC10YEH6T",2026,"CHEVROLET","SILVERADO","BEV",2,
"1GC10YEH0T",2026,"CHEVROLET","SILVERADO","BEV",2,
"1GC10UEH7T",2026,"CHEVROLET","SILVERADO","BEV",2,
"1GC10UEH9T",2026,"CHEVROLET","SILVERADO","BEV",2,
"1GC10YEH2T",2026,"CHEVROLET","SILVERADO","BEV",2,
"1GC10VED2T",2026,"CHEVROLET","SILVERADO","BEV",2,
"3GN7DNRRXT",2026,"CHEVROLET","EQUINOX","BEV",2,
"3GN7DSRP4T",2026,"CHEVROLET","EQUINOX","BEV",2,
"1GC10ZED7T",2026,"CHEVROLET","SILVERADO","BEV",2,
"3GN7DSRP7T",2026,"CHEVROLET","EQUINOX","BEV",2,
"1GC10YEH5T",2026,"CHEVROLET","SILVERADO","BEV",2,
"3GNKDERL0T",2026,"CHEVROLET","BLAZER","BEV",2,
"3GN7DSRRXT",2026,"CHEVROLET","EQUINOX","BEV",2,
"3GNKDARM2T",2026,"CHEVROLET","BLAZER","BEV",2,
"3GN7DSRR5T",2026,"CHEVROLET","EQUINOX","BEV",2,
"1GC10ZED2T",2026,"CHEVROLET","SILVERADO","BEV",2,
"1GC10UEH8T",2026,"CHEVROLET","SILVERADO","BEV",2,
"3GNKDERL8T",2026,"CHEVROLET","BLAZER","BEV",2,
"1GC10UEH6T",2026,"CHEVROLET","SILVERADO","BEV",2,
"1GC10YEH4T",2026,"CHEVROLET","SILVERADO","BEV",2,
"3GN7DNRP0T",2026,"CHEVROLET","EQUINOX","BEV",2,
"3GN7DMRR6T",2026,"CHEVROLET","EQUINOX","BEV",2,
"3GN7DSRR0T",2026,"CHEVROLET","EQUINOX","BEV",2,
"3GNKDERL4T",2026,"CHEVROLET","BLAZER","BEV",2,
"3GN7DNRP6T",2026,"CHEVROLET","EQUINOX","BEV",2,
"3GNKDJRJXT",2026,"CHEVROLET","BLAZER","BEV",2,
"1GC10ZED9T",2026,"CHEVROLET","SILVERADO","BEV",2,
"3GNKDGRJ3T",2026,"CHEVROLET","BLAZER","BEV",2,
"3GNKDGRJ8T",2026,"CHEVROLET","BLAZER","BEV",2,
"5XYAFFS57T",2026,"KIA","EV9","BEV",2,
"WB553CF00T",2026,"BMW","IX","BEV",2,
"5XYAEFS55T",2026,"KIA","EV9","BEV",2,
"KMUKCDSC1T",2026,"GENESIS","GV60","BEV",2,
"JN1AZ2BA1T",2026,"NISSAN","LEAF","BEV",2,
"JN1AZ2BA9T",2026,"NISSAN","LEAF","BEV",2,
"7UUG1GHJ5T",2026,"LUCID","GRAVITY","BEV",2,
"JTMBDAFC6T",2026,"SUBARU","SOLTERRA","BEV",2,
"WBY63HG09T",2026,"BMW","I5","BEV",2,
"50EA1GBA8T",2026,"LUCID","AIR","BEV",2,
"5XYAB5S1XT",2026,"KIA","EV9","BEV",2,
"5XYAFFS56T",2026,"KIA","EV9","BEV",2,
"5XYAEFS59T",2026,"KIA","EV9","BEV",2,
"JTMBDAFB3T",2026,"TOYOTA","BZ","BEV",2,
"YV4EK3CL5T",2026,"VOLVO","EX30 CC","BEV",2,
"WBY33HG08T",2026,"BMW","I5","BEV",2,
"JTJBCACB5T",2026,"LEXUS","RZ","BEV",2,
"WB553CF04T",2026,"BMW","IX","BEV",2,
"JTMBDAFC4T",2026,"SUBARU","SOLTERRA","BEV",2,
"7UUG1GHKXT",2026,"LUCID","GRAVITY","BEV",2,
"5XYAFFS5XT",2026,"KIA","EV9","BEV",2,
"JTMBDAFC8T",2026,"SUBARU","SOLTERRA","BEV",2,
"WB543CF03T",2026,"BMW","IX","BEV",2,
"JTMBEAGC1T",2026,"SUBARU","SOLTERRA","BEV",2,
"WBY33HG0XT",2026,"BMW","I5","BEV",2,
"WB543CF06T",2026,"BMW","IX","BEV",2,
"YV4EK3ZL6T",2026,"VOLVO","EX30","BEV",2,
"3GPKHXRJ5T",2026,"HONDA","PROLOGUE","BEV",2,
"JTMBDAFB2T",2026,"TOYOTA","BZ","BEV",2,
"4JGGM1CB2T",2026,"MERCEDES-BENZ","EQE-CLASS SUV","BEV",2,
"WBY33HG06T",2026,"BMW","I5","BEV",2,
"WB543CF0XT",2026,"BMW","IX","BEV",2,
"JTMBCAEB9T",2026,"TOYOTA","BZ","BEV",2,
"3GPKHXRJXT",2026,"HONDA","PROLOGUE","BEV",2,
"JTMBCAEB8T",2026,"TOYOTA","BZ","BEV",2,
"WBY33HG03T",2026,"BMW","I5","BEV",2,
"WMZ53GA06T",2026,"MINI","COUNTRYMAN","BEV",2,
"50EA1TEA3T",2026,"LUCID","AIR","BEV",2,
"JTMBDAFB1T",2026,"TOYOTA","BZ","BEV",2,
"5XYADFS5XT",2026,"KIA","EV9","BEV",2,
"JTMBDAFBXT",2026,"TOYOTA","BZ","BEV",2,
"5XYAB5S11T",2026,"KIA","EV9","BEV",2,
"5XYADFS54T",2026,"KIA","EV9","BEV",2,
"JN1AZ2BA2T",2026,"NISSAN","LEAF","BEV",2,
"5XYAFFS50T",2026,"KIA","EV9","BEV",2,
"YV4ER3HDXT",2026,"VOLVO","EX40","BEV",2,
"5XYAFFS55T",2026,"KIA","EV9","BEV",2,
"JTMBCAEB1T",2026,"TOYOTA","BZ","BEV",2,
"5XYAEFS56T",2026,"KIA","EV9","BEV",2,
"W1KEG1CB6T",2026,"MERCEDES-BENZ","EQE-CLASS SEDAN","BEV",2,
"3GPKHZRJ3T",2026,"HONDA","PROLOGUE","BEV",2,
"5XYAEFS5XT",2026,"KIA","EV9","BEV",2,
"5XYAEFS50T",2026,"KIA","EV9","BEV",2,
"KMUKCDSC8T",2026,"GENESIS","GV60","BEV",2,
"1GT1ESEH1T",2026,"GMC","SIERRA","BEV",2,
"KMUKCDSC0T",2026,"GENESIS","GV60","BEV",2,
"5NMMEET1XT",2026,"GENESIS","GV70","BEV",2,
"50EA1TEA4T",2026,"LUCID","AIR","BEV",2,
"JTMBEAGC3T",2026,"SUBARU","SOLTERRA","BEV",2,
"5XYADFS50T",2026,"KIA","EV9","BEV",2,
"50EA1TEA7T",2026,"LUCID","AIR","BEV",2,
"WB543CF01T",2026,"BMW","IX","BEV",2,
"WBY33HG01T",2026,"BMW","I5","BEV",2,
"5XYAFFS58T",2026,"KIA","EV9","BEV",2,
"JTMBEAGCXT",2026,"SUBARU","SOLTERRA","BEV",2,
"1V2WSPE86T",2026,"VOLKSWAGEN","ID.4","BEV",2,
"5XYADFS57T",2026,"KIA","EV9","BEV",2,
"JTJBCACB4T",2026,"LEXUS","RZ","BEV",2,
"5XYAFFS59T",2026,"KIA","EV9","BEV",2,
"JTJBCACB6T",2026,"LEXUS","RZ","BEV",2,
"7UUG1GHJ8T",2026,"LUCID","GRAVITY","BEV",2,
"1GT1EXED3T",2026,"GMC","SIERRA","BEV",2,
"JN1AZ2CA5T",2026,"NISSAN","LEAF","BEV",2,
"JTMBCAEB5T",2026,"TOYOTA","BZ","BEV",2,
"WB543CF08T",2026,"BMW","IX","BEV",2,
"WB543CF02T",2026,"BMW","IX","BEV",2,
"YV4EH3HK5T",2026,"VOLVO","EX40","BEV",2,
"JTMBCAEB3T",2026,"TOYOTA","BZ","BEV",2,
"5XYAFFS54T",2026,"KIA","EV9","BEV",2,
"JTJBCACBXT",2026,"LEXUS","RZ","BEV",2,
"YV4EK3ZK1T",2026,"VOLVO","EX30","BEV",2,
"5XYAB5S19T",2026,"KIA","EV9","BEV",2,
"JN1AZ2EB2T",2026,"NISSAN","LEAF","BEV",2,
"5XYAEFS57T",2026,"KIA","EV9","BEV",2,
"YSRPA3A42T",2026,"POLESTAR","POLESTAR 4","BEV",2,
"7UUG1GHK2T",2026,"LUCID","GRAVITY","BEV",2,
"5XYAFFS52T",2026,"KIA","EV9","BEV",2,
"WB543CF00T",2026,"BMW","IX","BEV",2,
"YSRPA3A41T",2026,"POLESTAR","POLESTAR 4","BEV",2,
"YV4ER3HK0T",2026,"VOLVO","EX40","BEV",2,
"JTMBCAEBXT",2026,"TOYOTA","BZ","BEV",2,
"7UUG1GHK0T",2026,"LUCID","GRAVITY","BEV",2,
"5XYAFFS51T",2026,"KIA","EV9","BEV",2,
"5XYAEFS54T",2026,"KIA","EV9","BEV",2,
"JTMBDAFB5T",2026,"TOYOTA","BZ","BEV",2,
"WP0AA2Y18T",2026,"PORSCHE","TAYCAN","BEV",2,
"5XYADFS58T",2026,"KIA","EV9","BEV",2,
"WB543CF09T",2026,"BMW","IX","BEV",2,
"50EA1GBA9T",2026,"LUCID","AIR","BEV",2,
"JTJBCACB0T",2026,"LEXUS","RZ","BEV",2,
"5XYAEFS53T",2026,"KIA","EV9","BEV",2,
"5XYAFFS53T",2026,"KIA","EV9","BEV",2,
"JTMBEAGC8T",2026,"SUBARU","SOLTERRA","BEV",2,
"WBY33HG07T",2026,"BMW","I5","BEV",2,
"7UUG1GHK8T",2026,"LUCID","GRAVITY","BEV",2,
"JTJBDADB7T",2026,"LEXUS","RZ","BEV",2,
"5XYADFS56T",2026,"KIA","EV9","BEV",2,
"WB553CF01T",2026,"BMW","IX","BEV",2,
"5XYADFS55T",2026,"KIA","EV9","BEV",2,
"JTMBEAGC5T",2026,"SUBARU","SOLTERRA","BEV",2,
"JTMBDAFB7T",2026,"TOYOTA","BZ","BEV",2,
"50EA1PGA7T",2026,"LUCID","AIR","BEV",2,
"7UUG1TJK4T",2026,"LUCID","GRAVITY","BEV",2,
"WB543CF05T",2026,"BMW","IX","BEV",2,
"JTMBDAFB9T",2026,"TOYOTA","BZ","BEV",2,
"WBY43HD09T",2026,"BMW","I4","BEV",2,
"WP0AA2Y16T",2026,"PORSCHE","TAYCAN","BEV",2,
"YV4EK3ZL4T",2026,"VOLVO","EX30","BEV",2,
"WB553CF06T",2026,"BMW","IX","BEV",2,
"WB553CF02T",2026,"BMW","IX","BEV",2,
"JTJBDADB0T",2026,"LEXUS","RZ","BEV",2,
"WB563CF08T",2026,"BMW","IX","BEV",2,
"WB543CF07T",2026,"BMW","IX","BEV",2,
"7UUG1GHK4T",2026,"LUCID","GRAVITY","BEV",2,
"JTMBCAEB2T",2026,"TOYOTA","BZ","BEV",2,
"7UUG1GHJ7T",2026,"LUCID","GRAVITY","BEV",2,
"5XYADFS51T",2026,"KIA","EV9","BEV",2,
"7UUG1GHK9T",2026,"LUCID","GRAVITY","BEV",2,
"JTMBDAFC5T",2026,"SUBARU","SOLTERRA","BEV",2,
"5NMMDET17T",2026,"GENESIS","GV70","BEV",2,
"50EA1TEA9T",2026,"LUCID","AIR","BEV",2,
"JTMBDAFC1T",2026,"SUBARU","SOLTERRA","BEV",2,
"7UUG1GHJ1T",2026,"LUCID","GRAVITY","BEV",2,
"5XYAB5S10T",2026,"KIA","EV9","BEV",2,
"JTMBCAEB7T",2026,"TOYOTA","BZ","BEV",2,
"WB543CF04T",2026,"BMW","IX","BEV",2,
"JTMBDAFB6T",2026,"TOYOTA","BZ","BEV",2,
"5XYAEFS52T",2026,"KIA","EV9","BEV",2,
"JN1AZ2CA8T",2026,"NISSAN","LEAF","BEV",2,
"WBY33HG02T",2026,"BMW","I5","BEV",2,
"WBY33HG04T",2026,"BMW","I5","BEV",2,
"JN1AZ2CA2T",2026,"NISSAN","LEAF","BEV",2,
"JTMBCAEB0T",2026,"TOYOTA","BZ","BEV",2,
"5XYADFS59T",2026,"KIA","EV9","BEV",2,
"YSRPB3A49T",2026,"POLESTAR","POLESTAR 4","BEV",2,
"WB553CF05T",2026,"BMW","IX","BEV",2,
"YV4EK3ZK5T",2026,"VOLVO","EX30","BEV",2,
"YV4EK3ZK2T",2026,"VOLVO","EX30","BEV",2,
"50EA1TEA6T",2026,"LUCID","AIR","BEV",2,
"JTMBDAFB8T",2026,"TOYOTA","BZ","BEV",2,
"JTMBDAFC3T",2026,"SUBARU","SOLTERRA","BEV",2,
"YSRPA3A45T",2026,"POLESTAR","POLESTAR 4","BEV",2,
"3GPKHXRJ4T",2026,"HONDA","PROLOGUE","BEV",2,
"JN1AZ2CA9T",2026,"NISSAN","LEAF","BEV",2,
"WBY33HG05T",2026,"BMW","I5","BEV",2,
"5NMMDET1XT",2026,"GENESIS","GV70","BEV",2,
"1GT1ETED1T",2026,"GMC","SIERRA","BEV",2,
"JTMBDAFB0T",2026,"TOYOTA","BZ","BEV",2,
"WBY53EJ08T",2026,"BMW","I7","BEV",2,
"50EA1PGA8T",2026,"LUCID","AIR","BEV",2,
"YSRPA3A48T",2026,"POLESTAR","POLESTAR 4","BEV",2,
"JTJBCACB8T",2026,"LEXUS","RZ","BEV",2,
"1GT1ETEDXT",2026,"GMC","SIERRA","BEV",2,
"5XYAEFS58T",2026,"KIA","EV9","BEV",2,
"WBY63HG0XT",2026,"BMW","I5","BEV",2,
"50EA1PGA2T",2026,"LUCID","AIR","BEV",2,
"5XYAEFS51T",2026,"KIA","EV9","BEV",2,
"JTMBEAGC7T",2026,"SUBARU","SOLTERRA","BEV",2,
"WP0AA2Y1XT",2026,"PORSCHE","TAYCAN","BEV",2,
"JTMBDAFC0T",2026,"SUBARU","SOLTERRA","BEV",2,
"JTMBEAGC0T",2026,"SUBARU","SOLTERRA","BEV",2,
"5NMMDET10T",2026,"GENESIS","GV70","BEV",2,
"JTMBCAEB4T",2026,"TOYOTA","BZ","BEV",2,
"JTJBCACB3T",2026,"LEXUS","RZ","BEV",2,
"1GT1ESEH2T",2026,"GMC","SIERRA","BEV",2,
"YV4EK3CL0T",2026,"VOLVO","EX30 CC","BEV",2,
"WBY33HG09T",2026,"BMW","I5","BEV",2,
"5XYADFS53T",2026,"KIA","EV9","BEV",2,
"50EA1PGAXT",2026,"LUCID","AIR","BEV",2,
"JTMBDAFB4T",2026,"TOYOTA","BZ","BEV",2,
"1GT1ETED9T",2026,"GMC","SIERRA","BEV",2,
"WB553CF07T",2026,"BMW","IX","BEV",2,
"JTJBCACB9T",2026,"LEXUS","RZ","BEV",2,
"5XYADFS52T",2026,"KIA","EV9","BEV",2,
"YSRPA3A43T",2026,"POLESTAR","POLESTAR 4","BEV",2,
"50EA1GBA2T",2026,"LUCID","AIR","BEV",2,
"3GPKHXRJ7T",2026,"HONDA","PROLOGUE","BEV",2,
"JTMBDAFC7T",2026,"SUBARU","SOLTERRA","BEV",2,
"50EA1PGA6T",2026,"LUCID","AIR","BEV",2,
"WAUJ8BFW2T",2026,"AUDI","RS E-TRON GT","BEV",2,
"YV4EK3ZL1T",2026,"VOLVO","EX30","BEV",2,
"5XYAA5S23T",2026,"KIA","EV9","BEV",2,
"2C3CDBGK5T",2026,"DODGE","CHARGER","BEV",2,
"5XYAB5S18T",2026,"KIA","EV9","BEV",2,
"7UUG1GHK1T",2026,"LUCID","GRAVITY","BEV",2,
"1GT1ESEHXT",2026,"GMC","SIERRA","BEV",2,
"JTJBCACB7T",2026,"LEXUS","RZ","BEV",2,
"5XYAB5S12T",2026,"KIA","EV9","BEV",2,
"5XYAB5S14T",2026,"KIA","EV9","BEV",2,
"5XYAB5S16T",2026,"KIA","EV9","BEV",2,
"WP0AD2Y1XT",2026,"PORSCHE","TAYCAN","BEV",2,
"WB553CF08T",2026,"BMW","IX","BEV",2,
"JTMBCAEB6T",2026,"TOYOTA","BZ","BEV",2,
"WP0AA2Y13T",2026,"PORSCHE","TAYCAN","BEV",2,
"5NMMDET11T",2026,"GENESIS","GV70","BEV",2,
"7UUG1GHJ2T",2026,"LUCID","GRAVITY","BEV",2,
"JTMBDAFC2T",2026,"SUBARU","SOLTERRA","BEV",2,
"7UUG1DKJ7T",2026,"LUCID","GRAVITY","BEV",2,
"7UUG1GHJ3T",2026,"LUCID","GRAVITY","BEV",2,
"WB553CF09T",2026,"BMW","IX","BEV",2,
"3GPKHZRJ9T",2026,"HONDA","PROLOGUE","BEV",2,
"JN1AZ2EB5T",2026,"NISSAN","LEAF","BEV",2,
"7UUG1GHJ6T",2026,"LUCID","GRAVITY","BEV",2,
"JTMBDAFC9T",2026,"SUBARU","SOLTERRA","BEV",2,
"7UUG1GHK5T",2026,"LUCID","GRAVITY","BEV",2,
"7UUG1GHJ9T",2026,"LUCID","GRAVITY","BEV",2,
"JTJBCACB1T",2026,"LEXUS","RZ","BEV",2,
"1GT1ESEH9T",2026,"GMC","SIERRA","BEV",2,
"7UUG1DKJ3T",2026,"LUCID","GRAVITY","BEV",2,
"5XYAB5S17T",2026,"KIA","EV9","BEV",2,
"JTMBEAGC9T",2026,"SUBARU","SOLTERRA","BEV",2,
"WB563CF03T",2026,"BMW","IX","BEV",2,
"YV4ER3HKXT",2026,"VOLVO","EX40","BEV",2,
"1GT1ETED0T",2026,"GMC","SIERRA","BEV",2,
"1GT1ETED6T",2026,"GMC","SIERRA","BEV",2,
"7UUG1DKJ1T",2026,"LUCID","GRAVITY","BEV",2,
"KMUKFDSC6T",2026,"GENESIS","GV60","BEV",2,
"5XYAB5S15T",2026,"KIA","EV9","BEV",2,
"WBY33HG00T",2026,"BMW","I5","BEV",2,
"JN1AZ2CA1T",2026,"NISSAN","LEAF","BEV",2,
"W1KEG1CB8T",2026,"MERCEDES-BENZ","EQE-CLASS SEDAN","BEV",2,
"KMUKFDSC0T",2026,"GENESIS","GV60","BEV",2,
"7UUG1GHJ4T",2026,"LUCID","GRAVITY","BEV",2,
"JN1AZ2EB7T",2026,"NISSAN","LEAF","BEV",2,
"3GPKHXRJ1T",2026,"HONDA","PROLOGUE","BEV",2,
"JTJBDADB2T",2026,"LEXUS","RZ","BEV",2,
"7UUG1DKJ8T",2026,"LUCID","GRAVITY","BEV",2,
"4JGGM1CB0T",2026,"MERCEDES-BENZ","EQE-CLASS SUV","BEV",2,
"5XYAB5S13T",2026,"KIA","EV9","BEV",2,
"WBY63HG07T",2026,"BMW","I5","BEV",2,
"7UUG1GHJ0T",2026,"LUCID","GRAVITY","BEV",2,
"5XYAA5S22T",2026,"KIA","EV9","BEV",2,
"YV4EK3CL1T",2026,"VOLVO","EX30 CC","BEV",2,
"W1KEG2BBXT",2026,"MERCEDES-BENZ","EQE-CLASS SEDAN","BEV",2,
"JN1AZ2CA0T",2026,"NISSAN","LEAF","BEV",2,
"4JGGM1CB4T",2026,"MERCEDES-BENZ","EQE-CLASS SUV","BEV",2,
"5XYAA5S29T",2026,"KIA","EV9","BEV",2,
"JN1AZ2EBXT",2026,"NISSAN","LEAF","BEV",2,
"5NMMDET15T",2026,"GENESIS","GV70","BEV",2,
"1GT1ETED8T",2026,"GMC","SIERRA","BEV",2,
"JTJBCACB2T",2026,"LEXUS","RZ","BEV",2,
"W1KEG1CB2T",2026,"MERCEDES-BENZ","EQE-CLASS SEDAN","BEV",2,
"JTJBDADB1T",2026,"LEXUS","RZ","BEV",2,
"50EA1GBA7T",2026,"LUCID","AIR","BEV",2,
"5NMMEET19T",2026,"GENESIS","GV70","BEV",2,
"5NMMEET11T",2026,"GENESIS","GV70","BEV",2,
"4JGGM2BB6T",2026,"MERCEDES-BENZ","EQE-CLASS SUV","BEV",2,
"JTJBDADB3T",2026,"LEXUS","RZ","BEV",2,
"3GPKHZRJ6T",2026,"HONDA","PROLOGUE","BEV",2,
"1V2JSPE8XT",2026,"VOLKSWAGEN","ID.4","BEV",2,
"5XYAA5S2XT",2026,"KIA","EV9","BEV",2,
"WBY63HG04T",2026,"BMW","I5","BEV",2,
"YV4EK3ZL9T",2026,"VOLVO","EX30","BEV",2,
"3GPKHZRJ7T",2026,"HONDA","PROLOGUE","BEV",2,
"WB563CF04T",2026,"BMW","IX","BEV",2,
"WMZ53GA07T",2026,"MINI","COUNTRYMAN","BEV",2,
"50EA1PGA0T",2026,"LUCID","AIR","BEV",2,
"5NMMCET14T",2026,"GENESIS","GV70","BEV",2,
"50EA1TEA5T",2026,"LUCID","AIR","BEV",2,
"WB553CF0XT",2026,"BMW","IX","BEV",2,
"1V2JSPE88T",2026,"VOLKSWAGEN","ID.4","BEV",2,
"1FTBW1YM4T",2026,"FORD","TRANSIT","BEV",2,
"1GT1ETED7T",2026,"GMC","SIERRA","BEV",2,
"7UUG1GHK3T",2026,"LUCID","GRAVITY","BEV",2,
"1GT1ESEH8T",2026,"GMC","SIERRA","BEV",2,
"1GT1ESEH4T",2026,"GMC","SIERRA","BEV",2,
"WP0AA2Y17T",2026,"PORSCHE","TAYCAN","BEV",2,
"1V2JSPE83T",2026,"VOLKSWAGEN","ID.4","BEV",2,
"WB563CF09T",2026,"BMW","IX","BEV",2,
"1FTBW1XM4T",2026,"FORD","TRANSIT","BEV",2,
"50EA1GBA5T",2026,"LUCID","AIR","BEV",2,
"3GPKHWRM8T",2026,"HONDA","PROLOGUE","BEV",2,
"WP0AA2Y15T",2026,"PORSCHE","TAYCAN","BEV",2,
"JN1AZ2BA5T",2026,"NISSAN","LEAF","BEV",2,
"3GPKHXRJ3T",2026,"HONDA","PROLOGUE","BEV",2,
"JN1AZ2BA8T",2026,"NISSAN","LEAF","BEV",2,
"KMUKFDSC2T",2026,"GENESIS","GV60","BEV",2,
"JTMBEAGC4T",2026,"SUBARU","SOLTERRA","BEV",2,
"3GPKHVRJ7T",2026,"HONDA","PROLOGUE","BEV",2,
"5NMMDET19T",2026,"GENESIS","GV70","BEV",2,
"YV4EH3HK0T",2026,"VOLVO","EX40","BEV",2,
"1V2DSPE85T",2026,"VOLKSWAGEN","ID.4","BEV",2,
"50EA1TEA1T",2026,"LUCID","AIR","BEV",2,
"4JGDM2EB9T",2026,"MERCEDES-BENZ","EQS-CLASS SUV","BEV",2,
"50EA1TEA2T",2026,"LUCID","AIR","BEV",2,
"WA1KUBFZ6T",2026,"AUDI","Q4","BEV",2,
"WB553CF03T",2026,"BMW","IX","BEV",2,
"50EA1GBA1T",2026,"LUCID","AIR","BEV",2,
"YV4EK3ZK3T",2026,"VOLVO","EX30","BEV",2,
"5NMMEET18T",2026,"GENESIS","GV70","BEV",2,
"5XYAA5S21T",2026,"KIA","EV9","BEV",2,
"YV4EK3ZK7T",2026,"VOLVO","EX30","BEV",2,
"1GT1ESEH0T",2026,"GMC","SIERRA","BEV",2,
"5XYAA5S26T",2026,"KIA","EV9","BEV",2,
"JTMBEAGC2T",2026,"SUBARU","SOLTERRA","BEV",2,
"50EA1TEAXT",2026,"LUCID","AIR","BEV",2,
"5XYAA5S24T",2026,"KIA","EV9","BEV",2,
"JN1AZ2EB8T",2026,"NISSAN","LEAF","BEV",2,
"WB563CF02T",2026,"BMW","IX","BEV",2,
"JN1AZ2EB4T",2026,"NISSAN","LEAF","BEV",2,
"3GPKHZRJ8T",2026,"HONDA","PROLOGUE","BEV",2,
"YV4EL3YK9T",2026,"VOLVO","EX30","BEV",2,
"1GT1ESEH3T",2026,"GMC","SIERRA","BEV",2,
"5NMMCET13T",2026,"GENESIS","GV70","BEV",2,
"WA1LUBFZ7T",2026,"AUDI","Q4","BEV",2,
"WBY43HD01T",2026,"BMW","I4","BEV",2,
"JN1AZ2CA3T",2026,"NISSAN","LEAF","BEV",2,
"WB563CF00T",2026,"BMW","IX","BEV",2,
"JN1AZ2CA4T",2026,"NISSAN","LEAF","BEV",2,
"WP0AA2Y10T",2026,"PORSCHE","TAYCAN","BEV",2,
"WA1LUBFZ4T",2026,"AUDI","Q4","BEV",2,
"JTMBDAFCXT",2026,"SUBARU","SOLTERRA","BEV",2,
"5NMMEET13T",2026,"GENESIS","GV70","BEV",2,
"50EA1PGA4T",2026,"LUCID","AIR","BEV",2,
"JN1AZ2BA6T",2026,"NISSAN","LEAF","BEV",2,
"YV4EK3ZL7T",2026,"VOLVO","EX30","BEV",2,
"1GT1ESEH5T",2026,"GMC","SIERRA","BEV",2,
"1GT1ESEH6T",2026,"GMC","SIERRA","BEV",2,
"YSRPA3A47T",2026,"POLESTAR","POLESTAR 4","BEV",2,
"5NMMEET10T",2026,"GENESIS","GV70","BEV",2,
"YV4EK3ZLXT",2026,"VOLVO","EX30","BEV",2,
"JN1AZ2CAXT",2026,"NISSAN","LEAF","BEV",2,
"1GT1EWEH0T",2026,"GMC","SIERRA","BEV",2,
"WP0AB2Y19T",2026,"PORSCHE","TAYCAN","BEV",2,
"WBY53EJ04T",2026,"BMW","I7","BEV",2,
"2C3CDBGK9T",2026,"DODGE","CHARGER","BEV",2,
"WP0AB2Y17T",2026,"PORSCHE","TAYCAN","BEV",2,
"YSRPA3A4XT",2026,"POLESTAR","POLESTAR 4","BEV",2,
"WP0AB2Y16T",2026,"PORSCHE","TAYCAN","BEV",2,
"WA1LUBFZXT",2026,"AUDI","Q4","BEV",2,
"3GPKHXRJ6T",2026,"HONDA","PROLOGUE","BEV",2,
"5NMMDET18T",2026,"GENESIS","GV70","BEV",2,
"5NMMEET16T",2026,"GENESIS","GV70","BEV",2,
"YV4EK3ZKXT",2026,"VOLVO","EX30","BEV",2,
"5NMMDET12T",2026,"GENESIS","GV70","BEV",2,
"3GPKHZRJ5T",2026,"HONDA","PROLOGUE","BEV",2,
"7UUG1GHJXT",2026,"LUCID","GRAVITY","BEV",2,
"1V2JSPE87T",2026,"VOLKSWAGEN","ID.4","BEV",2,
"1GT1EXED0T",2026,"GMC","SIERRA","BEV",2,
"1FTBW9CM0T",2026,"FORD","TRANSIT","BEV",2,
"50EA1GBA6T",2026,"LUCID","AIR","BEV",2,
"7UUG1DKJ2T",2026,"LUCID","GRAVITY","BEV",2,
"1GT1ETED2T",2026,"GMC","SIERRA","BEV",2,
"WB563CF01T",2026,"BMW","IX","BEV",2,
"WP0AC2Y11T",2026,"PORSCHE","TAYCAN","BEV",2,
"1GT1ETED5T",2026,"GMC","SIERRA","BEV",2,
"YV4EK3ZL8T",2026,"VOLVO","EX30","BEV",2,
"WBY73HD0XT",2026,"BMW","I4","BEV",2,
"YV4EK3CL4T",2026,"VOLVO","EX30 CC","BEV",2,
"5NMMDET14T",2026,"GENESIS","GV70","BEV",2,
"JN1AZ2CA7T",2026,"NISSAN","LEAF","BEV",2,
"JN1AZ2EB9T",2026,"NISSAN","LEAF","BEV",2,
"YV4EK3CL9T",2026,"VOLVO","EX30 CC","BEV",2,
"YV4EK3CL2T",2026,"VOLVO","EX30 CC","BEV",2,
"7UUG1DKJ0T",2026,"LUCID","GRAVITY","BEV",2,
"1GT1ETED3T",2026,"GMC","SIERRA","BEV",2,
"50EA1TEA0T",2026,"LUCID","AIR","BEV",2,
"JTJBDADB6T",2026,"LEXUS","RZ","BEV",2,
"1FTBW9CM8T",2026,"FORD","TRANSIT","BEV",2,
"JN1AZ2EB1T",2026,"NISSAN","LEAF","BEV",2,
"7UUG1GHK7T",2026,"LUCID","GRAVITY","BEV",2,
"KMUKFDSC5T",2026,"GENESIS","GV60","BEV",2,
"1FTBW9CM7T",2026,"FORD","TRANSIT","BEV",2,
"7UUG1DKJ4T",2026,"LUCID","GRAVITY","BEV",2,
"1V2JSPE86T",2026,"VOLKSWAGEN","ID.4","BEV",2,
"1GT1EWEH2T",2026,"GMC","SIERRA","BEV",2,
"JTMBEAGC6T",2026,"SUBARU","SOLTERRA","BEV",2,
"WAUJ8BFW0T",2026,"AUDI","RS E-TRON GT","BEV",2,
"WA1LUBFZ9T",2026,"AUDI","Q4","BEV",2,
"5XYAA5S20T",2026,"KIA","EV9","BEV",2,
"5NMMCET15T",2026,"GENESIS","GV70","BEV",2,
"WBY63HG05T",2026,"BMW","I5","BEV",2,
"WBY63HG00T",2026,"BMW","I5","BEV",2,
"WBY63HG03T",2026,"BMW","I5","BEV",2,
"WBY63HG02T",2026,"BMW","I5","BEV",2,
"WB563CF05T",2026,"BMW","IX","BEV",2,
"JN1AZ2EB3T",2026,"NISSAN","LEAF","BEV",2,
"YV4EK3ZK9T",2026,"VOLVO","EX30","BEV",2,
"1G1FZ6S08M",2021,"CHEVROLET","BOLT EV","BEV",2,
"1G1FY6S04M",2021,"CHEVROLET","BOLT EV","BEV",2,
"WA1LABGE1M",2021,"AUDI","E-TRON","BEV",2,
"KM8K33AG5M",2021,"HYUNDAI","KONA","BEV",2,
"1G1FY6S05M",2021,"CHEVROLET","BOLT EV","BEV",2,
"KM8K33AG4M",2021,"HYUNDAI","KONA","BEV",2,
"1N4AZ1BV2M",2021,"NISSAN","LEAF","BEV",2,
"KM8K33AG1M",2021,"HYUNDAI","KONA","BEV",2,
"1G1FZ6S00M",2021,"CHEVROLET","BOLT EV","BEV",2,
"1N4AZ1CV8M",2021,"NISSAN","LEAF","BEV",2,
"1N4AZ1CV2M",2021,"NISSAN","LEAF","BEV",2,
"WP0AA2Y17M",2021,"PORSCHE","TAYCAN","BEV",2,
"1G1FW6S07M",2021,"CHEVROLET","BOLT EV","BEV",2,
"1G1FY6S0XM",2021,"CHEVROLET","BOLT EV","BEV",2,
"1G1FZ6S02M",2021,"CHEVROLET","BOLT EV","BEV",2,
"KMHC75LJ6M",2021,"HYUNDAI","IONIQ","BEV",2,
"YV4ED3UR3M",2021,"VOLVO","XC40","BEV",2,
"1N4AZ1CV4M",2021,"NISSAN","LEAF","BEV",2,
"1N4BZ1BV9M",2021,"NISSAN","LEAF","BEV",2,
"1G1FY6S09M",2021,"CHEVROLET","BOLT EV","BEV",2,
"1N4AZ1CV0M",2021,"NISSAN","LEAF","BEV",2,
"KM8K53AG1M",2021,"HYUNDAI","KONA","BEV",2,
"1G1FY6S07M",2021,"CHEVROLET","BOLT EV","BEV",2,
"WP0AA2Y1XM",2021,"PORSCHE","TAYCAN","BEV",2,
"YV4ED3UR5M",2021,"VOLVO","XC40","BEV",2,
"1N4BZ1CV5M",2021,"NISSAN","LEAF","BEV",2,
"1G1FY6S02M",2021,"CHEVROLET","BOLT EV","BEV",2,
"1G1FZ6S04M",2021,"CHEVROLET","BOLT EV","BEV",2,
"YV4ED3UR7M",2021,"VOLVO","XC40","BEV",2,
"1G1FZ6S01M",2021,"CHEVROLET","BOLT EV","BEV",2,
"1G1FY6S03M",2021,"CHEVROLET","BOLT EV","BEV",2,
"KMHC85LJ0M",2021,"HYUNDAI","IONIQ","BEV",2,
"1N4BZ1DV3M",2021,"NISSAN","LEAF","BEV",2,
"1G1FZ6S09M",2021,"CHEVROLET","BOLT EV","BEV",2,
"1N4BZ1DV4M",2021,"NISSAN","LEAF","BEV",2,
"1N4BZ1CV3M",2021,"NISSAN","LEAF","BEV",2,
"1N4BZ1DV8M",2021,"NISSAN","LEAF","BEV",2,
"1G1FZ6S06M",2021,"CHEVROLET","BOLT EV","BEV",2,
"1N4BZ1DV7M",2021,"NISSAN","LEAF","BEV",2,
"YV4ED3UR6M",2021,"VOLVO","XC40","BEV",2,
"KM8K33AG3M",2021,"HYUNDAI","KONA","BEV",2,
"KM8K23AG7M",2021,"HYUNDAI","KONA","BEV",2,
"YV4ED3UR1M",2021,"VOLVO","XC40","BEV",2,
"1G1FY6S01M",2021,"CHEVROLET","BOLT EV","BEV",2,
"1G1FZ6S03M",2021,"CHEVROLET","BOLT EV","BEV",2,
"1G1FY6S08M",2021,"CHEVROLET","BOLT EV","BEV",2,
"1N4BZ1BV6M",2021,"NISSAN","LEAF","BEV",2,
"WP0AA2Y18M",2021,"PORSCHE","TAYCAN","BEV",2,
"1N4AZ1BV9M",2021,"NISSAN","LEAF","BEV",2,
"1N4BZ1CV7M",2021,"NISSAN","LEAF","BEV",2,
"YV4ED3UR4M",2021,"VOLVO","XC40","BEV",2,
"KM8K53AG3M",2021,"HYUNDAI","KONA","BEV",2,
"KNDCE3LGXM",2021,"KIA","NIRO","BEV",2,
"YV4ED3UR8M",2021,"VOLVO","XC40","BEV",2,
"1N4BZ1CV8M",2021,"NISSAN","LEAF","BEV",2,
"WA1VAAGE9M",2021,"AUDI","E-TRON","BEV",2,
"KNDCC3LG4M",2021,"KIA","NIRO","BEV",2,
"1G1FZ6S07M",2021,"CHEVROLET","BOLT EV","BEV",2,
"1N4AZ1BV5M",2021,"NISSAN","LEAF","BEV",2,
"1G1FY6S06M",2021,"CHEVROLET","BOLT EV","BEV",2,
"1N4AZ1CV1M",2021,"NISSAN","LEAF","BEV",2,
"YV4ED3UR0M",2021,"VOLVO","XC40","BEV",2,
"WP0BB2Y13M",2021,"PORSCHE","TAYCAN","BEV",2,
"KMHC85LJ3M",2021,"HYUNDAI","IONIQ","BEV",2,
"WA13AAGE1M",2021,"AUDI","E-TRON SPORTBACK","BEV",2,
"1N4AZ1BV0M",2021,"NISSAN","LEAF","BEV",2,
"1N4BZ1CV9M",2021,"NISSAN","LEAF","BEV",2,
"KM8K33AG9M",2021,"HYUNDAI","KONA","BEV",2,
"WBY8P2C0XM",2021,"BMW","I3","BEV",2,
"KM8K53AG9M",2021,"HYUNDAI","KONA","BEV",2,
"1N4BZ1BV1M",2021,"NISSAN","LEAF","BEV",2,
"1N4BZ1BV5M",2021,"NISSAN","LEAF","BEV",2,
"1N4BZ1BV8M",2021,"NISSAN","LEAF","BEV",2,
"YV4ED3UR2M",2021,"VOLVO","XC40","BEV",2,
"1N4AZ1CVXM",2021,"NISSAN","LEAF","BEV",2,
"KNDCE3LG0M",2021,"KIA","NIRO","BEV",2,
"KM8K53AG4M",2021,"HYUNDAI","KONA","BEV",2,
"1N4BZ1BV7M",2021,"NISSAN","LEAF","BEV",2,
"WA1LABGE9M",2021,"AUDI","E-TRON","BEV",2,
"KM8K23AG1M",2021,"HYUNDAI","KONA","BEV",2,
"1N4BZ1DV1M",2021,"NISSAN","LEAF","BEV",2,
"KM8K53AG2M",2021,"HYUNDAI","KONA","BEV",2,
"1N4AZ1CV9M",2021,"NISSAN","LEAF","BEV",2,
"1N4BZ1BV4M",2021,"NISSAN","LEAF","BEV",2,
"WP0BA2Y14M",2021,"PORSCHE","TAYCAN","BEV",2,
"1G1FZ6S0XM",2021,"CHEVROLET","BOLT EV","BEV",2,
"1N4BZ1DVXM",2021,"NISSAN","LEAF","BEV",2,
"WBY8P2C05M",2021,"BMW","I3","BEV",2,
"1N4BZ1DV0M",2021,"NISSAN","LEAF","BEV",2,
"1G1FY6S00M",2021,"CHEVROLET","BOLT EV","BEV",2,
"1N4AZ1BV4M",2021,"NISSAN","LEAF","BEV",2,
"1N4BZ1CV2M",2021,"NISSAN","LEAF","BEV",2,
"KM8K53AG0M",2021,"HYUNDAI","KONA","BEV",2,
"WP0AA2Y15M",2021,"PORSCHE","TAYCAN","BEV",2,
"KM8K53AG8M",2021,"HYUNDAI","KONA","BEV",2,
"KM8K33AG8M",2021,"HYUNDAI","KONA","BEV",2,
"1N4AZ1CV7M",2021,"NISSAN","LEAF","BEV",2,
"KNDCE3LG9M",2021,"KIA","NIRO","BEV",2,
"1N4AZ1CV5M",2021,"NISSAN","LEAF","BEV",2,
"KM8K53AG7M",2021,"HYUNDAI","KONA","BEV",2,
"YV4ED3UR9M",2021,"VOLVO","XC40","BEV",2,
"1N4BZ1BV3M",2021,"NISSAN","LEAF","BEV",2,
"WP0AA2Y16M",2021,"PORSCHE","TAYCAN","BEV",2,
"WA13AAGE3M",2021,"AUDI","E-TRON SPORTBACK","BEV",2,
"1N4BZ1DV9M",2021,"NISSAN","LEAF","BEV",2,
"1N4AZ1CV3M",2021,"NISSAN","LEAF","BEV",2,
"KNDCC3LG0M",2021,"KIA","NIRO","BEV",2,
"KM8K53AG6M",2021,"HYUNDAI","KONA","BEV",2,
"KM8K33AG2M",2021,"HYUNDAI","KONA","BEV",2,
"KM8K23AG4M",2021,"HYUNDAI","KONA","BEV",2,
"WA13AAGE5M",2021,"AUDI","E-TRON SPORTBACK","BEV",2,
"1N4BZ1DV2M",2021,"NISSAN","LEAF","BEV",2,
"WA1VAAGE7M",2021,"AUDI","E-TRON","BEV",2,
"1N4AZ1CV6M",2021,"NISSAN","LEAF","BEV",2,
"1N4AZ1BV1M",2021,"NISSAN","LEAF","BEV",2,
"KNDCC3LG1M",2021,"KIA","NIRO","BEV",2,
"KM8K33AG6M",2021,"HYUNDAI","KONA","BEV",2,
"KNDCC3LG8M",2021,"KIA","NIRO","BEV",2,
"WP0BC2Y19M",2021,"PORSCHE","TAYCAN","BEV",2,
"KM8K23AG8M",2021,"HYUNDAI","KONA","BEV",2,
"1N4BZ1BVXM",2021,"NISSAN","LEAF","BEV",2,
"WA13AAGE8M",2021,"AUDI","E-TRON SPORTBACK","BEV",2,
"1N4BZ1DV6M",2021,"NISSAN","LEAF","BEV",2,
"WA1LABGE0M",2021,"AUDI","E-TRON","BEV",2,
"KM8K23AG6M",2021,"HYUNDAI","KONA","BEV",2,
"1N4BZ1BV0M",2021,"NISSAN","LEAF","BEV",2,
"WBY8P2C08M",2021,"BMW","I3","BEV",2,
"YV4ED3URXM",2021,"VOLVO","XC40","BEV",2,
"WA1VAAGE3M",2021,"AUDI","E-TRON","BEV",2,
"1N4BZ1CV6M",2021,"NISSAN","LEAF","BEV",2,
"KMHC75LJ3M",2021,"HYUNDAI","IONIQ","BEV",2,
"WA1LABGEXM",2021,"AUDI","E-TRON","BEV",2,
"KNDCC3LG2M",2021,"KIA","NIRO","BEV",2,
"KM8K23AGXM",2021,"HYUNDAI","KONA","BEV",2,
"1N4BZ1CVXM",2021,"NISSAN","LEAF","BEV",2,
"KM8K53AG5M",2021,"HYUNDAI","KONA","BEV",2,
"KNDCE3LG1M",2021,"KIA","NIRO","BEV",2,
"1G1FZ6S05M",2021,"CHEVROLET","BOLT EV","BEV",2,
"KM8K23AG9M",2021,"HYUNDAI","KONA","BEV",2,
"1N4AZ1BV7M",2021,"NISSAN","LEAF","BEV",2,
"1G1FW6S05M",2021,"CHEVROLET","BOLT EV","BEV",2,
"1N4BZ1CV4M",2021,"NISSAN","LEAF","BEV",2,
"KM8K23AG5M",2021,"HYUNDAI","KONA","BEV",2,
"1G1FW6S03M",2021,"CHEVROLET","BOLT EV","BEV",2,
"KMHC85LJXM",2021,"HYUNDAI","IONIQ","BEV",2,
"KM8K33AG0M",2021,"HYUNDAI","KONA","BEV",2,
"KMHC85LJ9M",2021,"HYUNDAI","IONIQ","BEV",2,
"KM8K23AG3M",2021,"HYUNDAI","KONA","BEV",2,
"1G1FW6S00M",2021,"CHEVROLET","BOLT EV","BEV",2,
"KNDCC3LG3M",2021,"KIA","NIRO","BEV",2,
"KM8K33AGXM",2021,"HYUNDAI","KONA","BEV",2,
"1N4BZ1CV1M",2021,"NISSAN","LEAF","BEV",2,
"WA1LABGE2M",2021,"AUDI","E-TRON","BEV",2,
"WBY8P2C09M",2021,"BMW","I3","BEV",2,
"1N4AZ1BV6M",2021,"NISSAN","LEAF","BEV",2,
"WP0AA2Y14M",2021,"PORSCHE","TAYCAN","BEV",2,
"1N4BZ1CV0M",2021,"NISSAN","LEAF","BEV",2,
"KM8K23AG2M",2021,"HYUNDAI","KONA","BEV",2,
"WP0BA2Y16M",2021,"PORSCHE","TAYCAN","BEV",2,
"WP0AA2Y12M",2021,"PORSCHE","TAYCAN","BEV",2,
"WP0AA2Y19M",2021,"PORSCHE","TAYCAN","BEV",2,
"1G1FW6S02M",2021,"CHEVROLET","BOLT EV","BEV",2,
"KM8K53AGXM",2021,"HYUNDAI","KONA","BEV",2,
"WP0BA2Y18M",2021,"PORSCHE","TAYCAN","BEV",2,
"1N4AZ1BV3M",2021,"NISSAN","LEAF","BEV",2,
"1N4BZ1BV2M",2021,"NISSAN","LEAF","BEV",2,
"KNDCC3LG5M",2021,"KIA","NIRO","BEV",2,
"KM8K33AG7M",2021,"HYUNDAI","KONA","BEV",2,
"WBY8P2C03M",2021,"BMW","I3","BEV",2,
"KMHC85LJ1M",2021,"HYUNDAI","IONIQ","BEV",2,
"WA13AAGE4M",2021,"AUDI","E-TRON SPORTBACK","BEV",2,
"WA1VAAGEXM",2021,"AUDI","E-TRON","BEV",2,
"KNDCE3LG5M",2021,"KIA","NIRO","BEV",2,
"WA13AAGE0M",2021,"AUDI","E-TRON SPORTBACK","BEV",2,
"WBY8P2C02M",2021,"BMW","I3","BEV",2,
"WBY8P2C04M",2021,"BMW","I3","BEV",2,
"KNDCC3LG6M",2021,"KIA","NIRO","BEV",2,
"WA1LABGE8M",2021,"AUDI","E-TRON","BEV",2,
"KNDCC3LG7M",2021,"KIA","NIRO","BEV",2,
"WA1LABGE6M",2021,"AUDI","E-TRON","BEV",2,
"1G1FW6S04M",2021,"CHEVROLET","BOLT EV","BEV",2,
"KMHC85LJ2M",2021,"HYUNDAI","IONIQ","BEV",2,
"KMHC75LJ5M",2021,"HYUNDAI","IONIQ","BEV",2,
"WBY8P2C01M",2021,"BMW","I3","BEV",2,
"WBY8P2C00M",2021,"BMW","I3","BEV",2,
"WP0BC2Y14M",2021,"PORSCHE","TAYCAN","BEV",2,
"WA1VAAGE1M",2021,"AUDI","E-TRON","BEV",2,
"KNDCE3LG4M",2021,"KIA","NIRO","BEV",2,
"WA1VAAGE6M",2021,"AUDI","E-TRON","BEV",2,
"WP0BA2Y1XM",2021,"PORSCHE","TAYCAN","BEV",2,
"1G1FW6S06M",2021,"CHEVROLET","BOLT EV","BEV",2,
"KNDCC3LGXM",2021,"KIA","NIRO","BEV",2,
"1N4AZ1BV8M",2021,"NISSAN","LEAF","BEV",2,
"1N4AZ1BVXM",2021,"NISSAN","LEAF","BEV",2,
"WA1LABGE5M",2021,"AUDI","E-TRON","BEV",2,
"1G1FW6S09M",2021,"CHEVROLET","BOLT EV","BEV",2,
"WP0AA2Y10M",2021,"PORSCHE","TAYCAN","BEV",2,
"WA13AAGE6M",2021,"AUDI","E-TRON SPORTBACK","BEV",2,
"KMHC85LJ8M",2021,"HYUNDAI","IONIQ","BEV",2,
"1G1FW6S01M",2021,"CHEVROLET","BOLT EV","BEV",2,
"WA13AAGEXM",2021,"AUDI","E-TRON SPORTBACK","BEV",2,
"WBY8P6C0XM",2021,"BMW","I3","BEV",2,
"WA1VAAGE5M",2021,"AUDI","E-TRON","BEV",2,
"KM8K23AG0M",2021,"HYUNDAI","KONA","BEV",2,
"WBY8P6C04M",2021,"BMW","I3","BEV",2,
"1G1FW6S08M",2021,"CHEVROLET","BOLT EV","BEV",2,
"KMHC75LJXM",2021,"HYUNDAI","IONIQ","BEV",2,
"WA1VAAGE2M",2021,"AUDI","E-TRON","BEV",2,
"WBY8P2C06M",2021,"BMW","I3","BEV",2,
"KMHC85LJ7M",2021,"HYUNDAI","IONIQ","BEV",2,
"WBY8P2C07M",2021,"BMW","I3","BEV",2,
"WP0AA2Y11M",2021,"PORSCHE","TAYCAN","BEV",2,
"KNDCE3LG6M",2021,"KIA","NIRO","BEV",2,
"1G1FW6S0XM",2021,"CHEVROLET","BOLT EV","BEV",2,
"WA1VAAGE4M",2021,"AUDI","E-TRON","BEV",2,
"KMHC75LJ7M",2021,"HYUNDAI","IONIQ","BEV",2,
"WA13AAGE9M",2021,"AUDI","E-TRON SPORTBACK","BEV",2,
"KNDCE3LG3M",2021,"KIA","NIRO","BEV",2,
"1N4BZ1DV5M",2021,"NISSAN","LEAF","BEV",2,
"WP0BB2Y10M",2021,"PORSCHE","TAYCAN","BEV",2,
"WP0AA2Y13M",2021,"PORSCHE","TAYCAN","BEV",2,
"KNDCE3LG2M",2021,"KIA","NIRO","BEV",2,
"WA1VAAGE0M",2021,"AUDI","E-TRON","BEV",2,
"WP0BA2Y17M",2021,"PORSCHE","TAYCAN","BEV",2,
"KMHC75LJ0M",2021,"HYUNDAI","IONIQ","BEV",2,
"WA13AAGE2M",2021,"AUDI","E-TRON SPORTBACK","BEV",2,
"WP0BB2Y11M",2021,"PORSCHE","TAYCAN","BEV",2,
"KNDCC3LG9M",2021,"KIA","NIRO","BEV",2,
"WA13AAGE7M",2021,"AUDI","E-TRON SPORTBACK","BEV",2,
"WA1VAAGE8M",2021,"AUDI","E-TRON","BEV",2,
"WA12ABGE8M",2021,"AUDI","E-TRON SPORTBACK","BEV",2,
"WP0BB2Y17M",2021,"PORSCHE","TAYCAN","BEV",2,
"WA12ABGE4M",2021,"AUDI","E-TRON SPORTBACK","BEV",2,
"WBY8P6C00M",2021,"BMW","I3","BEV",2,
"WVGRMPE20M",2021,"VOLKSWAGEN","ID.4","BEV",2,
"WVGUNPE2XM",2021,"VOLKSWAGEN","ID.4","BEV",2,
"WVGKMPE2XM",2021,"VOLKSWAGEN","ID.4","BEV",2,
"WVGTMPE27M",2021,"VOLKSWAGEN","ID.4","BEV",2,
"WVGTMPE25M",2021,"VOLKSWAGEN","ID.4","BEV",2,
"WVGRMPE25M",2021,"VOLKSWAGEN","ID.4","BEV",2,
"WVGRMPE22M",2021,"VOLKSWAGEN","ID.4","BEV",2,
"WVGKMPE25M",2021,"VOLKSWAGEN","ID.4","BEV",2,
"WVGGNPE25M",2021,"VOLKSWAGEN","ID.4","BEV",2,
"WVGKMPE26M",2021,"VOLKSWAGEN","ID.4","BEV",2,
"WVGDMPE27M",2021,"VOLKSWAGEN","ID.4","BEV",2,
"WVGJNPE28M",2021,"VOLKSWAGEN","ID.4","BEV",2,
"WVGGNPE23M",2021,"VOLKSWAGEN","ID.4","BEV",2,
"WVGGNPE20M",2021,"VOLKSWAGEN","ID.4","BEV",2,
"WVGDMPE23M",2021,"VOLKSWAGEN","ID.4","BEV",2,
"WVGDMPE26M",2021,"VOLKSWAGEN","ID.4","BEV",2,
"WVGUNPE26M",2021,"VOLKSWAGEN","ID.4","BEV",2,
"WVGUNPE20M",2021,"VOLKSWAGEN","ID.4","BEV",2,
"WVGRMPE27M",2021,"VOLKSWAGEN","ID.4","BEV",2,
"WVGGNPE29M",2021,"VOLKSWAGEN","ID.4","BEV",2,
"WVGUNPE25M",2021,"VOLKSWAGEN","ID.4","BEV",2,
"WVGKMPE21M",2021,"VOLKSWAGEN","ID.4","BEV",2,
"WVGTMPE20M",2021,"VOLKSWAGEN","ID.4","BEV",2,
"WVGTMPE24M",2021,"VOLKSWAGEN","ID.4","BEV",2,
"WVGTMPE29M",2021,"VOLKSWAGEN","ID.4","BEV",2,
"WVGRMPE2XM",2021,"VOLKSWAGEN","ID.4","BEV",2,
"WVGDMPE28M",2021,"VOLKSWAGEN","ID.4","BEV",2,
"WVGUNPE29M",2021,"VOLKSWAGEN","ID.4","BEV",2,
"WVGTMPE2XM",2021,"VOLKSWAGEN","ID.4","BEV",2,
"WVGDMPE2XM",2021,"VOLKSWAGEN","ID.4","BEV",2,
"WVGRMPE26M",2021,"VOLKSWAGEN","ID.4","BEV",2,
"WVGTMPE26M",2021,"VOLKSWAGEN","ID.4","BEV",2,
"WVGDMPE29M",2021,"VOLKSWAGEN","ID.4","BEV",2,
"WVGDMPE20M",2021,"VOLKSWAGEN","ID.4","BEV",2,
"WVGTMPE21M",2021,"VOLKSWAGEN","ID.4","BEV",2,
"WVGUNPE23M",2021,"VOLKSWAGEN","ID.4","BEV",2,
"WVGTMPE22M",2021,"VOLKSWAGEN","ID.4","BEV",2,
"WVGUNPE22M",2021,"VOLKSWAGEN","ID.4","BEV",2,
"WVGJNPE25M",2021,"VOLKSWAGEN","ID.4","BEV",2,
"WVGJNPE26M",2021,"VOLKSWAGEN","ID.4","BEV",2,
"WVGTMPE23M",2021,"VOLKSWAGEN","ID.4","BEV",2,
"WVGDMPE25M",2021,"VOLKSWAGEN","ID.4","BEV",2,
"WVGUNPE24M",2021,"VOLKSWAGEN","ID.4","BEV",2,
"WVGDMPE21M",2021,"VOLKSWAGEN","ID.4","BEV",2,
"WVGTMPE28M",2021,"VOLKSWAGEN","ID.4","BEV",2,
"WVGKMPE22M",2021,"VOLKSWAGEN","ID.4","BEV",2,
"WVGDMPE22M",2021,"VOLKSWAGEN","ID.4","BEV",2,
"WVGRMPE24M",2021,"VOLKSWAGEN","ID.4","BEV",2,
"WVGRMPE28M",2021,"VOLKSWAGEN","ID.4","BEV",2,
"WVGRMPE29M",2021,"VOLKSWAGEN","ID.4","BEV",2,
"WVGKMPE27M",2021,"VOLKSWAGEN","ID.4","BEV",2,
"WVGUNPE28M",2021,"VOLKSWAGEN","ID.4","BEV",2,
"WVGGNPE26M",2021,"VOLKSWAGEN","ID.4","BEV",2,
"WVGUNPE21M",2021,"VOLKSWAGEN","ID.4","BEV",2,
"WVGJNPE29M",2021,"VOLKSWAGEN","ID.4","BEV",2,
"WVGGNPE22M",2021,"VOLKSWAGEN","ID.4","BEV",2,
"WVGUNPE27M",2021,"VOLKSWAGEN","ID.4","BEV",2,
"WVGRMPE23M",2021,"VOLKSWAGEN","ID.4","BEV",2,
"WVGGNPE24M",2021,"VOLKSWAGEN","ID.4","BEV",2,
"WVGJNPE2XM",2021,"VOLKSWAGEN","ID.4","BEV",2,
"WVGKMPE23M",2021,"VOLKSWAGEN","ID.4","BEV",2,
"WVGGNPE2XM",2021,"VOLKSWAGEN","ID.4","BEV",2,
"WVGGNPE28M",2021,"VOLKSWAGEN","ID.4","BEV",2,
"WVGKMPE29M",2021,"VOLKSWAGEN","ID.4","BEV",2,
"WVGKMPE24M",2021,"VOLKSWAGEN","ID.4","BEV",2,
"WVGJNPE20M",2021,"VOLKSWAGEN","ID.4","BEV",2,
"WVGJNPE23M",2021,"VOLKSWAGEN","ID.4","BEV",2,
"WVGGNPE21M",2021,"VOLKSWAGEN","ID.4","BEV",2,
"WVGKMPE28M",2021,"VOLKSWAGEN","ID.4","BEV",2,
"WVGKMPE20M",2021,"VOLKSWAGEN","ID.4","BEV",2,
"WVGGNPE27M",2021,"VOLKSWAGEN","ID.4","BEV",2,
"WVGDMPE24M",2021,"VOLKSWAGEN","ID.4","BEV",2,
"WVGJNPE24M",2021,"VOLKSWAGEN","ID.4","BEV",2,
"WVGJNPE27M",2021,"VOLKSWAGEN","ID.4","BEV",2,
"WVGRMPE21M",2021,"VOLKSWAGEN","ID.4","BEV",2,
"WVGJNPE22M",2021,"VOLKSWAGEN","ID.4","BEV",2,
"WVGJNPE21M",2021,"VOLKSWAGEN","ID.4","BEV",2,
"3FMTK3SU6M",2021,"FORD","MUSTANG MACH-E","BEV",2,
"3FMTK3SU4M",2021,"FORD","MUSTANG MACH-E","BEV",2,
"3FMTK4SX4M",2021,"FORD","MUSTANG MACH-E","BEV",2,
"3FMTK2R78M",2021,"FORD","MUSTANG MACH-E","BEV",2,
"3FMTK4SX5M",2021,"FORD","MUSTANG MACH-E","BEV",2,
"3FMTK3SU3M",2021,"FORD","MUSTANG MACH-E","BEV",2,
"3FMTK3SS3M",2021,"FORD","MUSTANG MACH-E","BEV",2,
"3FMTK3R71M",2021,"FORD","MUSTANG MACH-E","BEV",2,
"3FMTK3SUXM",2021,"FORD","MUSTANG MACH-E","BEV",2,
"3FMTK1SS7M",2021,"FORD","MUSTANG MACH-E","BEV",2,
"3FMTK3SU2M",2021,"FORD","MUSTANG MACH-E","BEV",2,
"3FMTK3R73M",2021,"FORD","MUSTANG MACH-E","BEV",2,
"3FMTK1SS1M",2021,"FORD","MUSTANG MACH-E","BEV",2,
"3FMTK3SU5M",2021,"FORD","MUSTANG MACH-E","BEV",2,
"3FMTK3SU8M",2021,"FORD","MUSTANG MACH-E","BEV",2,
"3FMTK1RMXM",2021,"FORD","MUSTANG MACH-E","BEV",2,
"3FMTK3R77M",2021,"FORD","MUSTANG MACH-E","BEV",2,
"3FMTK3SU9M",2021,"FORD","MUSTANG MACH-E","BEV",2,
"3FMTK3SU7M",2021,"FORD","MUSTANG MACH-E","BEV",2,
"3FMTK4SE9M",2021,"FORD","MUSTANG MACH-E","BEV",2,
"3FMTK4SE0M",2021,"FORD","MUSTANG MACH-E","BEV",2,
"3FMTK3R7XM",2021,"FORD","MUSTANG MACH-E","BEV",2,
"3FMTK3RM8M",2021,"FORD","MUSTANG MACH-E","BEV",2,
"3FMTK3SS2M",2021,"FORD","MUSTANG MACH-E","BEV",2,
"3FMTK1RM9M",2021,"FORD","MUSTANG MACH-E","BEV",2,
"3FMTK3SU0M",2021,"FORD","MUSTANG MACH-E","BEV",2,
"3FMTK4SE3M",2021,"FORD","MUSTANG MACH-E","BEV",2,
"3FMTK2R74M",2021,"FORD","MUSTANG MACH-E","BEV",2,
"3FMTK1RM7M",2021,"FORD","MUSTANG MACH-E","BEV",2,
"3FMTK1SS9M",2021,"FORD","MUSTANG MACH-E","BEV",2,
"3FMTK3SS0M",2021,"FORD","MUSTANG MACH-E","BEV",2,
"3FMTK3RMXM",2021,"FORD","MUSTANG MACH-E","BEV",2,
"3FMTK1RM8M",2021,"FORD","MUSTANG MACH-E","BEV",2,
"3FMTK1SS2M",2021,"FORD","MUSTANG MACH-E","BEV",2,
"3FMTK4SE2M",2021,"FORD","MUSTANG MACH-E","BEV",2,
"3FMTK3SS4M",2021,"FORD","MUSTANG MACH-E","BEV",2,
"3FMTK3R74M",2021,"FORD","MUSTANG MACH-E","BEV",2,
"3FMTK3SU1M",2021,"FORD","MUSTANG MACH-E","BEV",2,
"3FMTK3SSXM",2021,"FORD","MUSTANG MACH-E","BEV",2,
"3FMTK3R70M",2021,"FORD","MUSTANG MACH-E","BEV",2,
"3FMTK4SX0M",2021,"FORD","MUSTANG MACH-E","BEV",2,
"3FMTK4SE5M",2021,"FORD","MUSTANG MACH-E","BEV",2,
"3FMTK1SSXM",2021,"FORD","MUSTANG MACH-E","BEV",2,
"3FMTK2R76M",2021,"FORD","MUSTANG MACH-E","BEV",2,
"3FMTK4SX3M",2021,"FORD","MUSTANG MACH-E","BEV",2,
"3FMTK4SE8M",2021,"FORD","MUSTANG MACH-E","BEV",2,
"3FMTK3R72M",2021,"FORD","MUSTANG MACH-E","BEV",2,
"3FMTK3RM2M",2021,"FORD","MUSTANG MACH-E","BEV",2,
"3FMTK1SS8M",2021,"FORD","MUSTANG MACH-E","BEV",2,
"3FMTK4SX1M",2021,"FORD","MUSTANG MACH-E","BEV",2,
"3FMTK4SEXM",2021,"FORD","MUSTANG MACH-E","BEV",2,
"3FMTK1RM6M",2021,"FORD","MUSTANG MACH-E","BEV",2,
"3FMTK3SS1M",2021,"FORD","MUSTANG MACH-E","BEV",2,
"3FMTK3R76M",2021,"FORD","MUSTANG MACH-E","BEV",2,
"3FMTK3SS6M",2021,"FORD","MUSTANG MACH-E","BEV",2,
"3FMTK1SS3M",2021,"FORD","MUSTANG MACH-E","BEV",2,
"3FMTK1RM2M",2021,"FORD","MUSTANG MACH-E","BEV",2,
"3FMTK1RM1M",2021,"FORD","MUSTANG MACH-E","BEV",2,
"3FMTK3R78M",2021,"FORD","MUSTANG MACH-E","BEV",2,
"3FMTK1SS6M",2021,"FORD","MUSTANG MACH-E","BEV",2,
"3FMTK1SS4M",2021,"FORD","MUSTANG MACH-E","BEV",2,
"3FMTK4SX8M",2021,"FORD","MUSTANG MACH-E","BEV",2,
"3FMTK3R75M",2021,"FORD","MUSTANG MACH-E","BEV",2,
"3FMTK3SS9M",2021,"FORD","MUSTANG MACH-E","BEV",2,
"3FMTK3RM7M",2021,"FORD","MUSTANG MACH-E","BEV",2,
"3FMTK4SX2M",2021,"FORD","MUSTANG MACH-E","BEV",2,
"3FMTK3SS5M",2021,"FORD","MUSTANG MACH-E","BEV",2,
"3FMTK3RM5M",2021,"FORD","MUSTANG MACH-E","BEV",2,
"3FMTK4SE6M",2021,"FORD","MUSTANG MACH-E","BEV",2,
"3FMTK1RM5M",2021,"FORD","MUSTANG MACH-E","BEV",2,
"3FMTK1SS0M",2021,"FORD","MUSTANG MACH-E","BEV",2,
"3FMTK1SS5M",2021,"FORD","MUSTANG MACH-E","BEV",2,
"3FMTK2R77M",2021,"FORD","MUSTANG MACH-E","BEV",2,
"3FMTK4SX6M",2021,"FORD","MUSTANG MACH-E","BEV",2,
"3FMTK4SE1M",2021,"FORD","MUSTANG MACH-E","BEV",2,
"3FMTK3RM1M",2021,"FORD","MUSTANG MACH-E","BEV",2,
"3FMTK4SX9M",2021,"FORD","MUSTANG MACH-E","BEV",2,
"3FMTK3RM3M",2021,"FORD","MUSTANG MACH-E","BEV",2,
"3FMTK3RM9M",2021,"FORD","MUSTANG MACH-E","BEV",2,
"3FMTK3SS7M",2021,"FORD","MUSTANG MACH-E","BEV",2,
"3FMTK3RM4M",2021,"FORD","MUSTANG MACH-E","BEV",2,
"3FMTK2R7XM",2021,"FORD","MUSTANG MACH-E","BEV",2,
"3FMTK2R75M",2021,"FORD","MUSTANG MACH-E","BEV",2,
"3FMTK1RM3M",2021,"FORD","MUSTANG MACH-E","BEV",2,
"3FMTK4SE7M",2021,"FORD","MUSTANG MACH-E","BEV",2,
"3FMTK1RM4M",2021,"FORD","MUSTANG MACH-E","BEV",2,
"3FMTK3R79M",2021,"FORD","MUSTANG MACH-E","BEV",2,
"3FMTK3SS8M",2021,"FORD","MUSTANG MACH-E","BEV",2,
"3FMTK4SX7M",2021,"FORD","MUSTANG MACH-E","BEV",2,
"3FMTK4SE4M",2021,"FORD","MUSTANG MACH-E","BEV",2,
"3FMTK2R73M",2021,"FORD","MUSTANG MACH-E","BEV",2,
"3FMTK2R72M",2021,"FORD","MUSTANG MACH-E","BEV",2,
"3FMTK4SXXM",2021,"FORD","MUSTANG MACH-E","BEV",2,
"3FMTK3RM0M",2021,"FORD","MUSTANG MACH-E","BEV",2,
"3FMTK2R71M",2021,"FORD","MUSTANG MACH-E","BEV",2,
"3FMTK2R70M",2021,"FORD","MUSTANG MACH-E","BEV",2,
"3FMTK1RM0M",2021,"FORD","MUSTANG MACH-E","BEV",2,
"3FMTK2R79M",2021,"FORD","MUSTANG MACH-E","BEV",2,
"3FMTK3RM6M",2021,"FORD","MUSTANG MACH-E","BEV",2,
"5YJYGDEE4M",2021,"TESLA","MODEL Y","BEV",2,
"5YJYGDEE9M",2021,"TESLA","MODEL Y","BEV",2,
"5YJYGDEE5M",2021,"TESLA","MODEL Y","BEV",2,
"5YJYGAEE0M",2021,"TESLA","MODEL Y","BEV",2,
"5YJ3E1EC3M",2021,"TESLA","MODEL 3","BEV",2,
"5YJYGDEE2M",2021,"TESLA","MODEL Y","BEV",2,
"5YJ3E1EB5M",2021,"TESLA","MODEL 3","BEV",2,
"5YJSA1E57M",2021,"TESLA","MODEL S","BEV",2,
"5YJYGDEE3M",2021,"TESLA","MODEL Y","BEV",2,
"5YJYGAEE5M",2021,"TESLA","MODEL Y","BEV",2,
"5YJYGAEE6M",2021,"TESLA","MODEL Y","BEV",2,
"5YJYGAEE7M",2021,"TESLA","MODEL Y","BEV",2,
"5YJ3E1EB3M",2021,"TESLA","MODEL 3","BEV",2,
"5YJ3E1EAXM",2021,"TESLA","MODEL 3","BEV",2,
"5YJ3E1EB8M",2021,"TESLA","MODEL 3","BEV",2,
"5YJYGDEE1M",2021,"TESLA","MODEL Y","BEV",2,
"5YJ3E1EB9M",2021,"TESLA","MODEL 3","BEV",2,
"5YJYGDEE6M",2021,"TESLA","MODEL Y","BEV",2,
"5YJ3E1EA8M",2021,"TESLA","MODEL 3","BEV",2,
"5YJYGDEF0M",2021,"TESLA","MODEL Y","BEV",2,
"5YJYGDEEXM",2021,"TESLA","MODEL Y","BEV",2,
"5YJYGDEE8M",2021,"TESLA","MODEL Y","BEV",2,
"5YJYGDEE0M",2021,"TESLA","MODEL Y","BEV",2,
"5YJ3E1ECXM",2021,"TESLA","MODEL 3","BEV",2,
"5YJ3E1EA3M",2021,"TESLA","MODEL 3","BEV",2,
"5YJYGAEE1M",2021,"TESLA","MODEL Y","BEV",2,
"5YJ3E1EA9M",2021,"TESLA","MODEL 3","BEV",2,
"5YJYGDEE7M",2021,"TESLA","MODEL Y","BEV",2,
"5YJYGAEE9M",2021,"TESLA","MODEL Y","BEV",2,
"5YJYGAEE2M",2021,"TESLA","MODEL Y","BEV",2,
"5YJ3E1EB2M",2021,"TESLA","MODEL 3","BEV",2,
"5YJYGAEE3M",2021,"TESLA","MODEL Y","BEV",2,
"5YJYGDED8M",2021,"TESLA","MODEL Y","BEV",2,
"5YJ3E1EC7M",2021,"TESLA","MODEL 3","BEV",2,
"5YJSA1E20M",2021,"TESLA","MODEL S","BEV",2,
"5YJ3E1EC1M",2021,"TESLA","MODEL 3","BEV",2,
"5YJ3E1EBXM",2021,"TESLA","MODEL 3","BEV",2,
"5YJSA1E62M",2021,"TESLA","MODEL S","BEV",2,
"5YJ3E1EB6M",2021,"TESLA","MODEL 3","BEV",2,
"5YJ3E1EA0M",2021,"TESLA","MODEL 3","BEV",2,
"5YJ3E1EA6M",2021,"TESLA","MODEL 3","BEV",2,
"5YJ3E1EB4M",2021,"TESLA","MODEL 3","BEV",2,
"5YJ3E1EA7M",2021,"TESLA","MODEL 3","BEV",2,
"5YJYGAED1M",2021,"TESLA","MODEL Y","BEV",2,
"5YJ3E1EB7M",2021,"TESLA","MODEL 3","BEV",2,
"5YJ3E1EC5M",2021,"TESLA","MODEL 3","BEV",2,
"5YJYGDED0M",2021,"TESLA","MODEL Y","BEV",2,
"5YJ3E1EA2M",2021,"TESLA","MODEL 3","BEV",2,
"5YJSA1E69M",2021,"TESLA","MODEL S","BEV",2,
"5YJYGDEF4M",2021,"TESLA","MODEL Y","BEV",2,
"5YJXCAE2XM",2021,"TESLA","MODEL X","BEV",2,
"5YJSA1E22M",2021,"TESLA","MODEL S","BEV",2,
"5YJYGAEE4M",2021,"TESLA","MODEL Y","BEV",2,
"5YJYGAEEXM",2021,"TESLA","MODEL Y","BEV",2,
"5YJYGDEF8M",2021,"TESLA","MODEL Y","BEV",2,
"5YJYGDEF6M",2021,"TESLA","MODEL Y","BEV",2,
"5YJ3E1EC8M",2021,"TESLA","MODEL 3","BEV",2,
"5YJYGDEF3M",2021,"TESLA","MODEL Y","BEV",2,
"5YJ3E1EA5M",2021,"TESLA","MODEL 3","BEV",2,
"5YJ3E1EC0M",2021,"TESLA","MODEL 3","BEV",2,
"5YJ3E1EB1M",2021,"TESLA","MODEL 3","BEV",2,
"5YJYGDED2M",2021,"TESLA","MODEL Y","BEV",2,
"5YJSA1E53M",2021,"TESLA","MODEL S","BEV",2,
"5YJYGAEE8M",2021,"TESLA","MODEL Y","BEV",2,
"5YJ3E1EC6M",2021,"TESLA","MODEL 3","BEV",2,
"5YJSA1E68M",2021,"TESLA","MODEL S","BEV",2,
"5YJSA1E67M",2021,"TESLA","MODEL S","BEV",2,
"5YJYGAED3M",2021,"TESLA","MODEL Y","BEV",2,
"5YJ3E1EC4M",2021,"TESLA","MODEL 3","BEV",2,
"5YJXCAE24M",2021,"TESLA","MODEL X","BEV",2,
"5YJYGDEF5M",2021,"TESLA","MODEL Y","BEV",2,
"5YJYGDEF2M",2021,"TESLA","MODEL Y","BEV",2,
"5YJYGDEF9M",2021,"TESLA","MODEL Y","BEV",2,
"5YJXCDE21M",2021,"TESLA","MODEL X","BEV",2,
"5YJYGDEFXM",2021,"TESLA","MODEL Y","BEV",2,
"5YJ3E1EB0M",2021,"TESLA","MODEL 3","BEV",2,
"5YJ3E1EA1M",2021,"TESLA","MODEL 3","BEV",2,
"5YJSA1E66M",2021,"TESLA","MODEL S","BEV",2,
"5YJXCAE47M",2021,"TESLA","MODEL X","BEV",2,
"5YJXCDE24M",2021,"TESLA","MODEL X","BEV",2,
"5YJYGDEF7M",2021,"TESLA","MODEL Y","BEV",2,
"5YJSA1E5XM",2021,"TESLA","MODEL S","BEV",2,
"5YJXCBE23M",2021,"TESLA","MODEL X","BEV",2,
"5YJSA1E51M",2021,"TESLA","MODEL S","BEV",2,
"5YJYGDEDXM",2021,"TESLA","MODEL Y","BEV",2,
"5YJYGDED7M",2021,"TESLA","MODEL Y","BEV",2,
"5YJ3E1EA4M",2021,"TESLA","MODEL 3","BEV",2,
"5YJSA1E61M",2021,"TESLA","MODEL S","BEV",2,
"5YJYGDEF1M",2021,"TESLA","MODEL Y","BEV",2,
"5YJSA1E28M",2021,"TESLA","MODEL S","BEV",2,
"5YJYGDED1M",2021,"TESLA","MODEL Y","BEV",2,
"5YJ3E1EC2M",2021,"TESLA","MODEL 3","BEV",2,
"5YJSA1E64M",2021,"TESLA","MODEL S","BEV",2,
"5YJSA1E65M",2021,"TESLA","MODEL S","BEV",2,
"5YJXCAE26M",2021,"TESLA","MODEL X","BEV",2,
"5YJXCBE28M",2021,"TESLA","MODEL X","BEV",2,
"5YJSA1E60M",2021,"TESLA","MODEL S","BEV",2,
"5YJXCBE2XM",2021,"TESLA","MODEL X","BEV",2,
"5YJYGDED5M",2021,"TESLA","MODEL Y","BEV",2,
"5YJ3E1EC9M",2021,"TESLA","MODEL 3","BEV",2,
"5YJYGDED4M",2021,"TESLA","MODEL Y","BEV",2,
"5YJXCBE42M",2021,"TESLA","MODEL X","BEV",2,
"5YJXCBE58M",2021,"TESLA","MODEL X","BEV",2,
"5YJSA1E55M",2021,"TESLA","MODEL S","BEV",2,
"5YJSA1E52M",2021,"TESLA","MODEL S","BEV",2,
"5YJSA1E44M",2021,"TESLA","MODEL S","BEV",2,
"5YJXCBE5XM",2021,"TESLA","MODEL X","BEV",2,
"5YJSA1E2XM",2021,"TESLA","MODEL S","BEV",2,
"5YJXCBE53M",2021,"TESLA","MODEL X","BEV",2,
"5YJSA1E6XM",2021,"TESLA","MODEL S","BEV",2,
"5YJXCBE44M",2021,"TESLA","MODEL X","BEV",2,
"5YJXCAE27M",2021,"TESLA","MODEL X","BEV",2,
"5YJYGAED8M",2021,"TESLA","MODEL Y","BEV",2,
"5YJSA1E63M",2021,"TESLA","MODEL S","BEV",2,
"5YJSA1E54M",2021,"TESLA","MODEL S","BEV",2,
"5YJXCAE22M",2021,"TESLA","MODEL X","BEV",2,
"5YJXCDE23M",2021,"TESLA","MODEL X","BEV",2,
"5YJSA1E59M",2021,"TESLA","MODEL S","BEV",2,
"5YJSA1E56M",2021,"TESLA","MODEL S","BEV",2,
"5YJYGDED6M",2021,"TESLA","MODEL Y","BEV",2,
"5YJXCBE55M",2021,"TESLA","MODEL X","BEV",2,
"5YJSA1E21M",2021,"TESLA","MODEL S","BEV",2,
"5YJSA1E25M",2021,"TESLA","MODEL S","BEV",2,
"5YJXCDE20M",2021,"TESLA","MODEL X","BEV",2,
"5YJYGDED9M",2021,"TESLA","MODEL Y","BEV",2,
"5YJXCAE29M",2021,"TESLA","MODEL X","BEV",2,
"5YJXCBE29M",2021,"TESLA","MODEL X","BEV",2,
"5YJSA1E50M",2021,"TESLA","MODEL S","BEV",2,
"5YJSA1E23M",2021,"TESLA","MODEL S","BEV",2,
"5YJXCDE27M",2021,"TESLA","MODEL X","BEV",2,
"5YJSA1E26M",2021,"TESLA","MODEL S","BEV",2,
"5YJSA1E29M",2021,"TESLA","MODEL S","BEV",2,
"5YJYGAEDXM",2021,"TESLA","MODEL Y","BEV",2,
"5YJSA1E42M",2021,"TESLA","MODEL S","BEV",2,
"5YJXCBE21M",2021,"TESLA","MODEL X","BEV",2,
"5YJXCAE25M",2021,"TESLA","MODEL X","BEV",2,
"5YJYGAED0M",2021,"TESLA","MODEL Y","BEV",2,
"5YJXCBE26M",2021,"TESLA","MODEL X","BEV",2,
"5YJXCDE26M",2021,"TESLA","MODEL X","BEV",2,
"5YJSA1E49M",2021,"TESLA","MODEL S","BEV",2,
"5YJXCDE2XM",2021,"TESLA","MODEL X","BEV",2,
"5YJSA1E58M",2021,"TESLA","MODEL S","BEV",2,
"5YJXCBE50M",2021,"TESLA","MODEL X","BEV",2,
"5YJSA1E24M",2021,"TESLA","MODEL S","BEV",2,
"5YJXCAE28M",2021,"TESLA","MODEL X","BEV",2,
"5YJSA1E41M",2021,"TESLA","MODEL S","BEV",2,
"5YJYGDED3M",2021,"TESLA","MODEL Y","BEV",2,
"5YJSA1E27M",2021,"TESLA","MODEL S","BEV",2,
"5YJXCDE29M",2021,"TESLA","MODEL X","BEV",2,
"5YJXCBE22M",2021,"TESLA","MODEL X","BEV",2,
"5YJXCAE23M",2021,"TESLA","MODEL X","BEV",2,
"5YJXCDE22M",2021,"TESLA","MODEL X","BEV",2,
"5YJXCAE21M",2021,"TESLA","MODEL X","BEV",2,
"5YJXCBE24M",2021,"TESLA","MODEL X","BEV",2,
"5YJXCBE20M",2021,"TESLA","MODEL X","BEV",2,
"5YJXCDE25M",2021,"TESLA","MODEL X","BEV",2,
"5YJXCDE47M",2021,"TESLA","MODEL X","BEV",2,
"5YJXCBE25M",2021,"TESLA","MODEL X","BEV",2,
"5YJSA1E47M",2021,"TESLA","MODEL S","BEV",2,
"5YJXCBE27M",2021,"TESLA","MODEL X","BEV",2,
"5YJXCAE20M",2021,"TESLA","MODEL X","BEV",2,
"5YJSA1E4XM",2021,"TESLA","MODEL S","BEV",2,
"5YJXCBE46M",2021,"TESLA","MODEL X","BEV",2,
"5YJSA1E45M",2021,"TESLA","MODEL S","BEV",2,
"5YJXCDE41M",2021,"TESLA","MODEL X","BEV",2,
"5YJXCDE42M",2021,"TESLA","MODEL X","BEV",2,
"5YJXCBE40M",2021,"TESLA","MODEL X","BEV",2,
"5YJYGAED7M",2021,"TESLA","MODEL Y","BEV",2,
"5YJXCBE54M",2021,"TESLA","MODEL X","BEV",2,
"5YJXCBE47M",2021,"TESLA","MODEL X","BEV",2,
"5YJXCBE51M",2021,"TESLA","MODEL X","BEV",2,
"5YJXCBE57M",2021,"TESLA","MODEL X","BEV",2,
"5YJXCDE28M",2021,"TESLA","MODEL X","BEV",2,
"5YJXCBE48M",2021,"TESLA","MODEL X","BEV",2,
"5YJXCBE45M",2021,"TESLA","MODEL X","BEV",2,
"5YJXCAE49M",2021,"TESLA","MODEL X","BEV",2,
"5YJXCAE41M",2021,"TESLA","MODEL X","BEV",2,
"5YJSA1E43M",2021,"TESLA","MODEL S","BEV",2,
"5YJYGAED2M",2021,"TESLA","MODEL Y","BEV",2,
"1N4BZ1BP8L",2020,"NISSAN","LEAF","BEV",2,
"1N4BZ1BP0L",2020,"NISSAN","LEAF","BEV",2,
"WMWXP3C08L",2020,"MINI","HARDTOP","BEV",2,
"1N4BZ1BP9L",2020,"NISSAN","LEAF","BEV",2,
"WMWXP3C05L",2020,"MINI","HARDTOP","BEV",2,
"WMWXP3C06L",2020,"MINI","HARDTOP","BEV",2,
"1N4BZ1BP6L",2020,"NISSAN","LEAF","BEV",2,
"KNDJX3AEXK",2019,"KIA","SOUL","BEV",2,
"WMWXP3C02L",2020,"MINI","HARDTOP","BEV",2,
"1N4BZ1BP7L",2020,"NISSAN","LEAF","BEV",2,
"WMWXP3C01L",2020,"MINI","HARDTOP","BEV",2,
"WMWXP3C03L",2020,"MINI","HARDTOP","BEV",2,
"1N4BZ1BP1L",2020,"NISSAN","LEAF","BEV",2,
"1N4BZ1BP4L",2020,"NISSAN","LEAF","BEV",2,
"5YJSA4S17F",2015,"TESLA","MODEL S","BEV",2,
"WMWXP3C07L",2020,"MINI","HARDTOP","BEV",2,
"1N4BZ1BP3L",2020,"NISSAN","LEAF","BEV",2,
"KNDJX3AE3K",2019,"KIA","SOUL","BEV",2,
"SFZRE11B98",2008,"TESLA","ROADSTER","BEV",2,
"1N4BZ1BP5L",2020,"NISSAN","LEAF","BEV",2,
"KNDJX3AE0K",2019,"KIA","SOUL","BEV",2,
"1N4BZ1BPXL",2020,"NISSAN","LEAF","BEV",2,
"1N4BZ1BP2L",2020,"NISSAN","LEAF","BEV",2,
"WMEFK9BA9K",2019,"SMART","EQ FORTWO","BEV",2,
"KMHC05LH3J",2018,"HYUNDAI","IONIQ","BEV",2,
"1G1FZ6EV2V",2027,"CHEVROLET","BOLT","BEV",2,
"1G1FZ6EV5V",2027,"CHEVROLET","BOLT","BEV",2,
"W1KRJ8CB3T",2026,"MERCEDES-BENZ","AMG GT","PHEV",1,
"W1K6G8CB0T",2026,"MERCEDES-BENZ","S-CLASS","PHEV",1,
"ZHWUC1ZM7T",2026,"LAMBORGHINI","REVUELTO","PHEV",1,
"W1K6G8CB1T",2026,"MERCEDES-BENZ","S-CLASS","PHEV",1,
"ZHWUC1ZM5S",2025,"LAMBORGHINI","REVUELTO","PHEV",1,
"ZHWUC1ZM3S",2025,"LAMBORGHINI","REVUELTO","PHEV",1,
"ZHWUC1ZM9S",2025,"LAMBORGHINI","REVUELTO","PHEV",1,
"W1K7X7KB7T",2026,"MERCEDES-BENZ","AMG GT","PHEV",1,
"KMHC75LH0K",2019,"HYUNDAI","IONIQ","BEV",0,29
"KMHC75LH2K",2019,"HYUNDAI","IONIQ","BEV",0,29
"KMHC75LH6K",2019,"HYUNDAI","IONIQ","BEV",0,29
"KMHC75LH7K",2019,"HYUNDAI","IONIQ","BEV",0,29
"KMHC75LH5K",2019,"HYUNDAI","IONIQ","BEV",0,29
"JA4J24A52J",2018,"MITSUBISHI","OUTLANDER","PHEV",0,22
"JA4J24A53J",2018,"MITSUBISHI","OUTLANDER","PHEV",0,22
"WMZ23BS04P",2023,"MINI","COUNTRYMAN","PHEV",0,17
"JA4J24A52K",2019,"MITSUBISHI","OUTLANDER","PHEV",0,22
"JF2GTDNCXK",2019,"SUBARU","CROSSTREK","PHEV",0,17
"SALGS4RY2M",2021,"LAND ROVER","RANGE ROVER","PHEV",0,19
"JA4J24A55K",2019,"MITSUBISHI","OUTLANDER","PHEV",0,22
"JA4J2VA75N",2022,"MITSUBISHI","OUTLANDER","PHEV",0,24
"WMZYU7C54K",2019,"MINI","COUNTRYMAN","PHEV",0,12
"JA4J24A50J",2018,"MITSUBISHI","OUTLANDER","PHEV",0,22
"JA4J24A57L",2020,"MITSUBISHI","OUTLANDER","PHEV",0,22
"KMHE54L2XH",2017,"HYUNDAI","SONATA","PHEV",0,27
"JA4J24A5XJ",2018,"MITSUBISHI","OUTLANDER","PHEV",0,22
"JA4J24A51L",2020,"MITSUBISHI","OUTLANDER","PHEV",0,22
"JA4J24A59J",2018,"MITSUBISHI","OUTLANDER","PHEV",0,22
"JA4J24A51J",2018,"MITSUBISHI","OUTLANDER","PHEV",0,22
"JA4J2VA76N",2022,"MITSUBISHI","OUTLANDER","PHEV",0,24
"WMZYU7C50K",2019,"MINI","COUNTRYMAN","PHEV",0,12
"JA4J24A57J",2018,"MITSUBISHI","OUTLANDER","PHEV",0,22
"ZHWUC1ZM1R",2024,"LAMBORGHINI","REVUELTO","PHEV",0,6
"KMHE54L29G",2016,"HYUNDAI","SONATA","PHEV",0,27
"WMZ23BS0XN",2022,"MINI","COUNTRYMAN","PHEV",0,17
"WMZYU7C46J",2018,"MINI","COUNTRYMAN","PHEV",0,12
"JF2GTDNC8K",2019,"SUBARU","CROSSTREK","PHEV",0,17
"JA4J24A59L",2020,"MITSUBISHI","OUTLANDER","PHEV",0,22
"JA4J2VA79N",2022,"MITSUBISHI","OUTLANDER","PHEV",0,24
"JA4J24A56J",2018,"MITSUBISHI","OUTLANDER","PHEV",0,22
"KMHE54L24G",2016,"HYUNDAI","SONATA","PHEV",0,27
"JA4J2VA72N",2022,"MITSUBISHI","OUTLANDER","PHEV",0,24
"JA4J2VA71N",2022,"MITSUBISHI","OUTLANDER","PHEV",0,24
"KMHE14L21H",2017,"HYUNDAI","SONATA","PHEV",0,27
"JA4J24A55J",2018,"MITSUBISHI","OUTLANDER","PHEV",0,22
"WMZYU7C48J",2018,"MINI","COUNTRYMAN","PHEV",0,12
"WMZ23BS05P",2023,"MINI","COUNTRYMAN","PHEV",0,17
"JA4J24A58K",2019,"MITSUBISHI","OUTLANDER","PHEV",0,22
"KMHE54L28H",2017,"HYUNDAI","SONATA","PHEV",0,27
"WMZ23BS02P",2023,"MINI","COUNTRYMAN","PHEV",0,17
"JA4J24A53L",2020,"MITSUBISHI","OUTLANDER","PHEV",0,22
"JA4J24A54J",2018,"MITSUBISHI","OUTLANDER","PHEV",0,22
"SALWR4RY7M",2021,"LAND ROVER","RANGE ROVER SPORT","PHEV",0,19
"JA4J24A57K",2019,"MITSUBISHI","OUTLANDER","PHEV",0,22
"JM3KKCHA8T",2026,"MAZDA","CX-90","PHEV",0,27
"WMZ23BS09N",2022,"MINI","COUNTRYMAN","PHEV",0,17
"WMZYU7C47J",2018,"MINI","COUNTRYMAN","PHEV",0,12
"JF2GTDNC9K",2019,"SUBARU","CROSSTREK","PHEV",0,17
"JA4J24A5XK",2019,"MITSUBISHI","OUTLANDER","PHEV",0,22
"SALWR4RY9M",2021,"LAND ROVER","RANGE ROVER SPORT","PHEV",0,19
"WMZYU7C06L",2020,"MINI","COUNTRYMAN","PHEV",0,17
"JF2GTDNC0K",2019,"SUBARU","CROSSTREK","PHEV",0,17
"WMZYU7C53K",2019,"MINI","COUNTRYMAN","PHEV",0,12
"JF2GTDNC1K",2019,"SUBARU","CROSSTREK","PHEV",0,17
"JF2GTDNC5K",2019,"SUBARU","CROSSTREK","PHEV",0,17
"KMHE14L25G",2016,"HYUNDAI","SONATA","PHEV",0,27
"WMZYU7C09L",2020,"MINI","COUNTRYMAN","PHEV",0,17
"JF2GTDNC6K",2019,"SUBARU","CROSSTREK","PHEV",0,17
"JA4J24A51K",2019,"MITSUBISHI","OUTLANDER","PHEV",0,22
"WMZ23BS08M",2021,"MINI","COUNTRYMAN","PHEV",0,17
"JA4J24A55L",2020,"MITSUBISHI","OUTLANDER","PHEV",0,22
"WMZYU7C44J",2018,"MINI","COUNTRYMAN","PHEV",0,12
"JA4J2VA77N",2022,"MITSUBISHI","OUTLANDER","PHEV",0,24
"WMZ23BS01N",2022,"MINI","COUNTRYMAN","PHEV",0,17
"JA4J2VA74N",2022,"MITSUBISHI","OUTLANDER","PHEV",0,24
"JA4J24A56L",2020,"MITSUBISHI","OUTLANDER","PHEV",0,22
"JA4J24A54K",2019,"MITSUBISHI","OUTLANDER","PHEV",0,22
"WMZYU7C51K",2019,"MINI","COUNTRYMAN","PHEV",0,12
"WMZYU7C56K",2019,"MINI","COUNTRYMAN","PHEV",0,12
"KNAGV4LD7L",2020,"KIA","OPTIMA","PHEV",0,28
"WMZYU7C59K",2019,"MINI","COUNTRYMAN","PHEV",0,12
"JM3KKEHA0T",2026,"MAZDA","CX-90","PHEV",0,27
"JA4J24A58J",2018,"MITSUBISHI","OUTLANDER","PHEV",0,22
"JF2GTDNC3K",2019,"SUBARU","CROSSTREK","PHEV",0,17
"ZHWUC1ZM5R",2024,"LAMBORGHINI","REVUELTO","PHEV",0,6
"WMZYU7C52K",2019,"MINI","COUNTRYMAN","PHEV",0,12
"JHMCR5F78E",2014,"HONDA","ACCORD","PHEV",0,13
"WMZYU7C5XK",2019,"MINI","COUNTRYMAN","PHEV",0,12
"JF2GTDNC4K",2019,"SUBARU","CROSSTREK","PHEV",0,17
"JA4J24A59K",2019,"MITSUBISHI","OUTLANDER","PHEV",0,22
"WMZYU7C43J",2018,"MINI","COUNTRYMAN","PHEV",0,12
"JA4J24A56K",2019,"MITSUBISHI","OUTLANDER","PHEV",0,22
"KMHE14L29H",2017,"HYUNDAI","SONATA","PHEV",0,27
"WMZYU7C45J",2018,"MINI","COUNTRYMAN","PHEV",0,12
"KMHE54L21G",2016,"HYUNDAI","SONATA","PHEV",0,27
"JA4J24A53K",2019,"MITSUBISHI","OUTLANDER","PHEV",0,22
"SALWR2RY3L",2020,"LAND ROVER","RANGE ROVER SPORT","PHEV",0,19
"JA4J2VA7XN",2022,"MITSUBISHI","OUTLANDER","PHEV",0,24
"JF2GTDEC7K",2019,"SUBARU","CROSSTREK","PHEV",0,17
"KMHE54L20G",2016,"HYUNDAI","SONATA","PHEV",0,27
"KMHE54L27G",2016,"HYUNDAI","SONATA","PHEV",0,27
"WMZYU7C57K",2019,"MINI","COUNTRYMAN","PHEV",0,12
"JHMCR5F71E",2014,"HONDA","ACCORD","PHEV",0,13
"JF2GTDNC7K",2019,"SUBARU","CROSSTREK","PHEV",0,17
"JA4J2VA72M",2021,"MITSUBISHI","OUTLANDER","PHEV",0,24
"ZHWUC1ZM9R",2024,"LAMBORGHINI","REVUELTO","PHEV",0,6
"JA4J24A50K",2019,"MITSUBISHI","OUTLANDER","PHEV",0,22
"JA4J24A54L",2020,"MITSUBISHI","OUTLANDER","PHEV",0,22
"SALWR2RY7L",2020,"LAND ROVER","RANGE ROVER SPORT","PHEV",0,19
"KMHE54L2XG",2016,"HYUNDAI","SONATA","PHEV",0,27
"JM3KKCHA9T",2026,"MAZDA","CX-90","PHEV",0,27
"WMZYU7C55K",2019,"MINI","COUNTRYMAN","PHEV",0,12
"JM3KKEHA5T",2026,"MAZDA","CX-90","PHEV",0,27
"WMZYU7C58K",2019,"MINI","COUNTRYMAN","PHEV",0,12
"SALGS4RY2L",2020,"LAND ROVER","RANGE ROVER","PHEV",0,19
"JF2GTDEC6K",2019,"SUBARU","CROSSTREK","PHEV",0,17
"KMHE54L26H",2017,"HYUNDAI","SONATA","PHEV",0,27
"WMZ23BS02N",2022,"MINI","COUNTRYMAN","PHEV",0,17
"JF2GTDEC0K",2019,"SUBARU","CROSSTREK","PHEV",0,17
"WMZ23BS00P",2023,"MINI","COUNTRYMAN","PHEV",0,17
"WMZ23BS08P",2023,"MINI","COUNTRYMAN","PHEV",0,17
"SALGS4RY0L",2020,"LAND ROVER","RANGE ROVER","PHEV",0,19
"WMZ23BS05N",2022,"MINI","COUNTRYMAN","PHEV",0,17
"WMZ23BS02M",2021,"MINI","COUNTRYMAN","PHEV",0,17
"KMHE54L29H",2017,"HYUNDAI","SONATA","PHEV",0,27
"SAL119E41P",2023,"LAND ROVER","RANGE ROVER SPORT","PHEV",0,19
"WMZ23BS0XP",2023,"MINI","COUNTRYMAN","PHEV",0,17
"JF2GTDEC9K",2019,"SUBARU","CROSSTREK","PHEV",0,17
"KMHE54L25G",2016,"HYUNDAI","SONATA","PHEV",0,27
"JA4J24A5XL",2020,"MITSUBISHI","OUTLANDER","PHEV",0,22
"WMZ23BS00N",2022,"MINI","COUNTRYMAN","PHEV",0,17
"JA4J24A50L",2020,"MITSUBISHI","OUTLANDER","PHEV",0,22
"KMHE14L25H",2017,"HYUNDAI","SONATA","PHEV",0,27
"JA4J2VA78N",2022,"MITSUBISHI","OUTLANDER","PHEV",0,24
"KNAGV4LD4L",2020,"KIA","OPTIMA","PHEV",0,28
"SALGV4RY6M",2021,"LAND ROVER","RANGE ROVER","PHEV",0,19
"KNAGV4LD5L",2020,"KIA","OPTIMA","PHEV",0,28
"KMHE54L25H",2017,"HYUNDAI","SONATA","PHEV",0,27
"JA4J24A58L",2020,"MITSUBISHI","OUTLANDER","PHEV",0,22
"WMZYU7C49J",2018,"MINI","COUNTRYMAN","PHEV",0,12
"JM3KKBHA2T",2026,"MAZDA","CX-90","PHEV",0,27
"JA4J2VA70N",2022,"MITSUBISHI","OUTLANDER","PHEV",0,24
"KNAGV4LD9L",2020,"KIA","OPTIMA","PHEV",0,28
"WMZYU7C41J",2018,"MINI","COUNTRYMAN","PHEV",0,12
"JA4J24A52L",2020,"MITSUBISHI","OUTLANDER","PHEV",0,22
"KMHE14L2XH",2017,"HYUNDAI","SONATA","PHEV",0,27
"JHMCR5F79E",2014,"HONDA","ACCORD","PHEV",0,13
"WMZ23BS04N",2022,"MINI","COUNTRYMAN","PHEV",0,17
"WMZ23BS09P",2023,"MINI","COUNTRYMAN","PHEV",0,17
"KNAGV4LD2L",2020,"KIA","OPTIMA","PHEV",0,28
"WMZ23BS07N",2022,"MINI","COUNTRYMAN","PHEV",0,17
"KMHE14L21G",2016,"HYUNDAI","SONATA","PHEV",0,27
"JA4J2VA73N",2022,"MITSUBISHI","OUTLANDER","PHEV",0,24
"KMHE14L23G",2016,"HYUNDAI","SONATA","PHEV",0,27
"WMZ23BS01M",2021,"MINI","COUNTRYMAN","PHEV",0,17
"KMHE54L20H",2017,"HYUNDAI","SONATA","PHEV",0,27
"WMZ23BS07P",2023,"MINI","COUNTRYMAN","PHEV",0,17
"SALGS4RY8L",2020,"LAND ROVER","RANGE ROVER","PHEV",0,19
"SALGS4RY7L",2020,"LAND ROVER","RANGE ROVER","PHEV",0,19
"SALWR2RY6L",2020,"LAND ROVER","RANGE ROVER SPORT","PHEV",0,19
"KMHE14L28H",2017,"HYUNDAI","SONATA","PHEV",0,27
"JM3KKBHA3T",2026,"MAZDA","CX-90","PHEV",0,27
"JF2GTDEC3K",2019,"SUBARU","CROSSTREK","PHEV",0,17
"KMHE14L27G",2016,"HYUNDAI","SONATA","PHEV",0,27
"SALWV4RY6M",2021,"LAND ROVER","RANGE ROVER SPORT","PHEV",0,19
"WMZ23BS03P",2023,"MINI","COUNTRYMAN","PHEV",0,17
"JM3KKEHA2T",2026,"MAZDA","CX-90","PHEV",0,27
"KMHE54L28G",2016,"HYUNDAI","SONATA","PHEV",0,27
"WMZ23BS08N",2022,"MINI","COUNTRYMAN","PHEV",0,17
"JM3KKEHA1T",2026,"MAZDA","CX-90","PHEV",0,27
"KMHE54L21H",2017,"HYUNDAI","SONATA","PHEV",0,27
"KMHE14L22H",2017,"HYUNDAI","SONATA","PHEV",0,27
"WMZ23BS03M",2021,"MINI","COUNTRYMAN","PHEV",0,17
"JF2GTDEC1K",2019,"SUBARU","CROSSTREK","PHEV",0,17
"JM3KKBHA7T",2026,"MAZDA","CX-90","PHEV",0,27
"JF2GTDECXK",2019,"SUBARU","CROSSTREK","PHEV",0,17
"SALWR2RY9L",2020,"LAND ROVER","RANGE ROVER SPORT","PHEV",0,19
"JA4J2VA79M",2021,"MITSUBISHI","OUTLANDER","PHEV",0,24
"JF2GTDEC8K",2019,"SUBARU","CROSSTREK","PHEV",0,17
"JM3KKCHA4T",2026,"MAZDA","CX-90","PHEV",0,27
"SALWV2RYXL",2020,"LAND ROVER","RANGE ROVER SPORT","PHEV",0,19
"SCBBR6ZG0N",2022,"BENTLEY","FLYING SPUR","PHEV",0,21
"SALWR2RY1L",2020,"LAND ROVER","RANGE ROVER SPORT","PHEV",0,19
"KNAGV4LD6L",2020,"KIA","OPTIMA","PHEV",0,28
"SAL119E40P",2023,"LAND ROVER","RANGE ROVER SPORT","PHEV",0,19
"SJAAJ2ZV6M",2021,"BENTLEY","BENTAYGA","PHEV",0,17
"SALWR2RY2L",2020,"LAND ROVER","RANGE ROVER SPORT","PHEV",0,19
"SALWR4RY6M",2021,"LAND ROVER","RANGE ROVER SPORT","PHEV",0,19
"JHMCR5F75E",2014,"HONDA","ACCORD","PHEV",0,13
"JF2GTDEC5K",2019,"SUBARU","CROSSTREK","PHEV",0,17
"WMZ23BS06P",2023,"MINI","COUNTRYMAN","PHEV",0,17
"SALWV2RY2L",2020,"LAND ROVER","RANGE ROVER SPORT","PHEV",0,19
"WMZYU7C42J",2018,"MINI","COUNTRYMAN","PHEV",0,12
"JA4J2VA74M",2021,"MITSUBISHI","OUTLANDER","PHEV",0,24
"WMZ23BS00M",2021,"MINI","COUNTRYMAN","PHEV",0,17
"KMHE54L29K",2019,"HYUNDAI","SONATA","PHEV",0,28
"WMZYU7C4XJ",2018,"MINI","COUNTRYMAN","PHEV",0,12
"SJAA72ZV1P",2023,"BENTLEY","BENTAYGA","PHEV",0,23
"SALWR2RY0L",2020,"LAND ROVER","RANGE ROVER SPORT","PHEV",0,19
"KNAGV4LD0L",2020,"KIA","OPTIMA","PHEV",0,28
"SALWV2RY6L",2020,"LAND ROVER","RANGE ROVER SPORT","PHEV",0,19
"WMZ23BS06N",2022,"MINI","COUNTRYMAN","PHEV",0,17
"KMHE14L2XG",2016,"HYUNDAI","SONATA","PHEV",0,27
"WMZYU7C40J",2018,"MINI","COUNTRYMAN","PHEV",0,12
"JM3KKBHA4T",2026,"MAZDA","CX-90","PHEV",0,27
"WMZ23BS0XM",2021,"MINI","COUNTRYMAN","PHEV",0,17
"SALWR2RY8L",2020,"LAND ROVER","RANGE ROVER SPORT","PHEV",0,19
"KMHE14L25K",2019,"HYUNDAI","SONATA","PHEV",0,28
"KMHE54L26G",2016,"HYUNDAI","SONATA","PHEV",0,27
"WMZ23BS07M",2021,"MINI","COUNTRYMAN","PHEV",0,17
"JM3KKEHA8T",2026,"MAZDA","CX-90","PHEV",0,27
"SJAA72ZV7R",2024,"BENTLEY","BENTAYGA","PHEV",0,28
"KMHE54L23G",2016,"HYUNDAI","SONATA","PHEV",0,27
"JHMCR5F70E",2014,"HONDA","ACCORD","PHEV",0,13
"JF2GTDNC2K",2019,"SUBARU","CROSSTREK","PHEV",0,17
"SALWR4RYXM",2021,"LAND ROVER","RANGE ROVER SPORT","PHEV",0,19
"SALWV2RY3L",2020,"LAND ROVER","RANGE ROVER SPORT","PHEV",0,19
"KMHE54L23K",2019,"HYUNDAI","SONATA","PHEV",0,28
"WMZ23BS06M",2021,"MINI","COUNTRYMAN","PHEV",0,17
"KMHE54L22H",2017,"HYUNDAI","SONATA","PHEV",0,27
"JA4J2VA71M",2021,"MITSUBISHI","OUTLANDER","PHEV",0,24
"SALWR2RY5L",2020,"LAND ROVER","RANGE ROVER SPORT","PHEV",0,19
"WMZYU7C08L",2020,"MINI","COUNTRYMAN","PHEV",0,17
"JA4J2VA75M",2021,"MITSUBISHI","OUTLANDER","PHEV",0,24
"KMHE14L20H",2017,"HYUNDAI","SONATA","PHEV",0,27
"WMZ23BS01P",2023,"MINI","COUNTRYMAN","PHEV",0,17
"KMHE54L28K",2019,"HYUNDAI","SONATA","PHEV",0,28
"ZHWUC1ZM6R",2024,"LAMBORGHINI","REVUELTO","PHEV",0,6
"KMHE54L22G",2016,"HYUNDAI","SONATA","PHEV",0,27
"ZHWUC1ZM2R",2024,"LAMBORGHINI","REVUELTO","PHEV",0,6
"JM3KKEHA7T",2026,"MAZDA","CX-90","PHEV",0,27
"KMHE14L28G",2016,"HYUNDAI","SONATA","PHEV",0,27
"JA4J2VA77M",2021,"MITSUBISHI","OUTLANDER","PHEV",0,24
"KMHE54L24H",2017,"HYUNDAI","SONATA","PHEV",0,27
"KMHE54L27H",2017,"HYUNDAI","SONATA","PHEV",0,27
"KMHE54L24K",2019,"HYUNDAI","SONATA","PHEV",0,28
"JM3KKCHA5T",2026,"MAZDA","CX-90","PHEV",0,27
"WMZ23BS04M",2021,"MINI","COUNTRYMAN","PHEV",0,17
"SALWV2RY9L",2020,"LAND ROVER","RANGE ROVER SPORT","PHEV",0,19
"JTDKN3DP9C",2012,"TOYOTA","PRIUS","PHEV",0,6
"JTDKN3DP8E",2014,"TOYOTA","PRIUS","PHEV",0,6
"JTDKN3DP1D",2013,"TOYOTA","PRIUS","PHEV",0,6
"JTDKN3DP1C",2012,"TOYOTA","PRIUS","PHEV",0,6
"JTDKN3DP6E",2014,"TOYOTA","PRIUS","PHEV",0,6
"JTDKN3DPXD",2013,"TOYOTA","PRIUS","PHEV",0,6
"JTDKN3DP2D",2013,"TOYOTA","PRIUS","PHEV",0,6
"JTDKN3DP5C",2012,"TOYOTA","PRIUS","PHEV",0,6
"JTDKN3DP3E",2014,"TOYOTA","PRIUS","PHEV",0,6
"JTDKN3DP0D",2013,"TOYOTA","PRIUS","PHEV",0,6
"JTDKN3DP4E",2014,"TOYOTA","PRIUS","PHEV",0,6
"JTDKN3DP9E",2014,"TOYOTA","PRIUS","PHEV",0,6
"JTDKN3DP3C",2012,"TOYOTA","PRIUS","PHEV",0,6
"JTDKN3DP8C",2012,"TOYOTA","PRIUS","PHEV",0,6
"JTDKN3DP6C",2012,"TOYOTA","PRIUS","PHEV",0,6
"JTDKN3DP7C",2012,"TOYOTA","PRIUS","PHEV",0,6
"JTDKN3DPXE",2014,"TOYOTA","PRIUS","PHEV",0,6
"JTDKN3DP2F",2015,"TOYOTA","PRIUS","PHEV",0,6
"JTDKN3DP6D",2013,"TOYOTA","PRIUS","PHEV",0,6
"JTDKN3DP5F",2015,"TOYOTA","PRIUS","PHEV",0,6
"JTDKN3DP0C",2012,"TOYOTA","PRIUS","PHEV",0,6
"JTDKN3DP0E",2014,"TOYOTA","PRIUS","PHEV",0,6
"JTDKN3DP7D",2013,"TOYOTA","PRIUS","PHEV",0,6
"JTDKN3DP4D",2013,"TOYOTA","PRIUS","PHEV",0,6
"JTDKN3DP5E",2014,"TOYOTA","PRIUS","PHEV",0,6
"JTDKN3DPXC",2012,"TOYOTA","PRIUS","PHEV",0,6
"JTDKN3DP4C",2012,"TOYOTA","PRIUS","PHEV",0,6
"JTDKN3DP9D",2013,"TOYOTA","PRIUS","PHEV",0,6
"JTDKN3DP3D",2013,"TOYOTA","PRIUS","PHEV",0,6
"JTDKN3DP8D",2013,"TOYOTA","PRIUS","PHEV",0,6
"JTDKN3DP7E",2014,"TOYOTA","PRIUS","PHEV",0,6
"JTDKN3DP2C",2012,"TOYOTA","PRIUS","PHEV",0,6
"JTDKN3DP9F",2015,"TOYOTA","PRIUS","PHEV",0,6
"JTDKN3DP1E",2014,"TOYOTA","PRIUS","PHEV",0,6
"JTDKN3DP3F",2015,"TOYOTA","PRIUS","PHEV",0,6
"JTDKN3DP2E",2014,"TOYOTA","PRIUS","PHEV",0,6
"JTDKN3DP1F",2015,"TOYOTA","PRIUS","PHEV",0,6
"JTDKN3DP5D",2013,"TOYOTA","PRIUS","PHEV",0,6
"JTDKN3DP0F",2015,"TOYOTA","PRIUS","PHEV",0,6
"JTDKN3DP7F",2015,"TOYOTA","PRIUS","PHEV",0,6
"JTDKN3DP6F",2015,"TOYOTA","PRIUS","PHEV",0,6
"JTDKN3DPXF",2015,"TOYOTA","PRIUS","PHEV",0,6
"JTDKN3DP8F",2015,"TOYOTA","PRIUS","PHEV",0,6
"JTDKN3DP4F",2015,"TOYOTA","PRIUS","PHEV",0,6
"JTDKARFP2H",2017,"TOYOTA","PRIUS PRIME","PHEV",0,25
"JTDKARFP2J",2018,"TOYOTA","PRIUS PRIME","PHEV",0,25
"JTDKAMFP7N",2022,"TOYOTA","PRIUS PRIME","PHEV",0,25
"JTDKAMFP7M",2021,"TOYOTA","PRIUS PRIME","PHEV",0,25
"JTDKARFP3J",2018,"TOYOTA","PRIUS PRIME","PHEV",0,25
"JTDKAMFP2M",2021,"TOYOTA","PRIUS PRIME","PHEV",0,25
"JTDKARFP4K",2019,"TOYOTA","PRIUS PRIME","PHEV",0,25
"JTDKARFP0J",2018,"TOYOTA","PRIUS PRIME","PHEV",0,25
"JTDKARFP0H",2017,"TOYOTA","PRIUS PRIME","PHEV",0,25
"JTDKARFP1H",2017,"TOYOTA","PRIUS PRIME","PHEV",0,25
"JTDKARFP6J",2018,"TOYOTA","PRIUS PRIME","PHEV",0,25
"JTDKARFP9J",2018,"TOYOTA","PRIUS PRIME","PHEV",0,25
"JTDKARFP3K",2019,"TOYOTA","PRIUS PRIME","PHEV",0,25
"JTDKARFP0L",2020,"TOYOTA","PRIUS PRIME","PHEV",0,25
"JTDKAMFPXN",2022,"TOYOTA","PRIUS PRIME","PHEV",0,25
"JTDKAMFP8N",2022,"TOYOTA","PRIUS PRIME","PHEV",0,25
"JTDKARFP7H",2017,"TOYOTA","PRIUS PRIME","PHEV",0,25
"JTDKARFPXL",2020,"TOYOTA","PRIUS PRIME","PHEV",0,25
"JTDKAMFP3M",2021,"TOYOTA","PRIUS PRIME","PHEV",0,25
"JTDKARFP7L",2020,"TOYOTA","PRIUS PRIME","PHEV",0,25
"JTDKARFP8K",2019,"TOYOTA","PRIUS PRIME","PHEV",0,25
"JTDKARFP5H",2017,"TOYOTA","PRIUS PRIME","PHEV",0,25
"JTDKARFPXH",2017,"TOYOTA","PRIUS PRIME","PHEV",0,25
"JTDKARFP7J",2018,"TOYOTA","PRIUS PRIME","PHEV",0,25
"JTDKAMFP9M",2021,"TOYOTA","PRIUS PRIME","PHEV",0,25
"JTDKARFP5J",2018,"TOYOTA","PRIUS PRIME","PHEV",0,25
"JTDKARFP9L",2020,"TOYOTA","PRIUS PRIME","PHEV",0,25
"JTDKARFP9K",2019,"TOYOTA","PRIUS PRIME","PHEV",0,25
"JTDKAMFP8M",2021,"TOYOTA","PRIUS PRIME","PHEV",0,25
"JTDKARFP4H",2017,"TOYOTA","PRIUS PRIME","PHEV",0,25
"JTDKARFP5K",2019,"TOYOTA","PRIUS PRIME","PHEV",0,25
"JTDKARFP5L",2020,"TOYOTA","PRIUS PRIME","PHEV",0,25
"JTDKARFP1J",2018,"TOYOTA","PRIUS PRIME","PHEV",0,25
"JTDKARFP2K",2019,"TOYOTA","PRIUS PRIME","PHEV",0,25
"JTDKARFP0K",2019,"TOYOTA","PRIUS PRIME","PHEV",0,25
"JTDKAMFP9N",2022,"TOYOTA","PRIUS PRIME","PHEV",0,25
"JTDKARFP8J",2018,"TOYOTA","PRIUS PRIME","PHEV",0,25
"JTDKAMFP1N",2022,"TOYOTA","PRIUS PRIME","PHEV",0,25
"JTDKARFP3H",2017,"TOYOTA","PRIUS PRIME","PHEV",0,25
"JTDKAMFP1M",2021,"TOYOTA","PRIUS PRIME","PHEV",0,25
"JTDKAMFP6M",2021,"TOYOTA","PRIUS PRIME","PHEV",0,25
"JTDKARFP8H",2017,"TOYOTA","PRIUS PRIME","PHEV",0,25
"JTDKAMFP5M",2021,"TOYOTA","PRIUS PRIME","PHEV",0,25
"JTDKARFP4J",2018,"TOYOTA","PRIUS PRIME","PHEV",0,25
"JTDKARFP1L",2020,"TOYOTA","PRIUS PRIME","PHEV",0,25
"JTDKAMFP2N",2022,"TOYOTA","PRIUS PRIME","PHEV",0,25
"JTDKAMFP4M",2021,"TOYOTA","PRIUS PRIME","PHEV",0,25
"JTDKAMFPXM",2021,"TOYOTA","PRIUS PRIME","PHEV",0,25
"JTDKARFP6H",2017,"TOYOTA","PRIUS PRIME","PHEV",0,25
"JTDKAMFP4N",2022,"TOYOTA","PRIUS PRIME","PHEV",0,25
"JTDKARFP6L",2020,"TOYOTA","PRIUS PRIME","PHEV",0,25
"JTDKARFP9H",2017,"TOYOTA","PRIUS PRIME","PHEV",0,25
"JTDKARFP8L",2020,"TOYOTA","PRIUS PRIME","PHEV",0,25
"JTDKARFPXJ",2018,"TOYOTA","PRIUS PRIME","PHEV",0,25
"JTDKARFP1K",2019,"TOYOTA","PRIUS PRIME","PHEV",0,25
"JTDKAMFP3N",2022,"TOYOTA","PRIUS PRIME","PHEV",0,25
"JTDKARFP4L",2020,"TOYOTA","PRIUS PRIME","PHEV",0,25
"JTDKAMFP0N",2022,"TOYOTA","PRIUS PRIME","PHEV",0,25
"JTDKAMFP5N",2022,"TOYOTA","PRIUS PRIME","PHEV",0,25
"JTDKAMFP6N",2022,"TOYOTA","PRIUS PRIME","PHEV",0,25
"JTDKARFP3L",2020,"TOYOTA","PRIUS PRIME","PHEV",0,25
"JTDKARFP6K",2019,"TOYOTA","PRIUS PRIME","PHEV",0,25
"JTDKARFP2L",2020,"TOYOTA","PRIUS PRIME","PHEV",0,25
"JTDKAMFP0M",2021,"TOYOTA","PRIUS PRIME","PHEV",0,25
"JTDKARFP7K",2019,"TOYOTA","PRIUS PRIME","PHEV",0,25
"JTDKARFPXK",2019,"TOYOTA","PRIUS PRIME","PHEV",0,25
"W1N0G5DB4L",2020,"MERCEDES-BENZ","GLC-CLASS","PHEV",0,22
"4JGDA6DB1J",2018,"MERCEDES-BENZ","GLE-CLASS","PHEV",0,8
"W1N0G5DBXL",2020,"MERCEDES-BENZ","GLC-CLASS","PHEV",0,22
"WDDUG6DB6H",2017,"MERCEDES-BENZ","S-CLASS","PHEV",0,12
"55SWF4HB9J",2018,"MERCEDES-BENZ","C-CLASS","PHEV",0,8
"4JGDA6DB5H",2017,"MERCEDES-BENZ","GLE-CLASS","PHEV",0,10
"WDC0G5EBXK",2019,"MERCEDES-BENZ","GLC-CLASS","PHEV",0,10
"W1N0G5DB6L",2020,"MERCEDES-BENZ","GLC-CLASS","PHEV",0,22
"WDC0G5EB2K",2019,"MERCEDES-BENZ","GLC-CLASS","PHEV",0,10
"WDC0G5EB0J",2018,"MERCEDES-BENZ","GLC-CLASS","PHEV",0,9
"WDC0G5EB6K",2019,"MERCEDES-BENZ","GLC-CLASS","PHEV",0,10
"WDC0G5EB9K",2019,"MERCEDES-BENZ","GLC-CLASS","PHEV",0,10
"W1N0G5DB3L",2020,"MERCEDES-BENZ","GLC-CLASS","PHEV",0,22
"4JGDA6DB6J",2018,"MERCEDES-BENZ","GLE-CLASS","PHEV",0,8
"4JGDA6DB6H",2017,"MERCEDES-BENZ","GLE-CLASS","PHEV",0,10
"W1K6G8CB3R",2024,"MERCEDES-BENZ","S-CLASS","PHEV",0,16
"WDC0G5EB4K",2019,"MERCEDES-BENZ","GLC-CLASS","PHEV",0,10
"4JGDA6DB7J",2018,"MERCEDES-BENZ","GLE-CLASS","PHEV",0,8
"WDC0G5EB1K",2019,"MERCEDES-BENZ","GLC-CLASS","PHEV",0,10
"WDC0G5EB5K",2019,"MERCEDES-BENZ","GLC-CLASS","PHEV",0,10
"WDDUG6DB7G",2016,"MERCEDES-BENZ","S-CLASS","PHEV",0,14
"4JGDA6DB7H",2017,"MERCEDES-BENZ","GLE-CLASS","PHEV",0,10
"55SWF4HBXJ",2018,"MERCEDES-BENZ","C-CLASS","PHEV",0,8
"4JGDA6DB9J",2018,"MERCEDES-BENZ","GLE-CLASS","PHEV",0,8
"W1NKJ8AB0S",2025,"MERCEDES-BENZ","GLC-CLASS","PHEV",0,1
"WDC0G5EB7K",2019,"MERCEDES-BENZ","GLC-CLASS","PHEV",0,10
"W1N0G5DB5L",2020,"MERCEDES-BENZ","GLC-CLASS","PHEV",0,22
"W1KVK8CB2S",2025,"MERCEDES-BENZ","SL-CLASS","PHEV",0,1
"WDC0G5EB8K",2019,"MERCEDES-BENZ","GLC-CLASS","PHEV",0,10
"WDC0G5EB1J",2018,"MERCEDES-BENZ","GLC-CLASS","PHEV",0,9
"4JGDA6DB2H",2017,"MERCEDES-BENZ","GLE-CLASS","PHEV",0,10
"WDC0G5EB9J",2018,"MERCEDES-BENZ","GLC-CLASS","PHEV",0,9
"W1N0G5DB9L",2020,"MERCEDES-BENZ","GLC-CLASS","PHEV",0,22
"W1N0G5DB2L",2020,"MERCEDES-BENZ","GLC-CLASS","PHEV",0,22
"4JGDA6DB5J",2018,"MERCEDES-BENZ","GLE-CLASS","PHEV",0,8
"W1NKM8AB4S",2025,"MERCEDES-BENZ","GLC-CLASS","PHEV",0,1
"55SWF4HB0G",2016,"MERCEDES-BENZ","C-CLASS","PHEV",0,11
"W1KRJ8CB6S",2025,"MERCEDES-BENZ","AMG GT","PHEV",0,1
"W1NKJ8AB1S",2025,"MERCEDES-BENZ","GLC-CLASS","PHEV",0,1
"WDDUG6DB9G",2016,"MERCEDES-BENZ","S-CLASS","PHEV",0,14
"WDC0G5EB3J",2018,"MERCEDES-BENZ","GLC-CLASS","PHEV",0,9
"WDC0G5EB7J",2018,"MERCEDES-BENZ","GLC-CLASS","PHEV",0,9
"WDC0G5EB0K",2019,"MERCEDES-BENZ","GLC-CLASS","PHEV",0,10
"4JGDA6DB3H",2017,"MERCEDES-BENZ","GLE-CLASS","PHEV",0,10
"W1K6G8CB5R",2024,"MERCEDES-BENZ","S-CLASS","PHEV",0,16
"55SWF4HB6J",2018,"MERCEDES-BENZ","C-CLASS","PHEV",0,8
"W1NKM8AB8S",2025,"MERCEDES-BENZ","GLC-CLASS","PHEV",0,1
"W1KAF8AB8S",2025,"MERCEDES-BENZ","C-CLASS","PHEV",0,1
"WDC0G5EB8J",2018,"MERCEDES-BENZ","GLC-CLASS","PHEV",0,9
"W1N0G5DB0L",2020,"MERCEDES-BENZ","GLC-CLASS","PHEV",0,22
"WDC0G5EB5J",2018,"MERCEDES-BENZ","GLC-CLASS","PHEV",0,9
"WDC0G5EB3K",2019,"MERCEDES-BENZ","GLC-CLASS","PHEV",0,10
"W1K6G8CB2R",2024,"MERCEDES-BENZ","S-CLASS","PHEV",0,16
"W1KVK8CBXS",2025,"MERCEDES-BENZ","SL-CLASS","PHEV",0,1
"W1K6G8CB7R",2024,"MERCEDES-BENZ","S-CLASS","PHEV",0,16
"W1NKJ8AB9S",2025,"MERCEDES-BENZ","GLC-CLASS","PHEV",0,1
"4JGDA6DB3J",2018,"MERCEDES-BENZ","GLE-CLASS","PHEV",0,8
"55SWF4HB5J",2018,"MERCEDES-BENZ","C-CLASS","PHEV",0,8
"55SWF4HB4H",2017,"MERCEDES-BENZ","C-CLASS","PHEV",0,8
"W1NKM8AB0S",2025,"MERCEDES-BENZ","GLC-CLASS","PHEV",0,1
"4JGDA6DB4G",2016,"MERCEDES-BENZ","GLE-CLASS","PHEV",0,10
"W1K6G8CB4S",2025,"MERCEDES-BENZ","S-CLASS","PHEV",0,16
"W1KRJ8CB4S",2025,"MERCEDES-BENZ","AMG GT","PHEV",0,1
"W1KAF8AB2S",2025,"MERCEDES-BENZ","C-CLASS","PHEV",0,1
"W1K6G8CB2S",2025,"MERCEDES-BENZ","S-CLASS","PHEV",0,16
"W1K6G8CBXS",2025,"MERCEDES-BENZ","S-CLASS","PHEV",0,16
"55SWF4HB3J",2018,"MERCEDES-BENZ","C-CLASS","PHEV",0,8
"4JGDA6DB9H",2017,"MERCEDES-BENZ","GLE-CLASS","PHEV",0,10
"WDDUG6DBXF",2015,"MERCEDES-BENZ","S-CLASS","PHEV",0,14
"W1NKM8AB6S",2025,"MERCEDES-BENZ","GLC-CLASS","PHEV",0,1
"W1NKJ8AB3S",2025,"MERCEDES-BENZ","GLC-CLASS","PHEV",0,1
"W1KAF8AB6S",2025,"MERCEDES-BENZ","C-CLASS","PHEV",0,1
"W1NKJ8AB6S",2025,"MERCEDES-BENZ","GLC-CLASS","PHEV",0,1
"4JGDA6DB2G",2016,"MERCEDES-BENZ","GLE-CLASS","PHEV",0,10
"WDC0G5DBXL",2020,"MERCEDES-BENZ","GLC-CLASS","PHEV",0,22
"4JGDA6DB0H",2017,"MERCEDES-BENZ","GLE-CLASS","PHEV",0,10
"W1K6G8CB3S",2025,"MERCEDES-BENZ","S-CLASS","PHEV",0,16
"4JGDA6DB4J",2018,"MERCEDES-BENZ","GLE-CLASS","PHEV",0,8
"4JGDA6DB7G",2016,"MERCEDES-BENZ","GLE-CLASS","PHEV",0,10
"55SWF4HB8G",2016,"MERCEDES-BENZ","C-CLASS","PHEV",0,11
"W1KRJ8CB1S",2025,"MERCEDES-BENZ","AMG GT","PHEV",0,1
"W1K6G8CB0S",2025,"MERCEDES-BENZ","S-CLASS","PHEV",0,16
"4JGDA6DB6G",2016,"MERCEDES-BENZ","GLE-CLASS","PHEV",0,10
"W1N0G5DB1L",2020,"MERCEDES-BENZ","GLC-CLASS","PHEV",0,22
"WDC0G5EBXJ",2018,"MERCEDES-BENZ","GLC-CLASS","PHEV",0,9
"W1N0G5DB7L",2020,"MERCEDES-BENZ","GLC-CLASS","PHEV",0,22
"WDDUG6DB7H",2017,"MERCEDES-BENZ","S-CLASS","PHEV",0,12
"4JGDA6DB9G",2016,"MERCEDES-BENZ","GLE-CLASS","PHEV",0,10
"W1NKM8AB9S",2025,"MERCEDES-BENZ","GLC-CLASS","PHEV",0,1
"4JGDA6DB5G",2016,"MERCEDES-BENZ","GLE-CLASS","PHEV",0,10
"W1K6G8CB8R",2024,"MERCEDES-BENZ","S-CLASS","PHEV",0,16
"W1K6G8CB9R",2024,"MERCEDES-BENZ","S-CLASS","PHEV",0,16
"W1NKJ8AB4S",2025,"MERCEDES-BENZ","GLC-CLASS","PHEV",0,1
"WDC0G5EB2J",2018,"MERCEDES-BENZ","GLC-CLASS","PHEV",0,9
"W1K6G8CB0R",2024,"MERCEDES-BENZ","S-CLASS","PHEV",0,16
"WDDUG6DB5H",2017,"MERCEDES-BENZ","S-CLASS","PHEV",0,12
"55SWF4HB2G",2016,"MERCEDES-BENZ","C-CLASS","PHEV",0,11
"55SWF4HB2J",2018,"MERCEDES-BENZ","C-CLASS","PHEV",0,8
"WDDUG6DB9H",2017,"MERCEDES-BENZ","S-CLASS","PHEV",0,12
"4JGDA6DB8J",2018,"MERCEDES-BENZ","GLE-CLASS","PHEV",0,8
"W1K6G8CB1S",2025,"MERCEDES-BENZ","S-CLASS","PHEV",0,16
"W1KVK8CB8S",2025,"MERCEDES-BENZ","SL-CLASS","PHEV",0,1
"W1NKJ8AB8S",2025,"MERCEDES-BENZ","GLC-CLASS","PHEV",0,1
"W1K6G8CB6S",2025,"MERCEDES-BENZ","S-CLASS","PHEV",0,16
"4JGDA6DB0J",2018,"MERCEDES-BENZ","GLE-CLASS","PHEV",0,8
"4JGDA6DB1H",2017,"MERCEDES-BENZ","GLE-CLASS","PHEV",0,10
"4JGDA6DBXJ",2018,"MERCEDES-BENZ","GLE-CLASS","PHEV",0,8
"55SWF4HB1H",2017,"MERCEDES-BENZ","C-CLASS","PHEV",0,8
"W1NKM8AB2S",2025,"MERCEDES-BENZ","GLC-CLASS","PHEV",0,1
"W1KVK8CB3S",2025,"MERCEDES-BENZ","SL-CLASS","PHEV",0,1
"WDC0G5DB3L",2020,"MERCEDES-BENZ","GLC-CLASS","PHEV",0,22
"4JGDA6DB1G",2016,"MERCEDES-BENZ","GLE-CLASS","PHEV",0,10
"5LMTJ5DZ9S",2025,"LINCOLN","CORSAIR","PHEV",0,27
"5LMTJ5DZ0N",2022,"LINCOLN","CORSAIR","PHEV",0,28
"5LMTJ5DZ5R",2024,"LINCOLN","CORSAIR","PHEV",0,28
"5LMTJ5DZ9N",2022,"LINCOLN","CORSAIR","PHEV",0,28
"5LMTJ5DZ3S",2025,"LINCOLN","CORSAIR","PHEV",0,27
"5LMTJ5DZ8R",2024,"LINCOLN","CORSAIR","PHEV",0,28
"5LMTJ5DZ2S",2025,"LINCOLN","CORSAIR","PHEV",0,27
"5LMTJ5DZ1N",2022,"LINCOLN","CORSAIR","PHEV",0,28
"5LMTJ5DZ5N",2022,"LINCOLN","CORSAIR","PHEV",0,28
"5LMTJ5DZ1S",2025,"LINCOLN","CORSAIR","PHEV",0,27
"5LMTJ5DZ0R",2024,"LINCOLN","CORSAIR","PHEV",0,28
"5LMTJ5DZ9R",2024,"LINCOLN","CORSAIR","PHEV",0,28
"5LMTJ5DZ1R",2024,"LINCOLN","CORSAIR","PHEV",0,28
"5LMTJ5DZ3P",2023,"LINCOLN","CORSAIR","PHEV",0,28
"5LMTJ5DZ0S",2025,"LINCOLN","CORSAIR","PHEV",0,27
"5LMTJ5DZ8P",2023,"LINCOLN","CORSAIR","PHEV",0,28
"5LMTJ5DZ3R",2024,"LINCOLN","CORSAIR","PHEV",0,28
"5LMTJ5DZ4S",2025,"LINCOLN","CORSAIR","PHEV",0,27
"5LMTJ5DZ9P",2023,"LINCOLN","CORSAIR","PHEV",0,28
"5LMTJ5DZ5P",2023,"LINCOLN","CORSAIR","PHEV",0,28
"5LMTJ5DZ4R",2024,"LINCOLN","CORSAIR","PHEV",0,28
"5LMTJ5DZ7R",2024,"LINCOLN","CORSAIR","PHEV",0,28
"5LMTJ5DZ6R",2024,"LINCOLN","CORSAIR","PHEV",0,28
"5LMTJ5DZ8N",2022,"LINCOLN","CORSAIR","PHEV",0,28
"5LMTJ5DZXR",2024,"LINCOLN","CORSAIR","PHEV",0,28
"5LMTJ5DZ2P",2023,"LINCOLN","CORSAIR","PHEV",0,28
"5LMTJ5DZ4N",2022,"LINCOLN","CORSAIR","PHEV",0,28
"5LMTJ5DZ8T",2026,"LINCOLN","CORSAIR","PHEV",0,27
"5LMTJ5DZ6M",2021,"LINCOLN","CORSAIR","PHEV",0,28
"5LMTJ5DZ3N",2022,"LINCOLN","CORSAIR","PHEV",0,28
"5LMTJ5DZ0P",2023,"LINCOLN","CORSAIR","PHEV",0,28
"5LMTJ5DZXS",2025,"LINCOLN","CORSAIR","PHEV",0,27
"5LMTJ5DZ7N",2022,"LINCOLN","CORSAIR","PHEV",0,28
"5LMTJ5DZ1T",2026,"LINCOLN","CORSAIR","PHEV",0,27
"5LMTJ5DZ2R",2024,"LINCOLN","CORSAIR","PHEV",0,28
"5LMTJ5DZ2N",2022,"LINCOLN","CORSAIR","PHEV",0,28
"5LMTJ5DZ8S",2025,"LINCOLN","CORSAIR","PHEV",0,27
"5LMTJ5DZ6S",2025,"LINCOLN","CORSAIR","PHEV",0,27
"5LMTJ5DZXN",2022,"LINCOLN","CORSAIR","PHEV",0,28
"5LMTJ5DZ5S",2025,"LINCOLN","CORSAIR","PHEV",0,27
"5LMTJ5DZ6N",2022,"LINCOLN","CORSAIR","PHEV",0,28
"5LMTJ5DZ5M",2021,"LINCOLN","CORSAIR","PHEV",0,28
"5LMTJ5DZXP",2023,"LINCOLN","CORSAIR","PHEV",0,28
"5LMTJ5DZ7S",2025,"LINCOLN","CORSAIR","PHEV",0,27
"5LMTJ5DZ6P",2023,"LINCOLN","CORSAIR","PHEV",0,28
"5LMTJ5DZ4T",2026,"LINCOLN","CORSAIR","PHEV",0,27
"5LMTJ5DZ7T",2026,"LINCOLN","CORSAIR","PHEV",0,27
"5LMTJ5DZ3T",2026,"LINCOLN","CORSAIR","PHEV",0,27
"5LMYJ9YY9P",2023,"LINCOLN","AVIATOR","PHEV",0,21
"5LMYJ8XY5P",2023,"LINCOLN","AVIATOR","PHEV",0,21
"5LMYJ8XY2L",2020,"LINCOLN","AVIATOR","PHEV",0,21
"5LMYJ8XY7N",2022,"LINCOLN","AVIATOR","PHEV",0,21
"5LMYJ8XY0N",2022,"LINCOLN","AVIATOR","PHEV",0,21
"5LMYJ8XY4N",2022,"LINCOLN","AVIATOR","PHEV",0,21
"5LMYJ8XY6L",2020,"LINCOLN","AVIATOR","PHEV",0,21
"5LMYJ8XY0M",2021,"LINCOLN","AVIATOR","PHEV",0,21
"5LMYJ9YY5L",2020,"LINCOLN","AVIATOR","PHEV",0,21
"5LMYJ8XY1L",2020,"LINCOLN","AVIATOR","PHEV",0,21
"5LMYJ9YY8P",2023,"LINCOLN","AVIATOR","PHEV",0,21
"5LMYJ9YYXN",2022,"LINCOLN","AVIATOR","PHEV",0,21
"5LMYJ9YY9N",2022,"LINCOLN","AVIATOR","PHEV",0,21
"5LMYJ9YY5N",2022,"LINCOLN","AVIATOR","PHEV",0,21
"5LMYJ8XY9M",2021,"LINCOLN","AVIATOR","PHEV",0,21
"5LMYJ8XY4M",2021,"LINCOLN","AVIATOR","PHEV",0,21
"5LMYJ8XY6M",2021,"LINCOLN","AVIATOR","PHEV",0,21
"5LMYJ9YY8N",2022,"LINCOLN","AVIATOR","PHEV",0,21
"5LMYJ8XY2M",2021,"LINCOLN","AVIATOR","PHEV",0,21
"5LMYJ8XY9L",2020,"LINCOLN","AVIATOR","PHEV",0,21
"5LMYJ8XY6P",2023,"LINCOLN","AVIATOR","PHEV",0,21
"5LMYJ9YY6N",2022,"LINCOLN","AVIATOR","PHEV",0,21
"5LMYJ8XY9P",2023,"LINCOLN","AVIATOR","PHEV",0,21
"5LMYJ8XY7M",2021,"LINCOLN","AVIATOR","PHEV",0,21
"5LMYJ8XY8M",2021,"LINCOLN","AVIATOR","PHEV",0,21
"5LMYJ9YY4M",2021,"LINCOLN","AVIATOR","PHEV",0,21
"5LMYJ8XY5M",2021,"LINCOLN","AVIATOR","PHEV",0,21
"5LMYJ8XY0L",2020,"LINCOLN","AVIATOR","PHEV",0,21
"5LMYJ8XY0P",2023,"LINCOLN","AVIATOR","PHEV",0,21
"5LMYJ8XY2P",2023,"LINCOLN","AVIATOR","PHEV",0,21
"5LMYJ8XY1P",2023,"LINCOLN","AVIATOR","PHEV",0,21
"5LMYJ9YYXL",2020,"LINCOLN","AVIATOR","PHEV",0,21
"5LMYJ8XYXL",2020,"LINCOLN","AVIATOR","PHEV",0,21
"5LMYJ8XYXM",2021,"LINCOLN","AVIATOR","PHEV",0,21
"5LMYJ8XY1N",2022,"LINCOLN","AVIATOR","PHEV",0,21
"5LMYJ8XYXP",2023,"LINCOLN","AVIATOR","PHEV",0,21
"5LMYJ8XY7P",2023,"LINCOLN","AVIATOR","PHEV",0,21
"5LMYJ8XY1M",2021,"LINCOLN","AVIATOR","PHEV",0,21
"5LMYJ8XY8P",2023,"LINCOLN","AVIATOR","PHEV",0,21
"5LMYJ9YY1P",2023,"LINCOLN","AVIATOR","PHEV",0,21
"5LMYJ8XY4P",2023,"LINCOLN","AVIATOR","PHEV",0,21
"5LMYJ9YY7M",2021,"LINCOLN","AVIATOR","PHEV",0,21
"5LMYJ8XYXN",2022,"LINCOLN","AVIATOR","PHEV",0,21
"5LMYJ9YY8L",2020,"LINCOLN","AVIATOR","PHEV",0,21
"5LMYJ9YY2N",2022,"LINCOLN","AVIATOR","PHEV",0,21
"5LMYJ8XY9N",2022,"LINCOLN","AVIATOR","PHEV",0,21
"5LMYJ9YY2M",2021,"LINCOLN","AVIATOR","PHEV",0,21
"5LMYJ8XY2N",2022,"LINCOLN","AVIATOR","PHEV",0,21
"5LMYJ9YY1L",2020,"LINCOLN","AVIATOR","PHEV",0,21
"5LMYJ9YY0P",2023,"LINCOLN","AVIATOR","PHEV",0,21
"5LMYJ8XY3N",2022,"LINCOLN","AVIATOR","PHEV",0,21
"5LMYJ9YY3L",2020,"LINCOLN","AVIATOR","PHEV",0,21
"5LMYJ8XY4L",2020,"LINCOLN","AVIATOR","PHEV",0,21
"5LMYJ9YY0M",2021,"LINCOLN","AVIATOR","PHEV",0,21
"5LMYJ8XY8N",2022,"LINCOLN","AVIATOR","PHEV",0,21
"5LMYJ8XY6N",2022,"LINCOLN","AVIATOR","PHEV",0,21
"5LMYJ9YY0N",2022,"LINCOLN","AVIATOR","PHEV",0,21
"5LMYJ8XY3P",2023,"LINCOLN","AVIATOR","PHEV",0,21
"5LMYJ9YY0L",2020,"LINCOLN","AVIATOR","PHEV",0,21
"5LMYJ8XY5N",2022,"LINCOLN","AVIATOR","PHEV",0,21
"5LMYJ9YY9L",2020,"LINCOLN","AVIATOR","PHEV",0,21
"5LMYJ9YY7P",2023,"LINCOLN","AVIATOR","PHEV",0,21
"5LMYJ8XY8L",2020,"LINCOLN","AVIATOR","PHEV",0,21
"5LMYJ8XY3L",2020,"LINCOLN","AVIATOR","PHEV",0,21
"5LMYJ9YYXP",2023,"LINCOLN","AVIATOR","PHEV",0,21
"5LMYJ8XY5L",2020,"LINCOLN","AVIATOR","PHEV",0,21
"5LMYJ9YY6L",2020,"LINCOLN","AVIATOR","PHEV",0,21
"5LMYJ8XY7L",2020,"LINCOLN","AVIATOR","PHEV",0,21
"5LMYJ9YY4P",2023,"LINCOLN","AVIATOR","PHEV",0,21
"5LMYJ9YY6P",2023,"LINCOLN","AVIATOR","PHEV",0,21
"5LMYJ9YY3N",2022,"LINCOLN","AVIATOR","PHEV",0,21
"5LMYJ9YY1N",2022,"LINCOLN","AVIATOR","PHEV",0,21
"5LMYJ9YY2P",2023,"LINCOLN","AVIATOR","PHEV",0,21
"KMHC75LD9N",2022,"HYUNDAI","IONIQ","PHEV",0,29
"KMHCX5LD7N",2022,"HYUNDAI","IONIQ","PHEV",0,29
"KMHC75LD3K",2019,"HYUNDAI","IONIQ","PHEV",0,29
"KMHC65LD5K",2019,"HYUNDAI","IONIQ","PHEV",0,29
"KMHC65LD0J",2018,"HYUNDAI","IONIQ","PHEV",0,29
"KMHC65LD1M",2021,"HYUNDAI","IONIQ","PHEV",0,29
"KMHC65LD8L",2020,"HYUNDAI","IONIQ","PHEV",0,29
"KMHCX5LD3M",2021,"HYUNDAI","IONIQ","PHEV",0,29
"KMHC65LD4K",2019,"HYUNDAI","IONIQ","PHEV",0,29
"KMHC65LD7K",2019,"HYUNDAI","IONIQ","PHEV",0,29
"KMHCX5LD2N",2022,"HYUNDAI","IONIQ","PHEV",0,29
"KMHC65LD2K",2019,"HYUNDAI","IONIQ","PHEV",0,29
"KMHC65LD0M",2021,"HYUNDAI","IONIQ","PHEV",0,29
"KMHC65LD7L",2020,"HYUNDAI","IONIQ","PHEV",0,29
"KMHC65LDXM",2021,"HYUNDAI","IONIQ","PHEV",0,29
"KMHC65LD4L",2020,"HYUNDAI","IONIQ","PHEV",0,29
"KMHC75LD4L",2020,"HYUNDAI","IONIQ","PHEV",0,29
"KMHCX5LD1M",2021,"HYUNDAI","IONIQ","PHEV",0,29
"KMHC75LDXJ",2018,"HYUNDAI","IONIQ","PHEV",0,29
"KMHC65LD8N",2022,"HYUNDAI","IONIQ","PHEV",0,29
"KMHC65LD7N",2022,"HYUNDAI","IONIQ","PHEV",0,29
"KMHC65LD0K",2019,"HYUNDAI","IONIQ","PHEV",0,29
"KMHC65LD9L",2020,"HYUNDAI","IONIQ","PHEV",0,29
"KMHC75LD2K",2019,"HYUNDAI","IONIQ","PHEV",0,29
"KMHC75LD5M",2021,"HYUNDAI","IONIQ","PHEV",0,29
"KMHC75LD6N",2022,"HYUNDAI","IONIQ","PHEV",0,29
"KMHC75LD7K",2019,"HYUNDAI","IONIQ","PHEV",0,29
"KMHC75LD5J",2018,"HYUNDAI","IONIQ","PHEV",0,29
"KMHC65LD0N",2022,"HYUNDAI","IONIQ","PHEV",0,29
"KMHC65LD6L",2020,"HYUNDAI","IONIQ","PHEV",0,29
"KMHC75LDXK",2019,"HYUNDAI","IONIQ","PHEV",0,29
"KMHC65LD8K",2019,"HYUNDAI","IONIQ","PHEV",0,29
"KMHC75LD0L",2020,"HYUNDAI","IONIQ","PHEV",0,29
"KMHC75LD1N",2022,"HYUNDAI","IONIQ","PHEV",0,29
"KMHC65LD2M",2021,"HYUNDAI","IONIQ","PHEV",0,29
"KMHCX5LD0N",2022,"HYUNDAI","IONIQ","PHEV",0,29
"KMHC75LD0J",2018,"HYUNDAI","IONIQ","PHEV",0,29
"KMHCX5LDXL",2020,"HYUNDAI","IONIQ","PHEV",0,29
"KMHC75LD6K",2019,"HYUNDAI","IONIQ","PHEV",0,29
"KMHCX5LD6M",2021,"HYUNDAI","IONIQ","PHEV",0,29
"KMHC65LD3K",2019,"HYUNDAI","IONIQ","PHEV",0,29
"KMHC65LD6M",2021,"HYUNDAI","IONIQ","PHEV",0,29
"KMHC65LDXJ",2018,"HYUNDAI","IONIQ","PHEV",0,29
"KMHC75LD0K",2019,"HYUNDAI","IONIQ","PHEV",0,29
"KMHC75LD8K",2019,"HYUNDAI","IONIQ","PHEV",0,29
"KMHC75LD1K",2019,"HYUNDAI","IONIQ","PHEV",0,29
"KMHC75LD4J",2018,"HYUNDAI","IONIQ","PHEV",0,29
"KMHC65LD2L",2020,"HYUNDAI","IONIQ","PHEV",0,29
"KMHCX5LD7M",2021,"HYUNDAI","IONIQ","PHEV",0,29
"KMHC65LD6N",2022,"HYUNDAI","IONIQ","PHEV",0,29
"KMHC65LD7M",2021,"HYUNDAI","IONIQ","PHEV",0,29
"KMHCX5LDXM",2021,"HYUNDAI","IONIQ","PHEV",0,29
"KMHC75LD2L",2020,"HYUNDAI","IONIQ","PHEV",0,29
"KMHC75LD1L",2020,"HYUNDAI","IONIQ","PHEV",0,29
"KMHCX5LD9M",2021,"HYUNDAI","IONIQ","PHEV",0,29
"KMHC75LD8M",2021,"HYUNDAI","IONIQ","PHEV",0,29
"KMHC75LD4N",2022,"HYUNDAI","IONIQ","PHEV",0,29
"KMHC65LD2J",2018,"HYUNDAI","IONIQ","PHEV",0,29
"KMHC75LD7L",2020,"HYUNDAI","IONIQ","PHEV",0,29
"KMHC65LD1L",2020,"HYUNDAI","IONIQ","PHEV",0,29
"KMHC65LD1K",2019,"HYUNDAI","IONIQ","PHEV",0,29
"KMHCX5LD0L",2020,"HYUNDAI","IONIQ","PHEV",0,29
"KMHCX5LD5N",2022,"HYUNDAI","IONIQ","PHEV",0,29
"KMHC65LD6J",2018,"HYUNDAI","IONIQ","PHEV",0,29
"KMHCX5LD7L",2020,"HYUNDAI","IONIQ","PHEV",0,29
"KMHC65LD4J",2018,"HYUNDAI","IONIQ","PHEV",0,29
"KMHC65LD5L",2020,"HYUNDAI","IONIQ","PHEV",0,29
"KMHC65LDXL",2020,"HYUNDAI","IONIQ","PHEV",0,29
"KMHC75LD1M",2021,"HYUNDAI","IONIQ","PHEV",0,29
"KMHC65LDXK",2019,"HYUNDAI","IONIQ","PHEV",0,29
"KMHC75LD3J",2018,"HYUNDAI","IONIQ","PHEV",0,29
"KMHC65LD9K",2019,"HYUNDAI","IONIQ","PHEV",0,29
"KMHC65LD6K",2019,"HYUNDAI","IONIQ","PHEV",0,29
"KMHCX5LD4L",2020,"HYUNDAI","IONIQ","PHEV",0,29
"KMHC75LD4K",2019,"HYUNDAI","IONIQ","PHEV",0,29
"KMHCX5LD9L",2020,"HYUNDAI","IONIQ","PHEV",0,29
"KMHC65LD8J",2018,"HYUNDAI","IONIQ","PHEV",0,29
"KMHC75LD5K",2019,"HYUNDAI","IONIQ","PHEV",0,29
"KMHC65LD8M",2021,"HYUNDAI","IONIQ","PHEV",0,29
"KMHCX5LD3L",2020,"HYUNDAI","IONIQ","PHEV",0,29
"KMHC65LD9M",2021,"HYUNDAI","IONIQ","PHEV",0,29
"KMHCX5LD1L",2020,"HYUNDAI","IONIQ","PHEV",0,29
"KMHC75LDXN",2022,"HYUNDAI","IONIQ","PHEV",0,29
"KMHC75LD2M",2021,"HYUNDAI","IONIQ","PHEV",0,29
"KMHC75LD7J",2018,"HYUNDAI","IONIQ","PHEV",0,29
"KMHC75LD6L",2020,"HYUNDAI","IONIQ","PHEV",0,29
"KMHC75LD6M",2021,"HYUNDAI","IONIQ","PHEV",0,29
"KNAGV4LD8H",2017,"KIA","OPTIMA","PHEV",0,29
"KNAGV4LD0J",2018,"KIA","OPTIMA","PHEV",0,29
"KNAGV4LD2H",2017,"KIA","OPTIMA","PHEV",0,29
"KNAGV4LDXH",2017,"KIA","OPTIMA","PHEV",0,29
"KNAGV4LD9H",2017,"KIA","OPTIMA","PHEV",0,29
"KNAGV4LD9J",2018,"KIA","OPTIMA","PHEV",0,29
"KNAGV4LD6J",2018,"KIA","OPTIMA","PHEV",0,29
"KNAGV4LD6H",2017,"KIA","OPTIMA","PHEV",0,29
"KNAGV4LD0H",2017,"KIA","OPTIMA","PHEV",0,29
"KNAGV4LD8K",2019,"KIA","OPTIMA","PHEV",0,29
"KNAGV4LD4J",2018,"KIA","OPTIMA","PHEV",0,29
"KNAGV4LDXJ",2018,"KIA","OPTIMA","PHEV",0,29
"KNAGV4LD7H",2017,"KIA","OPTIMA","PHEV",0,29
"KNAGV4LD2J",2018,"KIA","OPTIMA","PHEV",0,29
"KNAGV4LD3H",2017,"KIA","OPTIMA","PHEV",0,29
"KNAGV4LD1H",2017,"KIA","OPTIMA","PHEV",0,29
"KNAGV4LD1J",2018,"KIA","OPTIMA","PHEV",0,29
"KNAGV4LD7J",2018,"KIA","OPTIMA","PHEV",0,29
"KNAGV4LD3K",2019,"KIA","OPTIMA","PHEV",0,29
"KNAGV4LD4H",2017,"KIA","OPTIMA","PHEV",0,29
"KNAGV4LD5J",2018,"KIA","OPTIMA","PHEV",0,29
"KNAGV4LD5H",2017,"KIA","OPTIMA","PHEV",0,29
"KNAGV4LD3J",2018,"KIA","OPTIMA","PHEV",0,29
"1FADP5CU9E",2014,"FORD","C-MAX","PHEV",0,19
"1FADP5EU5H",2017,"FORD","C-MAX","PHEV",0,20
"1FADP5EU6H",2017,"FORD","C-MAX","PHEV",0,20
"1FADP5CU0G",2016,"FORD","C-MAX","PHEV",0,19
"1FADP5FU6H",2017,"FORD","C-MAX","PHEV",0,20
"1FADP5CU1D",2013,"FORD","C-MAX","PHEV",0,19
"1FADP5CU4G",2016,"FORD","C-MAX","PHEV",0,19
"1FADP5CU3D",2013,"FORD","C-MAX","PHEV",0,19
"1FADP5CUXD",2013,"FORD","C-MAX","PHEV",0,19
"1FADP5CU5G",2016,"FORD","C-MAX","PHEV",0,19
"1FADP5CU5F",2015,"FORD","C-MAX","PHEV",0,19
"1FADP5CU1G",2016,"FORD","C-MAX","PHEV",0,19
"1FADP5CU8E",2014,"FORD","C-MAX","PHEV",0,19
"1FADP5CU2F",2015,"FORD","C-MAX","PHEV",0,19
"1FADP5FU7H",2017,"FORD","C-MAX","PHEV",0,20
"1FADP5CU9G",2016,"FORD","C-MAX","PHEV",0,19
"1FADP5CU2G",2016,"FORD","C-MAX","PHEV",0,19
"1FADP5CU1F",2015,"FORD","C-MAX","PHEV",0,19
"1FADP5CU8D",2013,"FORD","C-MAX","PHEV",0,19
"1FADP5CU3E",2014,"FORD","C-MAX","PHEV",0,19
"1FADP5EU7H",2017,"FORD","C-MAX","PHEV",0,20
"1FADP5CU7D",2013,"FORD","C-MAX","PHEV",0,19
"1FADP5CUXF",2015,"FORD","C-MAX","PHEV",0,19
"1FADP5FU1H",2017,"FORD","C-MAX","PHEV",0,20
"1FADP5FU8H",2017,"FORD","C-MAX","PHEV",0,20
"1FADP5FU3H",2017,"FORD","C-MAX","PHEV",0,20
"1FADP5CU7E",2014,"FORD","C-MAX","PHEV",0,19
"1FADP5CU2D",2013,"FORD","C-MAX","PHEV",0,19
"1FADP5CU0D",2013,"FORD","C-MAX","PHEV",0,19
"1FADP5EU3H",2017,"FORD","C-MAX","PHEV",0,20
"1FADP5EU1H",2017,"FORD","C-MAX","PHEV",0,20
"1FADP5CU6D",2013,"FORD","C-MAX","PHEV",0,19
"1FADP5CU5D",2013,"FORD","C-MAX","PHEV",0,19
"1FADP5EU9H",2017,"FORD","C-MAX","PHEV",0,20
"1FADP5CU0E",2014,"FORD","C-MAX","PHEV",0,19
"1FADP5FU4H",2017,"FORD","C-MAX","PHEV",0,20
"1FADP5CU6F",2015,"FORD","C-MAX","PHEV",0,19
"1FADP5FU0H",2017,"FORD","C-MAX","PHEV",0,20
"1FADP5CU6E",2014,"FORD","C-MAX","PHEV",0,19
"1FADP5CU8G",2016,"FORD","C-MAX","PHEV",0,19
"1FADP5FU5H",2017,"FORD","C-MAX","PHEV",0,20
"1FADP5CU0F",2015,"FORD","C-MAX","PHEV",0,19
"1FADP5EU0H",2017,"FORD","C-MAX","PHEV",0,20
"1FADP5CU4E",2014,"FORD","C-MAX","PHEV",0,19
"1FADP5CU9F",2015,"FORD","C-MAX","PHEV",0,19
"1FADP5CU3F",2015,"FORD","C-MAX","PHEV",0,19
"1FADP5CU4D",2013,"FORD","C-MAX","PHEV",0,19
"1FADP5CU5E",2014,"FORD","C-MAX","PHEV",0,19
"1FADP5CUXG",2016,"FORD","C-MAX","PHEV",0,19
"1FADP5CU1E",2014,"FORD","C-MAX","PHEV",0,19
"1FADP5EU8H",2017,"FORD","C-MAX","PHEV",0,20
"1FADP5CU6G",2016,"FORD","C-MAX","PHEV",0,19
"1FADP5EU4H",2017,"FORD","C-MAX","PHEV",0,20
"1FADP5CUXE",2014,"FORD","C-MAX","PHEV",0,19
"1FADP5CU2E",2014,"FORD","C-MAX","PHEV",0,19
"1FADP5CU9D",2013,"FORD","C-MAX","PHEV",0,19
"1FADP5CU4F",2015,"FORD","C-MAX","PHEV",0,19
"1FADP5CU7G",2016,"FORD","C-MAX","PHEV",0,19
"1FADP5CU8F",2015,"FORD","C-MAX","PHEV",0,19
"1FADP5FU2H",2017,"FORD","C-MAX","PHEV",0,20
"1FADP5CU7F",2015,"FORD","C-MAX","PHEV",0,19
"1FADP5CU3G",2016,"FORD","C-MAX","PHEV",0,19
"1FADP5FUXH",2017,"FORD","C-MAX","PHEV",0,20
"1FADP5FU9H",2017,"FORD","C-MAX","PHEV",0,20
"1FADP5EUXH",2017,"FORD","C-MAX","PHEV",0,20
"1FADP5EU2H",2017,"FORD","C-MAX","PHEV",0,20
"3FA6P0PU4H",2017,"FORD","FUSION","PHEV",0,21
"3FA6P0SUXH",2017,"FORD","FUSION","PHEV",0,21
"3FA6P0PU1H",2017,"FORD","FUSION","PHEV",0,21
"3FA6P0PU8H",2017,"FORD","FUSION","PHEV",0,21
"3FA6P0SU8H",2017,"FORD","FUSION","PHEV",0,21
"3FA6P0PU9H",2017,"FORD","FUSION","PHEV",0,21
"3FA6P0SU3H",2017,"FORD","FUSION","PHEV",0,21
"3FA6P0PU6H",2017,"FORD","FUSION","PHEV",0,21
"3FA6P0PU3J",2018,"FORD","FUSION","PHEV",0,21
"3FA6P0PU0H",2017,"FORD","FUSION","PHEV",0,21
"3FA6P0SU8J",2018,"FORD","FUSION","PHEV",0,21
"3FA6P0PU5H",2017,"FORD","FUSION","PHEV",0,21
"3FA6P0SU4H",2017,"FORD","FUSION","PHEV",0,21
"3FA6P0SU0H",2017,"FORD","FUSION","PHEV",0,21
"3FA6P0PUXJ",2018,"FORD","FUSION","PHEV",0,21
"3FA6P0PU2H",2017,"FORD","FUSION","PHEV",0,21
"3FA6P0SU7H",2017,"FORD","FUSION","PHEV",0,21
"3FA6P0PU4J",2018,"FORD","FUSION","PHEV",0,21
"3FA6P0PU7J",2018,"FORD","FUSION","PHEV",0,21
"3FA6P0PU9J",2018,"FORD","FUSION","PHEV",0,21
"3FA6P0SU3J",2018,"FORD","FUSION","PHEV",0,21
"3FA6P0SU9H",2017,"FORD","FUSION","PHEV",0,21
"3FA6P0PU3H",2017,"FORD","FUSION","PHEV",0,21
"3FA6P0SU6H",2017,"FORD","FUSION","PHEV",0,21
"3FA6P0SU1J",2018,"FORD","FUSION","PHEV",0,21
"3FA6P0PUXH",2017,"FORD","FUSION","PHEV",0,21
"3FA6P0SU0J",2018,"FORD","FUSION","PHEV",0,21
"3FA6P0SU5J",2018,"FORD","FUSION","PHEV",0,21
"3FA6P0SU2H",2017,"FORD","FUSION","PHEV",0,21
"3FA6P0PU7H",2017,"FORD","FUSION","PHEV",0,21
"3FA6P0PU8J",2018,"FORD","FUSION","PHEV",0,21
"3FA6P0PU1J",2018,"FORD","FUSION","PHEV",0,21
"3FA6P0PU2J",2018,"FORD","FUSION","PHEV",0,21
"3FA6P0SU4J",2018,"FORD","FUSION","PHEV",0,21
"3FA6P0SUXJ",2018,"FORD","FUSION","PHEV",0,21
"3FA6P0PU5J",2018,"FORD","FUSION","PHEV",0,21
"3FA6P0SU6J",2018,"FORD","FUSION","PHEV",0,21
"3FA6P0SU5H",2017,"FORD","FUSION","PHEV",0,21
"3FA6P0SU2J",2018,"FORD","FUSION","PHEV",0,21
"3FA6P0SU7J",2018,"FORD","FUSION","PHEV",0,21
"3FA6P0PU0J",2018,"FORD","FUSION","PHEV",0,21
"3FA6P0SU1H",2017,"FORD","FUSION","PHEV",0,21
"3FA6P0SU9J",2018,"FORD","FUSION","PHEV",0,21
"3FA6P0PU6J",2018,"FORD","FUSION","PHEV",0,21
"3FA6P0PU5F",2015,"FORD","FUSION","PHEV",0,19
"3FA6P0PU0E",2014,"FORD","FUSION","PHEV",0,19
"3FA6P0PUXG",2016,"FORD","FUSION","PHEV",0,19
"3FA6P0SU2F",2015,"FORD","FUSION","PHEV",0,19
"3FA6P0PUBE",2014,"FORD","FUSION","PHEV",0,19
"3FA6P0SU8G",2016,"FORD","FUSION","PHEV",0,19
"3FA6P0SU1F",2015,"FORD","FUSION","PHEV",0,19
"3FA6P0SU7F",2015,"FORD","FUSION","PHEV",0,19
"3FA6P0SU6D",2013,"FORD","FUSION","PHEV",0,19
"3FA6P0SU8F",2015,"FORD","FUSION","PHEV",0,19
"3FA6P0PU9F",2015,"FORD","FUSION","PHEV",0,19
"3FA6P0SU1E",2014,"FORD","FUSION","PHEV",0,19
"3FA6P0SU3G",2016,"FORD","FUSION","PHEV",0,19
"3FA6P0PU7G",2016,"FORD","FUSION","PHEV",0,19
"3FA6P0SU4G",2016,"FORD","FUSION","PHEV",0,19
"3FA6P0PU3E",2014,"FORD","FUSION","PHEV",0,19
"3FA6P0PU4E",2014,"FORD","FUSION","PHEV",0,19
"3FA6P0SU5E",2014,"FORD","FUSION","PHEV",0,19
"3FA6P0SU0G",2016,"FORD","FUSION","PHEV",0,19
"3FA6P0SUXD",2013,"FORD","FUSION","PHEV",0,19
"3FA6P0SU9G",2016,"FORD","FUSION","PHEV",0,19
"3FA6P0PU2G",2016,"FORD","FUSION","PHEV",0,19
"3FA6P0SU6E",2014,"FORD","FUSION","PHEV",0,19
"3FA6P0PU8G",2016,"FORD","FUSION","PHEV",0,19
"3FA6P0PU8D",2013,"FORD","FUSION","PHEV",0,19
"3FA6P0SU4D",2013,"FORD","FUSION","PHEV",0,19
"3FA6P0SU5G",2016,"FORD","FUSION","PHEV",0,19
"3FA6P0SU0F",2015,"FORD","FUSION","PHEV",0,19
"3FA6P0SU8E",2014,"FORD","FUSION","PHEV",0,19
"3FA6P0SU7G",2016,"FORD","FUSION","PHEV",0,19
"3FA6P0PU7F",2015,"FORD","FUSION","PHEV",0,19
"3FA6P0PU4G",2016,"FORD","FUSION","PHEV",0,19
"3FA6P0PU7E",2014,"FORD","FUSION","PHEV",0,19
"3FA6P0PU4F",2015,"FORD","FUSION","PHEV",0,19
"3FA6P0PU3G",2016,"FORD","FUSION","PHEV",0,19
"3FA6P0SUXG",2016,"FORD","FUSION","PHEV",0,19
"3FA6P0PU6G",2016,"FORD","FUSION","PHEV",0,19
"3FA6P0SU2G",2016,"FORD","FUSION","PHEV",0,19
"3FA6P0PU9D",2013,"FORD","FUSION","PHEV",0,19
"3FA6P0SU4E",2014,"FORD","FUSION","PHEV",0,19
"3FA6P0SU8D",2013,"FORD","FUSION","PHEV",0,19
"3FA6P0SUXF",2015,"FORD","FUSION","PHEV",0,19
"3FA6P0SU1G",2016,"FORD","FUSION","PHEV",0,19
"3FA6P0PU1F",2015,"FORD","FUSION","PHEV",0,19
"3FA6P0PU4D",2013,"FORD","FUSION","PHEV",0,19
"3FA6P0PU5E",2014,"FORD","FUSION","PHEV",0,19
"3FA6P0SU0E",2014,"FORD","FUSION","PHEV",0,19
"3FA6P0PU9E",2014,"FORD","FUSION","PHEV",0,19
"3FA6P0PU6E",2014,"FORD","FUSION","PHEV",0,19
"3FA6P0SU6G",2016,"FORD","FUSION","PHEV",0,19
"3FA6P0PU5G",2016,"FORD","FUSION","PHEV",0,19
"3FA6P0PU3D",2013,"FORD","FUSION","PHEV",0,19
"3FA6P0SU7E",2014,"FORD","FUSION","PHEV",0,19
"3FA6P0PU6D",2013,"FORD","FUSION","PHEV",0,19
"3FA6P0SUXE",2014,"FORD","FUSION","PHEV",0,19
"3FA6P0SU4F",2015,"FORD","FUSION","PHEV",0,19
"3FA6P0PU2F",2015,"FORD","FUSION","PHEV",0,19
"3FA6P0PUXF",2015,"FORD","FUSION","PHEV",0,19
"3FA6P0SU2D",2013,"FORD","FUSION","PHEV",0,19
"3FA6P0PUXE",2014,"FORD","FUSION","PHEV",0,19
"3FA6P0PU1D",2013,"FORD","FUSION","PHEV",0,19
"3FA6P0SU9E",2014,"FORD","FUSION","PHEV",0,19
"3FA6P0SU5D",2013,"FORD","FUSION","PHEV",0,19
"3FA6P0PUXD",2013,"FORD","FUSION","PHEV",0,19
"3FA6P0SU0D",2013,"FORD","FUSION","PHEV",0,19
"3FA6P0PU2E",2014,"FORD","FUSION","PHEV",0,19
"3FA6P0PU1E",2014,"FORD","FUSION","PHEV",0,19
"3FA6P0PU6F",2015,"FORD","FUSION","PHEV",0,19
"3FA6P0SU5F",2015,"FORD","FUSION","PHEV",0,19
"3FA6P0PU0F",2015,"FORD","FUSION","PHEV",0,19
"3FA6P0SU6F",2015,"FORD","FUSION","PHEV",0,19
"3FA6P0PU8E",2014,"FORD","FUSION","PHEV",0,19
"3FA6P0SU3F",2015,"FORD","FUSION","PHEV",0,19
"3FA6P0PU0G",2016,"FORD","FUSION","PHEV",0,19
"3FA6P0SU3D",2013,"FORD","FUSION","PHEV",0,19
"3FA6P0SU1D",2013,"FORD","FUSION","PHEV",0,19
"3FA6P0SU2E",2014,"FORD","FUSION","PHEV",0,19
"3FA6P0SU3E",2014,"FORD","FUSION","PHEV",0,19
"3FA6P0PU1G",2016,"FORD","FUSION","PHEV",0,19
"3FA6P0PU0D",2013,"FORD","FUSION","PHEV",0,19
"3FA6P0PU3F",2015,"FORD","FUSION","PHEV",0,19
"3FA6P0PU7D",2013,"FORD","FUSION","PHEV",0,19
"3FA6P0SU9D",2013,"FORD","FUSION","PHEV",0,19
"3FA6P0PU9G",2016,"FORD","FUSION","PHEV",0,19
"3FA6P0PU2D",2013,"FORD","FUSION","PHEV",0,19
"3FA6P0PU8F",2015,"FORD","FUSION","PHEV",0,19
"3FA6P0SU9F",2015,"FORD","FUSION","PHEV",0,19
"3FA6P0PU5D",2013,"FORD","FUSION","PHEV",0,19
"3FA6P0SU7D",2013,"FORD","FUSION","PHEV",0,19
"WP0AC2YA3S",2025,"PORSCHE","PANAMERA","PHEV",0,28
"WP0AE2YA0S",2025,"PORSCHE","PANAMERA","PHEV",0,28
"WP0AE2A76J",2018,"PORSCHE","PANAMERA","PHEV",0,16
"WP0AD2A7XF",2015,"PORSCHE","PANAMERA","PHEV",0,15
"WP0AE2A70J",2018,"PORSCHE","PANAMERA","PHEV",0,16
"WP0AH2A72M",2021,"PORSCHE","PANAMERA","PHEV",0,17
"WP0AE2A7XJ",2018,"PORSCHE","PANAMERA","PHEV",0,16
"WP0AD2A71G",2016,"PORSCHE","PANAMERA","PHEV",0,15
"WP0AE2A78J",2018,"PORSCHE","PANAMERA","PHEV",0,16
"WP0AE2YA5T",2026,"PORSCHE","PANAMERA","PHEV",0,28
"WP0AC2YA0T",2026,"PORSCHE","PANAMERA","PHEV",0,28
"WP0AE2A71J",2018,"PORSCHE","PANAMERA","PHEV",0,16
"WP0AD2A73F",2015,"PORSCHE","PANAMERA","PHEV",0,15
"WP0AH2A71J",2018,"PORSCHE","PANAMERA","PHEV",0,14
"WP0AE2A72L",2020,"PORSCHE","PANAMERA","PHEV",0,14
"WP0AE2YA3S",2025,"PORSCHE","PANAMERA","PHEV",0,28
"WP0AD2A76G",2016,"PORSCHE","PANAMERA","PHEV",0,15
"WP0CE2A70J",2018,"PORSCHE","PANAMERA","PHEV",0,16
"WP0AD2A78F",2015,"PORSCHE","PANAMERA","PHEV",0,15
"WP0AE2A75J",2018,"PORSCHE","PANAMERA","PHEV",0,16
"WP0AK2A73M",2021,"PORSCHE","PANAMERA","PHEV",0,18
"WP0AE2A72J",2018,"PORSCHE","PANAMERA","PHEV",0,16
"WP0AE2YA2S",2025,"PORSCHE","PANAMERA","PHEV",0,28
"WP0CK2A71P",2023,"PORSCHE","PANAMERA","PHEV",0,18
"WP0AK2A72M",2021,"PORSCHE","PANAMERA","PHEV",0,18
"WP0AE2A73J",2018,"PORSCHE","PANAMERA","PHEV",0,16
"WP0AD2A79F",2015,"PORSCHE","PANAMERA","PHEV",0,15
"WP0AK2A74N",2022,"PORSCHE","PANAMERA","PHEV",0,19
"WP0AF2YA0S",2025,"PORSCHE","PANAMERA","PHEV",0,28
"WP0AD2A76E",2014,"PORSCHE","PANAMERA","PHEV",0,15
"WP0AD2A73E",2014,"PORSCHE","PANAMERA","PHEV",0,15
"WP0CE2A79J",2018,"PORSCHE","PANAMERA","PHEV",0,16
"WP0AD2A74G",2016,"PORSCHE","PANAMERA","PHEV",0,15
"WP0AE2A77J",2018,"PORSCHE","PANAMERA","PHEV",0,16
"WP0AE2A7XN",2022,"PORSCHE","PANAMERA","PHEV",0,19
"WP0AE2A77K",2019,"PORSCHE","PANAMERA","PHEV",0,14
"WP0AK2A71N",2022,"PORSCHE","PANAMERA","PHEV",0,19
"WP0AE2A74J",2018,"PORSCHE","PANAMERA","PHEV",0,16
"WP0AE2YA8T",2026,"PORSCHE","PANAMERA","PHEV",0,28
"WP0CK2A78N",2022,"PORSCHE","PANAMERA","PHEV",0,18
"WP0AE2A77L",2020,"PORSCHE","PANAMERA","PHEV",0,14
"WP0CH2A75K",2019,"PORSCHE","PANAMERA","PHEV",0,14
"WP0AH2A7XJ",2018,"PORSCHE","PANAMERA","PHEV",0,14
"WP0AD2A72E",2014,"PORSCHE","PANAMERA","PHEV",0,15
"WP0AE2A7XL",2020,"PORSCHE","PANAMERA","PHEV",0,14
"WP0AE2YA7S",2025,"PORSCHE","PANAMERA","PHEV",0,28
"WP0AE2A70N",2022,"PORSCHE","PANAMERA","PHEV",0,19
"WP0AE2YAXS",2025,"PORSCHE","PANAMERA","PHEV",0,28
"WP0AD2A71E",2014,"PORSCHE","PANAMERA","PHEV",0,15
"WP0AE2A75L",2020,"PORSCHE","PANAMERA","PHEV",0,14
"WP0CH2A75L",2020,"PORSCHE","PANAMERA","PHEV",0,14
"WP0CH2A78J",2018,"PORSCHE","PANAMERA","PHEV",0,14
"WP0AC2YA5T",2026,"PORSCHE","PANAMERA","PHEV",0,28
"WP0AK2A79P",2023,"PORSCHE","PANAMERA","PHEV",0,18
"WP0BH2A77J",2018,"PORSCHE","PANAMERA","PHEV",0,14
"WP0AH2YA6S",2025,"PORSCHE","PANAMERA","PHEV",0,27
"WP0AH2A76J",2018,"PORSCHE","PANAMERA","PHEV",0,14
"WP0AD2A76F",2015,"PORSCHE","PANAMERA","PHEV",0,15
"WP0AE2YA4T",2026,"PORSCHE","PANAMERA","PHEV",0,28
"WP0AH2A77J",2018,"PORSCHE","PANAMERA","PHEV",0,14
"WP0AE2A71K",2019,"PORSCHE","PANAMERA","PHEV",0,14
"WP0AD2A73G",2016,"PORSCHE","PANAMERA","PHEV",0,15
"WP0AH2A70J",2018,"PORSCHE","PANAMERA","PHEV",0,14
"WP0AE2YA1S",2025,"PORSCHE","PANAMERA","PHEV",0,28
"WP0CK2A7XN",2022,"PORSCHE","PANAMERA","PHEV",0,18
"WP0AK2A79M",2021,"PORSCHE","PANAMERA","PHEV",0,18
"WP0CH2A75J",2018,"PORSCHE","PANAMERA","PHEV",0,14
"WP0BH2A72J",2018,"PORSCHE","PANAMERA","PHEV",0,14
"WP0AE2A74P",2023,"PORSCHE","PANAMERA","PHEV",0,18
"WP0AF2YA9S",2025,"PORSCHE","PANAMERA","PHEV",0,28
"WP0CK2A70P",2023,"PORSCHE","PANAMERA","PHEV",0,18
"WP0AC2YA1S",2025,"PORSCHE","PANAMERA","PHEV",0,28
"WP0AH2A79K",2019,"PORSCHE","PANAMERA","PHEV",0,14
"WP0CE2A77N",2022,"PORSCHE","PANAMERA","PHEV",0,18
"WP0AE2YA6S",2025,"PORSCHE","PANAMERA","PHEV",0,28
"WP0AK2A78M",2021,"PORSCHE","PANAMERA","PHEV",0,18
"WP0CE2A72P",2023,"PORSCHE","PANAMERA","PHEV",0,18
"WP0AE2A79J",2018,"PORSCHE","PANAMERA","PHEV",0,16
"WP0AE2A76N",2022,"PORSCHE","PANAMERA","PHEV",0,19
"WP0AE2A70P",2023,"PORSCHE","PANAMERA","PHEV",0,18
"WP0AD2A74F",2015,"PORSCHE","PANAMERA","PHEV",0,15
"WP0CH2A76J",2018,"PORSCHE","PANAMERA","PHEV",0,14
"WP0AD2A70F",2015,"PORSCHE","PANAMERA","PHEV",0,15
"WP0AE2A72K",2019,"PORSCHE","PANAMERA","PHEV",0,14
"WP0AE2YA5S",2025,"PORSCHE","PANAMERA","PHEV",0,28
"WP0AD2A7XG",2016,"PORSCHE","PANAMERA","PHEV",0,15
"WP0AE2A75K",2019,"PORSCHE","PANAMERA","PHEV",0,14
"WP0AD2A78E",2014,"PORSCHE","PANAMERA","PHEV",0,15
"WP0AE2A71N",2022,"PORSCHE","PANAMERA","PHEV",0,19
"WP0AK2A70P",2023,"PORSCHE","PANAMERA","PHEV",0,18
"WP0AK2A77P",2023,"PORSCHE","PANAMERA","PHEV",0,18
"WP0AC2YA6S",2025,"PORSCHE","PANAMERA","PHEV",0,28
"WP0AK2A76M",2021,"PORSCHE","PANAMERA","PHEV",0,18
"WP0AE2A73N",2022,"PORSCHE","PANAMERA","PHEV",0,19
"WP0AE2YA4S",2025,"PORSCHE","PANAMERA","PHEV",0,28
"WP0AD2A72G",2016,"PORSCHE","PANAMERA","PHEV",0,15
"WP0BH2A78J",2018,"PORSCHE","PANAMERA","PHEV",0,14
"WP0AE2A73L",2020,"PORSCHE","PANAMERA","PHEV",0,14
"WP0AD2A75G",2016,"PORSCHE","PANAMERA","PHEV",0,15
"WP0BH2A76J",2018,"PORSCHE","PANAMERA","PHEV",0,14
"WP0AK2A7XP",2023,"PORSCHE","PANAMERA","PHEV",0,18
"WP0AH2A77K",2019,"PORSCHE","PANAMERA","PHEV",0,14
"WP0AD2A71F",2015,"PORSCHE","PANAMERA","PHEV",0,15
"WP0AH2A79L",2020,"PORSCHE","PANAMERA","PHEV",0,14
"WP0AE2A79M",2021,"PORSCHE","PANAMERA","PHEV",0,18
"WP0AK2A7XM",2021,"PORSCHE","PANAMERA","PHEV",0,18
"WP0AC2YA4S",2025,"PORSCHE","PANAMERA","PHEV",0,28
"WP0AD2A77F",2015,"PORSCHE","PANAMERA","PHEV",0,15
"WP0CA2A13F",2015,"PORSCHE","918","PHEV",0,12
"WP0CA2A10F",2015,"PORSCHE","918","PHEV",0,12
"WP1AE2AYXK",2019,"PORSCHE","CAYENNE","PHEV",0,13
"WP1AE2AY4K",2019,"PORSCHE","CAYENNE","PHEV",0,13
"WP1AE2AY6M",2021,"PORSCHE","CAYENNE","PHEV",0,16
"WP1AE2AY2S",2025,"PORSCHE","CAYENNE","PHEV",0,29
"WP1AE2AY8K",2019,"PORSCHE","CAYENNE","PHEV",0,13
"WP1AE2AY3K",2019,"PORSCHE","CAYENNE","PHEV",0,13
"WP1AE2AY9K",2019,"PORSCHE","CAYENNE","PHEV",0,13
"WP1AN2AY0T",2026,"PORSCHE","CAYENNE","PHEV",0,27
"WP1AE2AY5S",2025,"PORSCHE","CAYENNE","PHEV",0,29
"WP1AN2AY5S",2025,"PORSCHE","CAYENNE","PHEV",0,27
"WP1AE2AY9N",2022,"PORSCHE","CAYENNE","PHEV",0,16
"WP1AE2AY2P",2023,"PORSCHE","CAYENNE","PHEV",0,17
"WP1AN2AYXS",2025,"PORSCHE","CAYENNE","PHEV",0,27
"WP1AM2AY7S",2025,"PORSCHE","CAYENNE","PHEV",0,24
"WP1AE2AY7K",2019,"PORSCHE","CAYENNE","PHEV",0,13
"WP1AN2AY2S",2025,"PORSCHE","CAYENNE","PHEV",0,27
"WP1AN2AY0S",2025,"PORSCHE","CAYENNE","PHEV",0,27
"WP1AE2AY5P",2023,"PORSCHE","CAYENNE","PHEV",0,17
"WP1AE2AY8S",2025,"PORSCHE","CAYENNE","PHEV",0,29
"WP1AE2AY0S",2025,"PORSCHE","CAYENNE","PHEV",0,29
"WP1AE2AY8N",2022,"PORSCHE","CAYENNE","PHEV",0,16
"WP1AE2AY6K",2019,"PORSCHE","CAYENNE","PHEV",0,13
"WP1AE2AY9S",2025,"PORSCHE","CAYENNE","PHEV",0,29
"WP1AE2AY0P",2023,"PORSCHE","CAYENNE","PHEV",0,17
"WP1AE2AY2N",2022,"PORSCHE","CAYENNE","PHEV",0,16
"WP1BE2AY7S",2025,"PORSCHE","CAYENNE","PHEV",0,29
"WP1AE2AY3T",2026,"PORSCHE","CAYENNE","PHEV",0,24
"WP1AE2AY5K",2019,"PORSCHE","CAYENNE","PHEV",0,13
"WP1BN2AY7S",2025,"PORSCHE","CAYENNE","PHEV",0,27
"WP1BE2AY8S",2025,"PORSCHE","CAYENNE","PHEV",0,29
"WP1AE2AY1T",2026,"PORSCHE","CAYENNE","PHEV",0,24
"WP1AH2AY1L",2020,"PORSCHE","CAYENNE","PHEV",0,12
"WP1AE2AY6P",2023,"PORSCHE","CAYENNE","PHEV",0,17
"WP1AE2AY4S",2025,"PORSCHE","CAYENNE","PHEV",0,29
"WP1AE2AY2K",2019,"PORSCHE","CAYENNE","PHEV",0,13
"WP1BE2AY4S",2025,"PORSCHE","CAYENNE","PHEV",0,29
"WP1BH2AY2N",2022,"PORSCHE","CAYENNE","PHEV",0,15
"WP1AE2AYXS",2025,"PORSCHE","CAYENNE","PHEV",0,29
"WP1AE2AY1P",2023,"PORSCHE","CAYENNE","PHEV",0,17
"WP1AE2AY5N",2022,"PORSCHE","CAYENNE","PHEV",0,16
"WP1BE2AY9S",2025,"PORSCHE","CAYENNE","PHEV",0,29
"WP1AE2AY6S",2025,"PORSCHE","CAYENNE","PHEV",0,29
"WP1AE2AY1K",2019,"PORSCHE","CAYENNE","PHEV",0,13
"WP1AM2AY2T",2026,"PORSCHE","CAYENNE","PHEV",0,24
"WP1AE2AY9M",2021,"PORSCHE","CAYENNE","PHEV",0,16
"WP1AM2AY5S",2025,"PORSCHE","CAYENNE","PHEV",0,24
"WP1BE2AY0N",2022,"PORSCHE","CAYENNE","PHEV",0,16
"WP1BE2AY7M",2021,"PORSCHE","CAYENNE","PHEV",0,16
"WP1BE2AY2S",2025,"PORSCHE","CAYENNE","PHEV",0,29
"WP1AN2AY5T",2026,"PORSCHE","CAYENNE","PHEV",0,27
"WP1BM2AY9S",2025,"PORSCHE","CAYENNE","PHEV",0,24
"WP1AM2AY2S",2025,"PORSCHE","CAYENNE","PHEV",0,24
"WP1AM2AY0S",2025,"PORSCHE","CAYENNE","PHEV",0,24
"WP1BE2AY1S",2025,"PORSCHE","CAYENNE","PHEV",0,29
"WP1AN2AY6S",2025,"PORSCHE","CAYENNE","PHEV",0,27
"WP1AE2AY2M",2021,"PORSCHE","CAYENNE","PHEV",0,16
"WP1AE2AY4M",2021,"PORSCHE","CAYENNE","PHEV",0,16
"WP1BE2AY8M",2021,"PORSCHE","CAYENNE","PHEV",0,16
"WP1AE2AY0N",2022,"PORSCHE","CAYENNE","PHEV",0,16
"WP1BE2AYXN",2022,"PORSCHE","CAYENNE","PHEV",0,16
"WP1AE2AY3M",2021,"PORSCHE","CAYENNE","PHEV",0,16
"WP1AE2AY7N",2022,"PORSCHE","CAYENNE","PHEV",0,16
"WP1AE2AY1N",2022,"PORSCHE","CAYENNE","PHEV",0,16
"WP1AE2AY7P",2023,"PORSCHE","CAYENNE","PHEV",0,17
"WP1AE2AY0T",2026,"PORSCHE","CAYENNE","PHEV",0,24
"WP1BM2AY1S",2025,"PORSCHE","CAYENNE","PHEV",0,24
"WP1BH2AY6L",2020,"PORSCHE","CAYENNE","PHEV",0,12
"WP1AE2AYXP",2023,"PORSCHE","CAYENNE","PHEV",0,17
"WP1BN2AY8T",2026,"PORSCHE","CAYENNE","PHEV",0,27
"WP1BN2AY7T",2026,"PORSCHE","CAYENNE","PHEV",0,27
"WP1BN2AY0S",2025,"PORSCHE","CAYENNE","PHEV",0,27
"WP1AE2AYXT",2026,"PORSCHE","CAYENNE","PHEV",0,24
"WP1AH2AY6L",2020,"PORSCHE","CAYENNE","PHEV",0,12
"WP1AE2AY3S",2025,"PORSCHE","CAYENNE","PHEV",0,29
"WP1AE2AY8T",2026,"PORSCHE","CAYENNE","PHEV",0,24
"WP1BM2AY1T",2026,"PORSCHE","CAYENNE","PHEV",0,28
"WP1BE2AY5S",2025,"PORSCHE","CAYENNE","PHEV",0,29
"WP1AN2AY6T",2026,"PORSCHE","CAYENNE","PHEV",0,27
"WP1AE2AY5M",2021,"PORSCHE","CAYENNE","PHEV",0,16
"WP1AE2AY0K",2019,"PORSCHE","CAYENNE","PHEV",0,13
"WP1BE2AY6M",2021,"PORSCHE","CAYENNE","PHEV",0,16
"WP1AE2AY4P",2023,"PORSCHE","CAYENNE","PHEV",0,17
"WP1BN2AY3S",2025,"PORSCHE","CAYENNE","PHEV",0,27
"WP1AE2AY7T",2026,"PORSCHE","CAYENNE","PHEV",0,24
"WP1AN2AY2T",2026,"PORSCHE","CAYENNE","PHEV",0,27
"WP1BE2AY1M",2021,"PORSCHE","CAYENNE","PHEV",0,16
"WP1BE2AY3N",2022,"PORSCHE","CAYENNE","PHEV",0,16
"WP1BE2AY8N",2022,"PORSCHE","CAYENNE","PHEV",0,16
"WP1AE2AY1M",2021,"PORSCHE","CAYENNE","PHEV",0,16
"WP1AE2AY3P",2023,"PORSCHE","CAYENNE","PHEV",0,17
"WP1AE2AYXN",2022,"PORSCHE","CAYENNE","PHEV",0,16
"WP1AE2AY6N",2022,"PORSCHE","CAYENNE","PHEV",0,16
"WP1BE2AY0S",2025,"PORSCHE","CAYENNE","PHEV",0,29
"WP1BM2AY5S",2025,"PORSCHE","CAYENNE","PHEV",0,24
"WP1AE2AYXM",2021,"PORSCHE","CAYENNE","PHEV",0,16
"WP1BH2AYXN",2022,"PORSCHE","CAYENNE","PHEV",0,15
"WP1BM2AY2S",2025,"PORSCHE","CAYENNE","PHEV",0,24
"WP1AH2AY2L",2020,"PORSCHE","CAYENNE","PHEV",0,12
"WP1AM2AY3T",2026,"PORSCHE","CAYENNE","PHEV",0,24
"WP1BH2AY1N",2022,"PORSCHE","CAYENNE","PHEV",0,15
"WP1AM2AY6S",2025,"PORSCHE","CAYENNE","PHEV",0,24
"WP1AE2AY7S",2025,"PORSCHE","CAYENNE","PHEV",0,29
"WP1BE2AY8T",2026,"PORSCHE","CAYENNE","PHEV",0,28
"WP1AE2AY8P",2023,"PORSCHE","CAYENNE","PHEV",0,17
"WP1AN2AY7S",2025,"PORSCHE","CAYENNE","PHEV",0,27
"WP1AE2AY6T",2026,"PORSCHE","CAYENNE","PHEV",0,24
"WP1BN2AY1S",2025,"PORSCHE","CAYENNE","PHEV",0,27
"WP1AM2AY9S",2025,"PORSCHE","CAYENNE","PHEV",0,24
"WP1AM2AY1T",2026,"PORSCHE","CAYENNE","PHEV",0,24
"WP1AM2AY8S",2025,"PORSCHE","CAYENNE","PHEV",0,24
"WP1AE2AY8M",2021,"PORSCHE","CAYENNE","PHEV",0,16
"WP1AE2AY1S",2025,"PORSCHE","CAYENNE","PHEV",0,29
"WP1BE2AY2M",2021,"PORSCHE","CAYENNE","PHEV",0,16
"WP1AE2AY3N",2022,"PORSCHE","CAYENNE","PHEV",0,16
"WP1AE2A25H",2017,"PORSCHE","CAYENNE","PHEV",0,14
"WP1AE2A29H",2017,"PORSCHE","CAYENNE","PHEV",0,14
"WP1AE2A20H",2017,"PORSCHE","CAYENNE","PHEV",0,14
"WP1AE2AY1L",2020,"PORSCHE","CAYENNE","PHEV",0,14
"WP1AE2AYXL",2020,"PORSCHE","CAYENNE","PHEV",0,14
"WP1AE2A28H",2017,"PORSCHE","CAYENNE","PHEV",0,14
"WP1AE2A2XH",2017,"PORSCHE","CAYENNE","PHEV",0,14
"WP1AH2AY7P",2023,"PORSCHE","CAYENNE","PHEV",0,14
"WP1AE2AY8L",2020,"PORSCHE","CAYENNE","PHEV",0,14
"WP1AE2A27H",2017,"PORSCHE","CAYENNE","PHEV",0,14
"WP1AE2A2XJ",2018,"PORSCHE","CAYENNE","PHEV",0,14
"WP1AE2A26H",2017,"PORSCHE","CAYENNE","PHEV",0,14
"WP1BH2AY0M",2021,"PORSCHE","CAYENNE","PHEV",0,14
"WP1AE2A23H",2017,"PORSCHE","CAYENNE","PHEV",0,14
"WP1AE2A22H",2017,"PORSCHE","CAYENNE","PHEV",0,14
"WP1AE2A2XG",2016,"PORSCHE","CAYENNE","PHEV",0,14
"WP1AE2A24G",2016,"PORSCHE","CAYENNE","PHEV",0,14
"WP1AE2A23F",2015,"PORSCHE","CAYENNE","PHEV",0,14
"WP1AE2A28G",2016,"PORSCHE","CAYENNE","PHEV",0,14
"WP1AE2A23G",2016,"PORSCHE","CAYENNE","PHEV",0,14
"WP1AE2A25G",2016,"PORSCHE","CAYENNE","PHEV",0,14
"WP1AE2AY2L",2020,"PORSCHE","CAYENNE","PHEV",0,14
"WP1AE2A26G",2016,"PORSCHE","CAYENNE","PHEV",0,14
"WP1BE2AY4P",2023,"PORSCHE","CAYENNE","PHEV",0,14
"WP1AE2A29G",2016,"PORSCHE","CAYENNE","PHEV",0,14
"WP1AE2AY7L",2020,"PORSCHE","CAYENNE","PHEV",0,14
"WP1AE2A20G",2016,"PORSCHE","CAYENNE","PHEV",0,14
"WP1AE2A27J",2018,"PORSCHE","CAYENNE","PHEV",0,14
"WP1AE2A24J",2018,"PORSCHE","CAYENNE","PHEV",0,14
"WP1AE2A27F",2015,"PORSCHE","CAYENNE","PHEV",0,14
"WP1AE2A24H",2017,"PORSCHE","CAYENNE","PHEV",0,14
"WP1AE2AY5L",2020,"PORSCHE","CAYENNE","PHEV",0,14
"WP1AE2A22G",2016,"PORSCHE","CAYENNE","PHEV",0,14
"WP1AE2AY6L",2020,"PORSCHE","CAYENNE","PHEV",0,14
"WP1AE2A27G",2016,"PORSCHE","CAYENNE","PHEV",0,14
"WP1BE2AY0L",2020,"PORSCHE","CAYENNE","PHEV",0,14
"WP1AH2AY4N",2022,"PORSCHE","CAYENNE","PHEV",0,14
"WP1AE2A21H",2017,"PORSCHE","CAYENNE","PHEV",0,14
"WP1AE2A21G",2016,"PORSCHE","CAYENNE","PHEV",0,14
"WP1AE2AY9L",2020,"PORSCHE","CAYENNE","PHEV",0,14
"WP1BE2AY8P",2023,"PORSCHE","CAYENNE","PHEV",0,14
"WP1AE2A26J",2018,"PORSCHE","CAYENNE","PHEV",0,14
"WP1AE2A25J",2018,"PORSCHE","CAYENNE","PHEV",0,14
"WP1BH2AY9P",2023,"PORSCHE","CAYENNE","PHEV",0,14
"WP1AE2A21F",2015,"PORSCHE","CAYENNE","PHEV",0,14
"WP1AE2A2XF",2015,"PORSCHE","CAYENNE","PHEV",0,14
"WP1AE2AY4L",2020,"PORSCHE","CAYENNE","PHEV",0,14
"WP1BE2AYXL",2020,"PORSCHE","CAYENNE","PHEV",0,14
"WP1AE2A25F",2015,"PORSCHE","CAYENNE","PHEV",0,14
"WP1AE2A22F",2015,"PORSCHE","CAYENNE","PHEV",0,14
"WP1BH2AY1P",2023,"PORSCHE","CAYENNE","PHEV",0,14
"WP1AE2A21J",2018,"PORSCHE","CAYENNE","PHEV",0,14
"WP1AH2AY6P",2023,"PORSCHE","CAYENNE","PHEV",0,14
"WP1AE2AY0L",2020,"PORSCHE","CAYENNE","PHEV",0,14
"WP1AH2AY8N",2022,"PORSCHE","CAYENNE","PHEV",0,14
"WP1AE2A22J",2018,"PORSCHE","CAYENNE","PHEV",0,14
"WP1AH2AY6N",2022,"PORSCHE","CAYENNE","PHEV",0,14
"WP1AH2AY0M",2021,"PORSCHE","CAYENNE","PHEV",0,14
"WP1AH2AY0P",2023,"PORSCHE","CAYENNE","PHEV",0,14
"WP1AE2A23J",2018,"PORSCHE","CAYENNE","PHEV",0,14
"WP1AH2AYXN",2022,"PORSCHE","CAYENNE","PHEV",0,14
"WP1AH2AY3M",2021,"PORSCHE","CAYENNE","PHEV",0,14
"WP1AE2A20J",2018,"PORSCHE","CAYENNE","PHEV",0,14
"WP1BE2AY5P",2023,"PORSCHE","CAYENNE","PHEV",0,14
"WP1BE2AY1L",2020,"PORSCHE","CAYENNE","PHEV",0,14
"WP1AE2A29J",2018,"PORSCHE","CAYENNE","PHEV",0,14
"WP1BE2AY9P",2023,"PORSCHE","CAYENNE","PHEV",0,14
"WP1BE2AYXP",2023,"PORSCHE","CAYENNE","PHEV",0,14
"WP1BH2AY7M",2021,"PORSCHE","CAYENNE","PHEV",0,14
"WP1AE2A29F",2015,"PORSCHE","CAYENNE","PHEV",0,14
"WP1AE2A20F",2015,"PORSCHE","CAYENNE","PHEV",0,14
"WP1AE2A24F",2015,"PORSCHE","CAYENNE","PHEV",0,14
"WP1AH2AY2N",2022,"PORSCHE","CAYENNE","PHEV",0,14
"WP1BH2AY6M",2021,"PORSCHE","CAYENNE","PHEV",0,14
"1C4RJYB68P",2023,"JEEP","GRAND CHEROKEE","PHEV",0,25
"1C4RJYB65N",2022,"JEEP","GRAND CHEROKEE","PHEV",0,25
"1C4RJYC60R",2024,"JEEP","GRAND CHEROKEE","PHEV",0,25
"1C4RJYB68N",2022,"JEEP","GRAND CHEROKEE","PHEV",0,25
"1C4RJYE60R",2024,"JEEP","GRAND CHEROKEE","PHEV",0,25
"1C4RJYC67P",2023,"JEEP","GRAND CHEROKEE","PHEV",0,25
"1C4RJYD62N",2022,"JEEP","GRAND CHEROKEE","PHEV",0,25
"1C4RJYB67R",2024,"JEEP","GRAND CHEROKEE","PHEV",0,25
"1C4RJYE69P",2023,"JEEP","GRAND CHEROKEE","PHEV",0,25
"1C4RJYB69P",2023,"JEEP","GRAND CHEROKEE","PHEV",0,25
"1C4RJYB6XR",2024,"JEEP","GRAND CHEROKEE","PHEV",0,25
"1C4RJYE66S",2025,"JEEP","GRAND CHEROKEE","PHEV",0,25
"1C4RJYE6XP",2023,"JEEP","GRAND CHEROKEE","PHEV",0,25
"1C4RJYB61R",2024,"JEEP","GRAND CHEROKEE","PHEV",0,25
"1C4RJYB67P",2023,"JEEP","GRAND CHEROKEE","PHEV",0,25
"1C4RJYB60R",2024,"JEEP","GRAND CHEROKEE","PHEV",0,25
"1C4RJYC67R",2024,"JEEP","GRAND CHEROKEE","PHEV",0,25
"1C4RJYB63P",2023,"JEEP","GRAND CHEROKEE","PHEV",0,25
"1C4RJYB64P",2023,"JEEP","GRAND CHEROKEE","PHEV",0,25
"1C4RJYB63R",2024,"JEEP","GRAND CHEROKEE","PHEV",0,25
"1C4RJYE67R",2024,"JEEP","GRAND CHEROKEE","PHEV",0,25
"1C4RJYE67N",2022,"JEEP","GRAND CHEROKEE","PHEV",0,25
"1C4RJYC66N",2022,"JEEP","GRAND CHEROKEE","PHEV",0,25
"1C4RJYD69P",2023,"JEEP","GRAND CHEROKEE","PHEV",0,25
"1C4RJYD68N",2022,"JEEP","GRAND CHEROKEE","PHEV",0,25
"1C4RJYE63P",2023,"JEEP","GRAND CHEROKEE","PHEV",0,25
"1C4RJYE6XR",2024,"JEEP","GRAND CHEROKEE","PHEV",0,25
"1C4RJYB66R",2024,"JEEP","GRAND CHEROKEE","PHEV",0,25
"1C4RJYC6XP",2023,"JEEP","GRAND CHEROKEE","PHEV",0,25
"1C4RJYB69R",2024,"JEEP","GRAND CHEROKEE","PHEV",0,25
"1C4RJYB62P",2023,"JEEP","GRAND CHEROKEE","PHEV",0,25
"1C4RJYD62P",2023,"JEEP","GRAND CHEROKEE","PHEV",0,25
"1C4RJYE60P",2023,"JEEP","GRAND CHEROKEE","PHEV",0,25
"1C4RJYD65P",2023,"JEEP","GRAND CHEROKEE","PHEV",0,25
"1C4RJYB62R",2024,"JEEP","GRAND CHEROKEE","PHEV",0,25
"1C4RJYB68R",2024,"JEEP","GRAND CHEROKEE","PHEV",0,25
"1C4RJYB61P",2023,"JEEP","GRAND CHEROKEE","PHEV",0,25
"1C4RJYC66P",2023,"JEEP","GRAND CHEROKEE","PHEV",0,25
"1C4RJYB64N",2022,"JEEP","GRAND CHEROKEE","PHEV",0,25
"1C4RJYB65R",2024,"JEEP","GRAND CHEROKEE","PHEV",0,25
"1C4RJYD67P",2023,"JEEP","GRAND CHEROKEE","PHEV",0,25
"1C4RJYE66N",2022,"JEEP","GRAND CHEROKEE","PHEV",0,25
"1C4RJYB61N",2022,"JEEP","GRAND CHEROKEE","PHEV",0,25
"1C4RJYC65S",2025,"JEEP","GRAND CHEROKEE","PHEV",0,25
"1C4RJYC60P",2023,"JEEP","GRAND CHEROKEE","PHEV",0,25
"1C4RJYB6XP",2023,"JEEP","GRAND CHEROKEE","PHEV",0,25
"1C4RJYB66P",2023,"JEEP","GRAND CHEROKEE","PHEV",0,25
"1C4RJYE6XN",2022,"JEEP","GRAND CHEROKEE","PHEV",0,25
"1C4RJYB60N",2022,"JEEP","GRAND CHEROKEE","PHEV",0,25
"1C4RJYB65P",2023,"JEEP","GRAND CHEROKEE","PHEV",0,25
"1C4RJYD69N",2022,"JEEP","GRAND CHEROKEE","PHEV",0,25
"1C4RJYB69N",2022,"JEEP","GRAND CHEROKEE","PHEV",0,25
"1C4RJYC69P",2023,"JEEP","GRAND CHEROKEE","PHEV",0,25
"1C4RJYC64N",2022,"JEEP","GRAND CHEROKEE","PHEV",0,25
"1C4RJYE61P",2023,"JEEP","GRAND CHEROKEE","PHEV",0,25
"1C4RJYB60P",2023,"JEEP","GRAND CHEROKEE","PHEV",0,25
"1C4RJYC65P",2023,"JEEP","GRAND CHEROKEE","PHEV",0,25
"1C4RJYE62N",2022,"JEEP","GRAND CHEROKEE","PHEV",0,25
"1C4RJYD61P",2023,"JEEP","GRAND CHEROKEE","PHEV",0,25
"1C4RJYB62S",2025,"JEEP","GRAND CHEROKEE","PHEV",0,25
"1C4RJYB66N",2022,"JEEP","GRAND CHEROKEE","PHEV",0,25
"1C4RJYC68P",2023,"JEEP","GRAND CHEROKEE","PHEV",0,25
"1C4RJYE64P",2023,"JEEP","GRAND CHEROKEE","PHEV",0,25
"1C4RJYE60N",2022,"JEEP","GRAND CHEROKEE","PHEV",0,25
"1C4RJYE61N",2022,"JEEP","GRAND CHEROKEE","PHEV",0,25
"1C4RJYB62N",2022,"JEEP","GRAND CHEROKEE","PHEV",0,25
"1C4RJYE66P",2023,"JEEP","GRAND CHEROKEE","PHEV",0,25
"1C4RJYD63P",2023,"JEEP","GRAND CHEROKEE","PHEV",0,25
"1C4RJYC64R",2024,"JEEP","GRAND CHEROKEE","PHEV",0,25
"1C4RJYB64R",2024,"JEEP","GRAND CHEROKEE","PHEV",0,25
"1C4RJYC68R",2024,"JEEP","GRAND CHEROKEE","PHEV",0,25
"1C4RJYE64N",2022,"JEEP","GRAND CHEROKEE","PHEV",0,25
"1C4RJYD60P",2023,"JEEP","GRAND CHEROKEE","PHEV",0,25
"1C4RJYC63R",2024,"JEEP","GRAND CHEROKEE","PHEV",0,25
"1C4RJYC62N",2022,"JEEP","GRAND CHEROKEE","PHEV",0,25
"1C4RJYC64P",2023,"JEEP","GRAND CHEROKEE","PHEV",0,25
"1C4RJYC61P",2023,"JEEP","GRAND CHEROKEE","PHEV",0,25
"1C4RJYE68N",2022,"JEEP","GRAND CHEROKEE","PHEV",0,25
"1C4RJYE69N",2022,"JEEP","GRAND CHEROKEE","PHEV",0,25
"1C4RJYD6XP",2023,"JEEP","GRAND CHEROKEE","PHEV",0,25
"1C4RJYC63P",2023,"JEEP","GRAND CHEROKEE","PHEV",0,25
"1C4RJYC69N",2022,"JEEP","GRAND CHEROKEE","PHEV",0,25
"1C4RJYE65P",2023,"JEEP","GRAND CHEROKEE","PHEV",0,25
"1C4RJYD64R",2024,"JEEP","GRAND CHEROKEE","PHEV",0,25
"1C4RJYD6XN",2022,"JEEP","GRAND CHEROKEE","PHEV",0,25
"1C4RJYE69R",2024,"JEEP","GRAND CHEROKEE","PHEV",0,25
"1C4RJYD63N",2022,"JEEP","GRAND CHEROKEE","PHEV",0,25
"1C4RJYC6XR",2024,"JEEP","GRAND CHEROKEE","PHEV",0,25
"1C4RJYD68R",2024,"JEEP","GRAND CHEROKEE","PHEV",0,25
"1C4RJYD64P",2023,"JEEP","GRAND CHEROKEE","PHEV",0,25
"1C4RJYD65N",2022,"JEEP","GRAND CHEROKEE","PHEV",0,25
"1C4RJYE67P",2023,"JEEP","GRAND CHEROKEE","PHEV",0,25
"1C4RJYC62R",2024,"JEEP","GRAND CHEROKEE","PHEV",0,25
"1C4RJYD60N",2022,"JEEP","GRAND CHEROKEE","PHEV",0,25
"1C4RJYD66P",2023,"JEEP","GRAND CHEROKEE","PHEV",0,25
"1C4RJYD61R",2024,"JEEP","GRAND CHEROKEE","PHEV",0,25
"1C4RJYE63R",2024,"JEEP","GRAND CHEROKEE","PHEV",0,25
"1C4RJYB6XN",2022,"JEEP","GRAND CHEROKEE","PHEV",0,25
"1C4RJYC67N",2022,"JEEP","GRAND CHEROKEE","PHEV",0,25
"1C4RJYC61R",2024,"JEEP","GRAND CHEROKEE","PHEV",0,25
"1C4RJYB63N",2022,"JEEP","GRAND CHEROKEE","PHEV",0,25
"1C4RJYD60R",2024,"JEEP","GRAND CHEROKEE","PHEV",0,25
"1C4RJYD61N",2022,"JEEP","GRAND CHEROKEE","PHEV",0,25
"1C4RJYC65R",2024,"JEEP","GRAND CHEROKEE","PHEV",0,25
"1C4RJYE65N",2022,"JEEP","GRAND CHEROKEE","PHEV",0,25
"1C4RJYB66S",2025,"JEEP","GRAND CHEROKEE","PHEV",0,25
"1C4RJYD68P",2023,"JEEP","GRAND CHEROKEE","PHEV",0,25
"1C4RJYB67N",2022,"JEEP","GRAND CHEROKEE","PHEV",0,25
"1C4RJYC61N",2022,"JEEP","GRAND CHEROKEE","PHEV",0,25
"1C4RJYD65R",2024,"JEEP","GRAND CHEROKEE","PHEV",0,25
"1C4RJYC65N",2022,"JEEP","GRAND CHEROKEE","PHEV",0,25
"1C4RJYB63S",2025,"JEEP","GRAND CHEROKEE","PHEV",0,25
"1C4RJYE68R",2024,"JEEP","GRAND CHEROKEE","PHEV",0,25
"1C4RJYC66R",2024,"JEEP","GRAND CHEROKEE","PHEV",0,25
"1C4RJYC69R",2024,"JEEP","GRAND CHEROKEE","PHEV",0,25
"1C4RJYC63S",2025,"JEEP","GRAND CHEROKEE","PHEV",0,25
"1C4RJYE68P",2023,"JEEP","GRAND CHEROKEE","PHEV",0,25
"1C4RJYD67N",2022,"JEEP","GRAND CHEROKEE","PHEV",0,25
"1C4RJYD67R",2024,"JEEP","GRAND CHEROKEE","PHEV",0,25
"1C4RJYB61S",2025,"JEEP","GRAND CHEROKEE","PHEV",0,25
"1C4RJYB60S",2025,"JEEP","GRAND CHEROKEE","PHEV",0,25
"1C4RJYB64S",2025,"JEEP","GRAND CHEROKEE","PHEV",0,25
"1C4RJYB68S",2025,"JEEP","GRAND CHEROKEE","PHEV",0,25
"1C4RJYB65S",2025,"JEEP","GRAND CHEROKEE","PHEV",0,25
"1C4RJYE63N",2022,"JEEP","GRAND CHEROKEE","PHEV",0,25
"1C4RJYB6XS",2025,"JEEP","GRAND CHEROKEE","PHEV",0,25
"1C4RJYE66R",2024,"JEEP","GRAND CHEROKEE","PHEV",0,25
"1C4RJYB67S",2025,"JEEP","GRAND CHEROKEE","PHEV",0,25
"1C4RJYC63N",2022,"JEEP","GRAND CHEROKEE","PHEV",0,25
"1C4RJYD66N",2022,"JEEP","GRAND CHEROKEE","PHEV",0,25
"1C4RJYD6XR",2024,"JEEP","GRAND CHEROKEE","PHEV",0,25
"1C4RJYB69S",2025,"JEEP","GRAND CHEROKEE","PHEV",0,25
"1C4RJYD64N",2022,"JEEP","GRAND CHEROKEE","PHEV",0,25
"1C4RJYC68N",2022,"JEEP","GRAND CHEROKEE","PHEV",0,25
"1C4RJYC62P",2023,"JEEP","GRAND CHEROKEE","PHEV",0,25
"1C4RJYE62P",2023,"JEEP","GRAND CHEROKEE","PHEV",0,25
"1C4RJYC6XN",2022,"JEEP","GRAND CHEROKEE","PHEV",0,25
"1C4RJYD66R",2024,"JEEP","GRAND CHEROKEE","PHEV",0,25
"1C4RJYD62R",2024,"JEEP","GRAND CHEROKEE","PHEV",0,25
"1C4RJYC6XS",2025,"JEEP","GRAND CHEROKEE","PHEV",0,25
"1C4RJYE61R",2024,"JEEP","GRAND CHEROKEE","PHEV",0,25
"1C4RJYE65R",2024,"JEEP","GRAND CHEROKEE","PHEV",0,25
"1C4RJYE62S",2025,"JEEP","GRAND CHEROKEE","PHEV",0,25
"1C4RJYC60N",2022,"JEEP","GRAND CHEROKEE","PHEV",0,25
"1C4RJYD63R",2024,"JEEP","GRAND CHEROKEE","PHEV",0,25
"1C4RJYE69S",2025,"JEEP","GRAND CHEROKEE","PHEV",0,25
"1C4RJYE64R",2024,"JEEP","GRAND CHEROKEE","PHEV",0,25
"1C4RJYD69R",2024,"JEEP","GRAND CHEROKEE","PHEV",0,25
"1C4RJYE64S",2025,"JEEP","GRAND CHEROKEE","PHEV",0,25
"1C4RJYD62S",2025,"JEEP","GRAND CHEROKEE","PHEV",0,25
"1C4RJYE62R",2024,"JEEP","GRAND CHEROKEE","PHEV",0,25
"1C4RJYE68S",2025,"JEEP","GRAND CHEROKEE","PHEV",0,25
"1C4JJXP60M",2021,"JEEP","WRANGLER","PHEV",0,25
"1C4JJXP69M",2021,"JEEP","WRANGLER","PHEV",0,25
"1C4JJXP6XM",2021,"JEEP","WRANGLER","PHEV",0,25
"1C4JJXR61N",2022,"JEEP","WRANGLER","PHEV",0,22
"1C4JJXP68M",2021,"JEEP","WRANGLER","PHEV",0,25
"1C4JJXP63M",2021,"JEEP","WRANGLER","PHEV",0,25
"1C4JJXR60N",2022,"JEEP","WRANGLER","PHEV",0,22
"1C4JJXR69N",2022,"JEEP","WRANGLER","PHEV",0,22
"1C4JJXP66M",2021,"JEEP","WRANGLER","PHEV",0,25
"1C4JJXP65M",2021,"JEEP","WRANGLER","PHEV",0,25
"1C4JJXR68N",2022,"JEEP","WRANGLER","PHEV",0,22
"1C4JJXP62M",2021,"JEEP","WRANGLER","PHEV",0,25
"1C4JJXP67M",2021,"JEEP","WRANGLER","PHEV",0,25
"1C4JJXR64N",2022,"JEEP","WRANGLER","PHEV",0,22
"1C4JJXR65N",2022,"JEEP","WRANGLER","PHEV",0,22
"1C4JJXP61M",2021,"JEEP","WRANGLER","PHEV",0,25
"1C4JJXR67N",2022,"JEEP","WRANGLER","PHEV",0,22
"1C4JJXR63N",2022,"JEEP","WRANGLER","PHEV",0,22
"1C4JJXP64M",2021,"JEEP","WRANGLER","PHEV",0,25
"1C4JJXR6XN",2022,"JEEP","WRANGLER","PHEV",0,22
"1C4JJXR62N",2022,"JEEP","WRANGLER","PHEV",0,22
"1C4JJXR66N",2022,"JEEP","WRANGLER","PHEV",0,22
"1C4RJXR6XR",2024,"JEEP","WRANGLER","PHEV",0,21
"1C4JJXN62P",2023,"JEEP","WRANGLER","PHEV",0,21
"1C4JJXP6XN",2022,"JEEP","WRANGLER","PHEV",0,21
"1C4JJXR68M",2021,"JEEP","WRANGLER","PHEV",0,21
"1C4JJXR61P",2023,"JEEP","WRANGLER","PHEV",0,21
"1C4JJXR65M",2021,"JEEP","WRANGLER","PHEV",0,21
"1C4RJXN64R",2024,"JEEP","WRANGLER","PHEV",0,21
"1C4RJXP68R",2024,"JEEP","WRANGLER","PHEV",0,21
"1C4RJXR63R",2024,"JEEP","WRANGLER","PHEV",0,21
"1C4RJXN69R",2024,"JEEP","WRANGLER","PHEV",0,21
"1C4JJXP65N",2022,"JEEP","WRANGLER","PHEV",0,21
"1C4RJXR62R",2024,"JEEP","WRANGLER","PHEV",0,21
"1C4RJXU61R",2024,"JEEP","WRANGLER","PHEV",0,21
"1C4JJXP62N",2022,"JEEP","WRANGLER","PHEV",0,21
"1C4JJXP66P",2023,"JEEP","WRANGLER","PHEV",0,21
"1C4JJXN66P",2023,"JEEP","WRANGLER","PHEV",0,21
"1C4JJXR69P",2023,"JEEP","WRANGLER","PHEV",0,21
"1C4RJXU64R",2024,"JEEP","WRANGLER","PHEV",0,21
"1C4RJXP61R",2024,"JEEP","WRANGLER","PHEV",0,21
"1C4JJXP66N",2022,"JEEP","WRANGLER","PHEV",0,21
"1C4RJXN63S",2025,"JEEP","WRANGLER","PHEV",0,21
"1C4RJXU66R",2024,"JEEP","WRANGLER","PHEV",0,21
"1C4JJXP67N",2022,"JEEP","WRANGLER","PHEV",0,21
"1C4JJXR67P",2023,"JEEP","WRANGLER","PHEV",0,21
"1C4JJXP69N",2022,"JEEP","WRANGLER","PHEV",0,21
"1C4RJXP66R",2024,"JEEP","WRANGLER","PHEV",0,21
"1C4JJXR65P",2023,"JEEP","WRANGLER","PHEV",0,21
"1C4JJXP63P",2023,"JEEP","WRANGLER","PHEV",0,21
"1C4JJXP67P",2023,"JEEP","WRANGLER","PHEV",0,21
"1C4RJXN61R",2024,"JEEP","WRANGLER","PHEV",0,21
"1C4RJXN68R",2024,"JEEP","WRANGLER","PHEV",0,21
"1C4JJXN60P",2023,"JEEP","WRANGLER","PHEV",0,21
"1C4JJXR61M",2021,"JEEP","WRANGLER","PHEV",0,21
"1C4JJXP68P",2023,"JEEP","WRANGLER","PHEV",0,21
"1C4JJXN63P",2023,"JEEP","WRANGLER","PHEV",0,21
"1C4RJXN65R",2024,"JEEP","WRANGLER","PHEV",0,21
"1C4JJXP61N",2022,"JEEP","WRANGLER","PHEV",0,21
"1C4RJXR61R",2024,"JEEP","WRANGLER","PHEV",0,21
"1C4RJXN62R",2024,"JEEP","WRANGLER","PHEV",0,21
"1C4RJXP69R",2024,"JEEP","WRANGLER","PHEV",0,21
"1C4RJXN67S",2025,"JEEP","WRANGLER","PHEV",0,21
"1C4JJXP60N",2022,"JEEP","WRANGLER","PHEV",0,21
"1C4JJXR63P",2023,"JEEP","WRANGLER","PHEV",0,21
"1C4RJXP60R",2024,"JEEP","WRANGLER","PHEV",0,21
"1C4RJXN60R",2024,"JEEP","WRANGLER","PHEV",0,21
"1C4JJXP65P",2023,"JEEP","WRANGLER","PHEV",0,21
"1C4RJXR66R",2024,"JEEP","WRANGLER","PHEV",0,21
"1C4JJXP61P",2023,"JEEP","WRANGLER","PHEV",0,21
"1C4RJXR67R",2024,"JEEP","WRANGLER","PHEV",0,21
"1C4RJXN6XR",2024,"JEEP","WRANGLER","PHEV",0,21
"1C4JJXP60P",2023,"JEEP","WRANGLER","PHEV",0,21
"1C4JJXN69P",2023,"JEEP","WRANGLER","PHEV",0,21
"1C4JJXN65P",2023,"JEEP","WRANGLER","PHEV",0,21
"1C4JJXP64N",2022,"JEEP","WRANGLER","PHEV",0,21
"1C4RJXU65R",2024,"JEEP","WRANGLER","PHEV",0,21
"1C4JJXP69P",2023,"JEEP","WRANGLER","PHEV",0,21
"1C4JJXP6XP",2023,"JEEP","WRANGLER","PHEV",0,21
"1C4RJXN63R",2024,"JEEP","WRANGLER","PHEV",0,21
"1C4JJXP64P",2023,"JEEP","WRANGLER","PHEV",0,21
"1C4JJXR62P",2023,"JEEP","WRANGLER","PHEV",0,21
"1C4RJXP64R",2024,"JEEP","WRANGLER","PHEV",0,21
"1C4RJXN66R",2024,"JEEP","WRANGLER","PHEV",0,21
"1C4JJXN68P",2023,"JEEP","WRANGLER","PHEV",0,21
"1C4RJXR69R",2024,"JEEP","WRANGLER","PHEV",0,21
"1C4JJXR66M",2021,"JEEP","WRANGLER","PHEV",0,21
"1C4JJXP68N",2022,"JEEP","WRANGLER","PHEV",0,21
"1C4JJXN61P",2023,"JEEP","WRANGLER","PHEV",0,21
"1C4JJXR68P",2023,"JEEP","WRANGLER","PHEV",0,21
"1C4RJXP63R",2024,"JEEP","WRANGLER","PHEV",0,21
"1C4RJXN67R",2024,"JEEP","WRANGLER","PHEV",0,21
"1C4JJXN64P",2023,"JEEP","WRANGLER","PHEV",0,21
"1C4JJXR64M",2021,"JEEP","WRANGLER","PHEV",0,21
"1C4JJXR60P",2023,"JEEP","WRANGLER","PHEV",0,21
"1C4RJXR68R",2024,"JEEP","WRANGLER","PHEV",0,21
"1C4RJXU67R",2024,"JEEP","WRANGLER","PHEV",0,21
"1C4RJXU62R",2024,"JEEP","WRANGLER","PHEV",0,21
"1C4JJXR69M",2021,"JEEP","WRANGLER","PHEV",0,21
"1C4JJXR66P",2023,"JEEP","WRANGLER","PHEV",0,21
"1C4RJXR66S",2025,"JEEP","WRANGLER","PHEV",0,21
"1C4RJXN68S",2025,"JEEP","WRANGLER","PHEV",0,21
"1C4JJXR6XP",2023,"JEEP","WRANGLER","PHEV",0,21
"1C4RJXR63S",2025,"JEEP","WRANGLER","PHEV",0,21
"1C4RJXP67R",2024,"JEEP","WRANGLER","PHEV",0,21
"1C4RJXN66S",2025,"JEEP","WRANGLER","PHEV",0,21
"1C4JJXN6XP",2023,"JEEP","WRANGLER","PHEV",0,21
"1C4RJXR65R",2024,"JEEP","WRANGLER","PHEV",0,21
"1C4JJXR62M",2021,"JEEP","WRANGLER","PHEV",0,21
"1C4JJXR60M",2021,"JEEP","WRANGLER","PHEV",0,21
"1C4JJXR63M",2021,"JEEP","WRANGLER","PHEV",0,21
"1C4RJXR64R",2024,"JEEP","WRANGLER","PHEV",0,21
"1C4RJXU68R",2024,"JEEP","WRANGLER","PHEV",0,21
"1C4RJXP62R",2024,"JEEP","WRANGLER","PHEV",0,21
"1C4JJXP63N",2022,"JEEP","WRANGLER","PHEV",0,21
"1C4RJXP62S",2025,"JEEP","WRANGLER","PHEV",0,21
"1C4RJXN60S",2025,"JEEP","WRANGLER","PHEV",0,21
"1C4RJXR64S",2025,"JEEP","WRANGLER","PHEV",0,21
"1C4RJXR67S",2025,"JEEP","WRANGLER","PHEV",0,21
"1C4RJXR68S",2025,"JEEP","WRANGLER","PHEV",0,21
"1C4RJXR60S",2025,"JEEP","WRANGLER","PHEV",0,21
"1C4RJXP6XR",2024,"JEEP","WRANGLER","PHEV",0,21
"1C4RJXR60R",2024,"JEEP","WRANGLER","PHEV",0,21
"1C4RJXR62S",2025,"JEEP","WRANGLER","PHEV",0,21
"1C4RJXU60R",2024,"JEEP","WRANGLER","PHEV",0,21
"1C4RJXR69S",2025,"JEEP","WRANGLER","PHEV",0,21
"1C4JJXP62P",2023,"JEEP","WRANGLER","PHEV",0,21
"1C4RJXU69R",2024,"JEEP","WRANGLER","PHEV",0,21
"1C4RJXN6XS",2025,"JEEP","WRANGLER","PHEV",0,21
"1C4RJXP65R",2024,"JEEP","WRANGLER","PHEV",0,21
"1C4RJXR61S",2025,"JEEP","WRANGLER","PHEV",0,21
"1C4RJXR6XS",2025,"JEEP","WRANGLER","PHEV",0,21
"1C4JJXR67M",2021,"JEEP","WRANGLER","PHEV",0,21
"1C4RJXN61S",2025,"JEEP","WRANGLER","PHEV",0,21
"1C4JJXR6XM",2021,"JEEP","WRANGLER","PHEV",0,21
"1C4RJXN64S",2025,"JEEP","WRANGLER","PHEV",0,21
"1C4RJXR65S",2025,"JEEP","WRANGLER","PHEV",0,21
"1C4RJXN69S",2025,"JEEP","WRANGLER","PHEV",0,21
"1C4JJXR64P",2023,"JEEP","WRANGLER","PHEV",0,21
"1C4RJXP69S",2025,"JEEP","WRANGLER","PHEV",0,21
"1C4RJXP68S",2025,"JEEP","WRANGLER","PHEV",0,21
"1C4RJXP60S",2025,"JEEP","WRANGLER","PHEV",0,21
"1C4RJXN65S",2025,"JEEP","WRANGLER","PHEV",0,21
"1C4JJXN67P",2023,"JEEP","WRANGLER","PHEV",0,21
"1C4RJXP63S",2025,"JEEP","WRANGLER","PHEV",0,21
"1C4RJXU6XR",2024,"JEEP","WRANGLER","PHEV",0,21
"1C4RJXP67S",2025,"JEEP","WRANGLER","PHEV",0,21
"1C4RJXU63R",2024,"JEEP","WRANGLER","PHEV",0,21
"1C4RJXP6XS",2025,"JEEP","WRANGLER","PHEV",0,21
"1C4RJXP64S",2025,"JEEP","WRANGLER","PHEV",0,21
"1C4RJXP66S",2025,"JEEP","WRANGLER","PHEV",0,21
"1C4RJXP65S",2025,"JEEP","WRANGLER","PHEV",0,21
"1C4RJXN62S",2025,"JEEP","WRANGLER","PHEV",0,21
"1C4RJXP61S",2025,"JEEP","WRANGLER","PHEV",0,21
"KNDCM3LD0L",2020,"KIA","NIRO","PHEV",0,26
"KNDCD3LD8N",2022,"KIA","NIRO","PHEV",0,26
"KNDCC3LD5J",2018,"KIA","NIRO","PHEV",0,26
"KNDCD3LD2L",2020,"KIA","NIRO","PHEV",0,26
"KNDCD3LD7N",2022,"KIA","NIRO","PHEV",0,26
"KNDCC3LD8K",2019,"KIA","NIRO","PHEV",0,26
"KNDCC3LD2N",2022,"KIA","NIRO","PHEV",0,26
"KNDCC3LD5L",2020,"KIA","NIRO","PHEV",0,26
"KNDCC3LD0J",2018,"KIA","NIRO","PHEV",0,26
"KNDCC3LD3K",2019,"KIA","NIRO","PHEV",0,26
"KNDCM3LD8N",2022,"KIA","NIRO","PHEV",0,26
"KNDCD3LD7L",2020,"KIA","NIRO","PHEV",0,26
"KNDCM3LD7K",2019,"KIA","NIRO","PHEV",0,26
"KNDCD3LD2J",2018,"KIA","NIRO","PHEV",0,26
"KNDCM3LD3N",2022,"KIA","NIRO","PHEV",0,26
"KNDCC3LD7L",2020,"KIA","NIRO","PHEV",0,26
"KNDCD3LD1K",2019,"KIA","NIRO","PHEV",0,26
"KNDCC3LD3J",2018,"KIA","NIRO","PHEV",0,26
"KNDCC3LD5K",2019,"KIA","NIRO","PHEV",0,26
"KNDCD3LD6N",2022,"KIA","NIRO","PHEV",0,26
"KNDCC3LD7K",2019,"KIA","NIRO","PHEV",0,26
"KNDCM3LD4L",2020,"KIA","NIRO","PHEV",0,26
"KNDCM3LD6N",2022,"KIA","NIRO","PHEV",0,26
"KNDCC3LD3L",2020,"KIA","NIRO","PHEV",0,26
"KNDCD3LD0J",2018,"KIA","NIRO","PHEV",0,26
"KNDCC3LD4J",2018,"KIA","NIRO","PHEV",0,26
"KNDCD3LD5K",2019,"KIA","NIRO","PHEV",0,26
"KNDCM3LD9L",2020,"KIA","NIRO","PHEV",0,26
"KNDCD3LD2K",2019,"KIA","NIRO","PHEV",0,26
"KNDCD3LD0M",2021,"KIA","NIRO","PHEV",0,26
"KNDCD3LD0K",2019,"KIA","NIRO","PHEV",0,26
"KNDCM3LD3J",2018,"KIA","NIRO","PHEV",0,26
"KNDCM3LD2M",2021,"KIA","NIRO","PHEV",0,26
"KNDCC3LD4K",2019,"KIA","NIRO","PHEV",0,26
"KNDCD3LD7J",2018,"KIA","NIRO","PHEV",0,26
"KNDCM3LD1J",2018,"KIA","NIRO","PHEV",0,26
"KNDCM3LD2L",2020,"KIA","NIRO","PHEV",0,26
"KNDCC3LDXM",2021,"KIA","NIRO","PHEV",0,26
"KNDCC3LD9L",2020,"KIA","NIRO","PHEV",0,26
"KNDCM3LD2K",2019,"KIA","NIRO","PHEV",0,26
"KNDCD3LD4L",2020,"KIA","NIRO","PHEV",0,26
"KNDCM3LD4J",2018,"KIA","NIRO","PHEV",0,26
"KNDCM3LD5L",2020,"KIA","NIRO","PHEV",0,26
"KNDCD3LD4K",2019,"KIA","NIRO","PHEV",0,26
"KNDCC3LD5N",2022,"KIA","NIRO","PHEV",0,26
"KNDCM3LD5N",2022,"KIA","NIRO","PHEV",0,26
"KNDCM3LD3L",2020,"KIA","NIRO","PHEV",0,26
"KNDCC3LD6M",2021,"KIA","NIRO","PHEV",0,26
"KNDCM3LD5K",2019,"KIA","NIRO","PHEV",0,26
"KNDCD3LD9N",2022,"KIA","NIRO","PHEV",0,26
"KNDCM3LD0J",2018,"KIA","NIRO","PHEV",0,26
"KNDCM3LD7J",2018,"KIA","NIRO","PHEV",0,26
"KNDCD3LD4J",2018,"KIA","NIRO","PHEV",0,26
"KNDCC3LD1N",2022,"KIA","NIRO","PHEV",0,26
"KNDCC3LD0N",2022,"KIA","NIRO","PHEV",0,26
"KNDCC3LD8J",2018,"KIA","NIRO","PHEV",0,26
"KNDCD3LD1J",2018,"KIA","NIRO","PHEV",0,26
"KNDCM3LD7N",2022,"KIA","NIRO","PHEV",0,26
"KNDCC3LD3N",2022,"KIA","NIRO","PHEV",0,26
"KNDCD3LD0N",2022,"KIA","NIRO","PHEV",0,26
"KNDCC3LD4L",2020,"KIA","NIRO","PHEV",0,26
"KNDCM3LD5J",2018,"KIA","NIRO","PHEV",0,26
"KNDCC3LD6N",2022,"KIA","NIRO","PHEV",0,26
"KNDCM3LD3K",2019,"KIA","NIRO","PHEV",0,26
"KNDCM3LD1L",2020,"KIA","NIRO","PHEV",0,26
"KNDCM3LD4M",2021,"KIA","NIRO","PHEV",0,26
"KNDCD3LD0L",2020,"KIA","NIRO","PHEV",0,26
"KNDCD3LD1L",2020,"KIA","NIRO","PHEV",0,26
"KNDCM3LD0N",2022,"KIA","NIRO","PHEV",0,26
"KNDCM3LD8K",2019,"KIA","NIRO","PHEV",0,26
"KNDCD3LD8K",2019,"KIA","NIRO","PHEV",0,26
"KNDCC3LD0K",2019,"KIA","NIRO","PHEV",0,26
"KNDCD3LD3J",2018,"KIA","NIRO","PHEV",0,26
"KNDCM3LD6K",2019,"KIA","NIRO","PHEV",0,26
"KNDCD3LD3N",2022,"KIA","NIRO","PHEV",0,26
"KNDCC3LDXJ",2018,"KIA","NIRO","PHEV",0,26
"KNDCD3LD2N",2022,"KIA","NIRO","PHEV",0,26
"KNDCC3LD2M",2021,"KIA","NIRO","PHEV",0,26
"KNDCD3LDXN",2022,"KIA","NIRO","PHEV",0,26
"KNDCC3LDXK",2019,"KIA","NIRO","PHEV",0,26
"KNDCM3LD2J",2018,"KIA","NIRO","PHEV",0,26
"KNDCD3LD6K",2019,"KIA","NIRO","PHEV",0,26
"KNDCM3LD9K",2019,"KIA","NIRO","PHEV",0,26
"KNDCC3LD0L",2020,"KIA","NIRO","PHEV",0,26
"KNDCD3LD9J",2018,"KIA","NIRO","PHEV",0,26
"KNDCC3LD2L",2020,"KIA","NIRO","PHEV",0,26
"KNDCC3LD2K",2019,"KIA","NIRO","PHEV",0,26
"KNDCC3LD9N",2022,"KIA","NIRO","PHEV",0,26
"KNDCD3LDXK",2019,"KIA","NIRO","PHEV",0,26
"KNDCM3LD4K",2019,"KIA","NIRO","PHEV",0,26
"KNDCM3LDXK",2019,"KIA","NIRO","PHEV",0,26
"KNDCC3LD6K",2019,"KIA","NIRO","PHEV",0,26
"KNDCD3LD8J",2018,"KIA","NIRO","PHEV",0,26
"KNDCD3LD7K",2019,"KIA","NIRO","PHEV",0,26
"KNDCM3LD4N",2022,"KIA","NIRO","PHEV",0,26
"KNDCC3LD2J",2018,"KIA","NIRO","PHEV",0,26
"KNDCD3LD6M",2021,"KIA","NIRO","PHEV",0,26
"KNDCM3LD1K",2019,"KIA","NIRO","PHEV",0,26
"KNDCD3LD8L",2020,"KIA","NIRO","PHEV",0,26
"KNDCM3LD9J",2018,"KIA","NIRO","PHEV",0,26
"KNDCD3LD6L",2020,"KIA","NIRO","PHEV",0,26
"KNDCC3LD9J",2018,"KIA","NIRO","PHEV",0,26
"KNDCM3LD8J",2018,"KIA","NIRO","PHEV",0,26
"KNDCC3LD8M",2021,"KIA","NIRO","PHEV",0,26
"KNDCD3LD1N",2022,"KIA","NIRO","PHEV",0,26
"KNDCC3LD4N",2022,"KIA","NIRO","PHEV",0,26
"KNDCM3LD0K",2019,"KIA","NIRO","PHEV",0,26
"KNDCM3LD6L",2020,"KIA","NIRO","PHEV",0,26
"KNDCD3LDXJ",2018,"KIA","NIRO","PHEV",0,26
"KNDCM3LD1N",2022,"KIA","NIRO","PHEV",0,26
"KNDCD3LD9L",2020,"KIA","NIRO","PHEV",0,26
"KNDCD3LD5N",2022,"KIA","NIRO","PHEV",0,26
"KNDCC3LD1K",2019,"KIA","NIRO","PHEV",0,26
"KNDCM3LD2N",2022,"KIA","NIRO","PHEV",0,26
"KNDCD3LD6J",2018,"KIA","NIRO","PHEV",0,26
"KNDCM3LD8L",2020,"KIA","NIRO","PHEV",0,26
"KNDCC3LD7N",2022,"KIA","NIRO","PHEV",0,26
"KNDCC3LD6J",2018,"KIA","NIRO","PHEV",0,26
"KNDCM3LD1M",2021,"KIA","NIRO","PHEV",0,26
"KNDCM3LD6J",2018,"KIA","NIRO","PHEV",0,26
"KNDCC3LD6L",2020,"KIA","NIRO","PHEV",0,26
"KNDCD3LD4N",2022,"KIA","NIRO","PHEV",0,26
"KNDCD3LDXL",2020,"KIA","NIRO","PHEV",0,26
"KNDCC3LD5M",2021,"KIA","NIRO","PHEV",0,26
"KNDCD3LD3K",2019,"KIA","NIRO","PHEV",0,26
"KNDCD3LD8M",2021,"KIA","NIRO","PHEV",0,26
"KNDCM3LD9N",2022,"KIA","NIRO","PHEV",0,26
"KNDCC3LD9K",2019,"KIA","NIRO","PHEV",0,26
"KNDCD3LD5J",2018,"KIA","NIRO","PHEV",0,26
"KNDCC3LD9M",2021,"KIA","NIRO","PHEV",0,26
"KNDCC3LD1J",2018,"KIA","NIRO","PHEV",0,26
"KNDCC3LD7M",2021,"KIA","NIRO","PHEV",0,26
"KNDCC3LD4M",2021,"KIA","NIRO","PHEV",0,26
"KNDCM3LDXJ",2018,"KIA","NIRO","PHEV",0,26
"KNDCD3LD9K",2019,"KIA","NIRO","PHEV",0,26
"KNDCC3LD7J",2018,"KIA","NIRO","PHEV",0,26
"KNDCC3LD1L",2020,"KIA","NIRO","PHEV",0,26
"KNDCC3LD0M",2021,"KIA","NIRO","PHEV",0,26
"KNDCC3LD8N",2022,"KIA","NIRO","PHEV",0,26
"KNDCD3LD3L",2020,"KIA","NIRO","PHEV",0,26
"KNDCM3LD6M",2021,"KIA","NIRO","PHEV",0,26
"KNDCM3LDXL",2020,"KIA","NIRO","PHEV",0,26
"KNDCC3LD1M",2021,"KIA","NIRO","PHEV",0,26
"KNDCC3LDXN",2022,"KIA","NIRO","PHEV",0,26
"KNDCD3LD7M",2021,"KIA","NIRO","PHEV",0,26
"KNDCC3LD8L",2020,"KIA","NIRO","PHEV",0,26
"KNDCM3LD5M",2021,"KIA","NIRO","PHEV",0,26
"KNDCM3LD7L",2020,"KIA","NIRO","PHEV",0,26
"KNDCM3LDXN",2022,"KIA","NIRO","PHEV",0,26
"KNDCD3LD3M",2021,"KIA","NIRO","PHEV",0,26
"KNDCC3LDXL",2020,"KIA","NIRO","PHEV",0,26
"JM3KKEHA4R",2024,"MAZDA","CX-90","PHEV",0,26
"JM3KKEHAXR",2024,"MAZDA","CX-90","PHEV",0,26
"JM3KKEHA8S",2025,"MAZDA","CX-90","PHEV",0,26
"JM3KKBHA9R",2024,"MAZDA","CX-90","PHEV",0,26
"JM3KKEHA3S",2025,"MAZDA","CX-90","PHEV",0,26
"JM3KKEHA8R",2024,"MAZDA","CX-90","PHEV",0,26
"JM3KKDHA6R",2024,"MAZDA","CX-90","PHEV",0,26
"JM3KKBHAXR",2024,"MAZDA","CX-90","PHEV",0,26
"JM3KKEHA1R",2024,"MAZDA","CX-90","PHEV",0,26
"JM3KKBHA6R",2024,"MAZDA","CX-90","PHEV",0,26
"JM3KKDHA7R",2024,"MAZDA","CX-90","PHEV",0,26
"JM3KKEHA4S",2025,"MAZDA","CX-90","PHEV",0,26
"JM3KKDHA8R",2024,"MAZDA","CX-90","PHEV",0,26
"JM3KKDHA1R",2024,"MAZDA","CX-90","PHEV",0,26
"JM3KKEHA7R",2024,"MAZDA","CX-90","PHEV",0,26
"JM3KKDHA5R",2024,"MAZDA","CX-90","PHEV",0,26
"JM3KKEHA2R",2024,"MAZDA","CX-90","PHEV",0,26
"JM3KKEHA3R",2024,"MAZDA","CX-90","PHEV",0,26
"JM3KKBHA2R",2024,"MAZDA","CX-90","PHEV",0,26
"JM3KKDHA4R",2024,"MAZDA","CX-90","PHEV",0,26
"JM3KKEHA7S",2025,"MAZDA","CX-90","PHEV",0,26
"JM3KKBHA4S",2025,"MAZDA","CX-90","PHEV",0,26
"JM3KKEHA5S",2025,"MAZDA","CX-90","PHEV",0,26
"JM3KKBHA5R",2024,"MAZDA","CX-90","PHEV",0,26
"JM3KKBHA3S",2025,"MAZDA","CX-90","PHEV",0,26
"JM3KKBHA7S",2025,"MAZDA","CX-90","PHEV",0,26
"JM3KKDHA3R",2024,"MAZDA","CX-90","PHEV",0,26
"JM3KKEHAXS",2025,"MAZDA","CX-90","PHEV",0,26
"JM3KKDHA0R",2024,"MAZDA","CX-90","PHEV",0,26
"JM3KKEHA6R",2024,"MAZDA","CX-90","PHEV",0,26
"JM3KKEHA0R",2024,"MAZDA","CX-90","PHEV",0,26
"JM3KKBHA6S",2025,"MAZDA","CX-90","PHEV",0,26
"JM3KKEHA5R",2024,"MAZDA","CX-90","PHEV",0,26
"JM3KKDHA2R",2024,"MAZDA","CX-90","PHEV",0,26
"JM3KKDHA9R",2024,"MAZDA","CX-90","PHEV",0,26
"JM3KKBHA8R",2024,"MAZDA","CX-90","PHEV",0,26
"JM3KKBHA7R",2024,"MAZDA","CX-90","PHEV",0,26
"JM3KKCHA4S",2025,"MAZDA","CX-90","PHEV",0,26
"JM3KKCHA3S",2025,"MAZDA","CX-90","PHEV",0,26
"JM3KKCHA7S",2025,"MAZDA","CX-90","PHEV",0,26
"JM3KKBHA9S",2025,"MAZDA","CX-90","PHEV",0,26
"JM3KKEHA6S",2025,"MAZDA","CX-90","PHEV",0,26
"JM3KKDHAXR",2024,"MAZDA","CX-90","PHEV",0,26
"JM3KKCHA1S",2025,"MAZDA","CX-90","PHEV",0,26
"JM3KKCHA0S",2025,"MAZDA","CX-90","PHEV",0,26
"JM3KKBHA1S",2025,"MAZDA","CX-90","PHEV",0,26
"JM3KKEHA1S",2025,"MAZDA","CX-90","PHEV",0,26
"JM3KKEHA0S",2025,"MAZDA","CX-90","PHEV",0,26
"JM3KKBHA3R",2024,"MAZDA","CX-90","PHEV",0,26
"JM3KKEHA2S",2025,"MAZDA","CX-90","PHEV",0,26
"JM3KKCHAXS",2025,"MAZDA","CX-90","PHEV",0,26
"JM3KKBHA0R",2024,"MAZDA","CX-90","PHEV",0,26
"JM3KKCHA6S",2025,"MAZDA","CX-90","PHEV",0,26
"JM3KKBHAXS",2025,"MAZDA","CX-90","PHEV",0,26
"JM3KKBHA1R",2024,"MAZDA","CX-90","PHEV",0,26
"JM3KKBHA5S",2025,"MAZDA","CX-90","PHEV",0,26
"JM3KKBHA2S",2025,"MAZDA","CX-90","PHEV",0,26
"JM3KKCHA2S",2025,"MAZDA","CX-90","PHEV",0,26
"JM3KKEHA9S",2025,"MAZDA","CX-90","PHEV",0,26
"JM3KKBHA0S",2025,"MAZDA","CX-90","PHEV",0,26
"JM3KKCHA9S",2025,"MAZDA","CX-90","PHEV",0,26
"JM3KKEHA9R",2024,"MAZDA","CX-90","PHEV",0,26
"JM3KKBHA4R",2024,"MAZDA","CX-90","PHEV",0,26
"JM3KKCHA8S",2025,"MAZDA","CX-90","PHEV",0,26
"JM3KKCHA5S",2025,"MAZDA","CX-90","PHEV",0,26
"JM3KKBHA8S",2025,"MAZDA","CX-90","PHEV",0,26
"JM3KJDHA4S",2025,"MAZDA","CX-70","PHEV",0,26
"JM3KJEHA3S",2025,"MAZDA","CX-70","PHEV",0,26
"JM3KJEHA2S",2025,"MAZDA","CX-70","PHEV",0,26
"JM3KJEHAXS",2025,"MAZDA","CX-70","PHEV",0,26
"JM3KJEHA1S",2025,"MAZDA","CX-70","PHEV",0,26
"JM3KJDHA8S",2025,"MAZDA","CX-70","PHEV",0,26
"JM3KJDHA7S",2025,"MAZDA","CX-70","PHEV",0,26
"JM3KJEHA9S",2025,"MAZDA","CX-70","PHEV",0,26
"JM3KJDHAXS",2025,"MAZDA","CX-70","PHEV",0,26
"JM3KJEHA5S",2025,"MAZDA","CX-70","PHEV",0,26
"JM3KJDHA9S",2025,"MAZDA","CX-70","PHEV",0,26
"JM3KJEHA0S",2025,"MAZDA","CX-70","PHEV",0,26
"JM3KJEHA8S",2025,"MAZDA","CX-70","PHEV",0,26
"JM3KJDHA3S",2025,"MAZDA","CX-70","PHEV",0,26
"JM3KJDHA0S",2025,"MAZDA","CX-70","PHEV",0,26
"JM3KJEHA4S",2025,"MAZDA","CX-70","PHEV",0,26
"JM3KJEHA7S",2025,"MAZDA","CX-70","PHEV",0,26
"JM3KJDHA2S",2025,"MAZDA","CX-70","PHEV",0,26
"JM3KJDHA6S",2025,"MAZDA","CX-70","PHEV",0,26
"JM3KJEHA6S",2025,"MAZDA","CX-70","PHEV",0,26
"JM3KJDHA5S",2025,"MAZDA","CX-70","PHEV",0,26
"JM3KJDHA1S",2025,"MAZDA","CX-70","PHEV",0,26
"3FA6P0SU4K",2019,"FORD","FUSION","PHEV",0,26
"3FA6P0SU6K",2019,"FORD","FUSION","PHEV",0,26
"3FA6P0SU9K",2019,"FORD","FUSION","PHEV",0,26
"3FA6P0SUXK",2019,"FORD","FUSION","PHEV",0,26
"3FA6P0SU0L",2020,"FORD","FUSION","PHEV",0,26
"3FA6P0SU1K",2019,"FORD","FUSION","PHEV",0,26
"3FA6P0SU3L",2020,"FORD","FUSION","PHEV",0,26
"3FA6P0SU2K",2019,"FORD","FUSION","PHEV",0,26
"3FA6P0SU2L",2020,"FORD","FUSION","PHEV",0,26
"3FA6P0SU8K",2019,"FORD","FUSION","PHEV",0,26
"3FA6P0SU6L",2020,"FORD","FUSION","PHEV",0,26
"3FA6P0SU5K",2019,"FORD","FUSION","PHEV",0,26
"3FA6P0SU3K",2019,"FORD","FUSION","PHEV",0,26
"3FA6P0SU1L",2020,"FORD","FUSION","PHEV",0,26
"3FA6P0SU9L",2020,"FORD","FUSION","PHEV",0,26
"3FA6P0SU8L",2020,"FORD","FUSION","PHEV",0,26
"3FA6P0SU7K",2019,"FORD","FUSION","PHEV",0,26
"3FA6P0SUXL",2020,"FORD","FUSION","PHEV",0,26
"3FA6P0PU0K",2019,"FORD","FUSION","PHEV",0,26
"3FA6P0SU7L",2020,"FORD","FUSION","PHEV",0,26
"3FA6P0SU0K",2019,"FORD","FUSION","PHEV",0,26
"3FA6P0SU5L",2020,"FORD","FUSION","PHEV",0,26
"3FA6P0SU4L",2020,"FORD","FUSION","PHEV",0,26
"3FA6P0WU9L",2020,"FORD","FUSION","PHEV",0,26
"3FA6P0WU5L",2020,"FORD","FUSION","PHEV",0,26
"3FA6P0WUXL",2020,"FORD","FUSION","PHEV",0,26
"3FA6P0WU1L",2020,"FORD","FUSION","PHEV",0,26
"3FA6P0WU7L",2020,"FORD","FUSION","PHEV",0,26
"3FA6P0WU6L",2020,"FORD","FUSION","PHEV",0,26
"3FA6P0WU8L",2020,"FORD","FUSION","PHEV",0,26
"3FA6P0WU0K",2019,"FORD","FUSION","PHEV",0,26
"WA1G2AFY3N",2022,"AUDI","Q5","PHEV",0,23
"WA1F2AFY5N",2022,"AUDI","Q5","PHEV",0,23
"WA1F2AFY9N",2022,"AUDI","Q5","PHEV",0,23
"WA1F2AFY0N",2022,"AUDI","Q5","PHEV",0,23
"WA1G2AFY9N",2022,"AUDI","Q5","PHEV",0,23
"WAUVPBF2XM",2021,"AUDI","A7 E","PHEV",0,24
"WAUTPBF2XM",2021,"AUDI","A7 E","PHEV",0,24
"WA1E2AFY0N",2022,"AUDI","Q5","PHEV",0,22
"WA1E2AFY6N",2022,"AUDI","Q5","PHEV",0,22
"WA1F2AFYXN",2022,"AUDI","Q5","PHEV",0,23
"WAU8HAF86L",2020,"AUDI","A8 E","PHEV",0,17
"WA1F2AFY1N",2022,"AUDI","Q5","PHEV",0,23
"WA1F2AFY4N",2022,"AUDI","Q5","PHEV",0,23
"WA1F2AFY7N",2022,"AUDI","Q5","PHEV",0,23
"WAUTPBF28M",2021,"AUDI","A7 E","PHEV",0,24
"WA1G2AFYXN",2022,"AUDI","Q5","PHEV",0,23
"WA1F2AFY6N",2022,"AUDI","Q5","PHEV",0,23
"WA1E2AFY2N",2022,"AUDI","Q5","PHEV",0,22
"WA1E2AFY3N",2022,"AUDI","Q5","PHEV",0,22
"WAUTPBF24M",2021,"AUDI","A7 E","PHEV",0,24
"WA1G2AFY4N",2022,"AUDI","Q5","PHEV",0,23
"WA1E2AFY1N",2022,"AUDI","Q5","PHEV",0,22
"WA1G2AFY0N",2022,"AUDI","Q5","PHEV",0,23
"WA1E2AFY8N",2022,"AUDI","Q5","PHEV",0,22
"WAU8HAF89L",2020,"AUDI","A8 E","PHEV",0,17
"WA1F2BFYXN",2022,"AUDI","Q5","PHEV",0,23
"WA1F2AFY8N",2022,"AUDI","Q5","PHEV",0,23
"WA1F2BFY8N",2022,"AUDI","Q5","PHEV",0,23
"WA1E2AFY9N",2022,"AUDI","Q5","PHEV",0,22
"WA1G2AFY6N",2022,"AUDI","Q5","PHEV",0,23
"WA1E2AFYXN",2022,"AUDI","Q5","PHEV",0,22
"WA1E2AFY7N",2022,"AUDI","Q5","PHEV",0,22
"WA1E2AFY4N",2022,"AUDI","Q5","PHEV",0,22
"WA1F2BFY9N",2022,"AUDI","Q5","PHEV",0,23
"WAU8HAF88L",2020,"AUDI","A8 E","PHEV",0,17
"WA1G2AFY8N",2022,"AUDI","Q5","PHEV",0,23
"WA1G2AFY5N",2022,"AUDI","Q5","PHEV",0,23
"WA1E2AFY5N",2022,"AUDI","Q5","PHEV",0,22
"WA1F2AFY3N",2022,"AUDI","Q5","PHEV",0,23
"WAUTPBF22M",2021,"AUDI","A7 E","PHEV",0,24
"WA1G2AFY7N",2022,"AUDI","Q5","PHEV",0,23
"WA1F2AFY2N",2022,"AUDI","Q5","PHEV",0,23
"WA1G2AFY1N",2022,"AUDI","Q5","PHEV",0,23
"WAU8HAF80L",2020,"AUDI","A8 E","PHEV",0,17
"WAUTPBF27M",2021,"AUDI","A7 E","PHEV",0,24
"WAUVPBF27M",2021,"AUDI","A7 E","PHEV",0,24
"WA1G2AFY2N",2022,"AUDI","Q5","PHEV",0,23
"WAUTPBF21M",2021,"AUDI","A7 E","PHEV",0,24
"WAUTPBFF5H",2017,"AUDI","A3","PHEV",0,16
"WAUTPBFFXG",2016,"AUDI","A3","PHEV",0,16
"WAUTPBFF4G",2016,"AUDI","A3","PHEV",0,16
"WAUUPBFF2J",2018,"AUDI","A3","PHEV",0,16
"WAUUPBFF1H",2017,"AUDI","A3","PHEV",0,16
"WAUUPBFF6G",2016,"AUDI","A3","PHEV",0,16
"WAUTPBFF8J",2018,"AUDI","A3","PHEV",0,16
"WAUUPBFF4J",2018,"AUDI","A3","PHEV",0,16
"WAUUPBFF6J",2018,"AUDI","A3","PHEV",0,16
"WAUUPBFF7J",2018,"AUDI","A3","PHEV",0,16
"WAUUPBFF1J",2018,"AUDI","A3","PHEV",0,16
"WAUUPBFF9G",2016,"AUDI","A3","PHEV",0,16
"WAUUPBFF6H",2017,"AUDI","A3","PHEV",0,16
"WAUTPBFF0H",2017,"AUDI","A3","PHEV",0,16
"WAUTPBFF6G",2016,"AUDI","A3","PHEV",0,16
"WAUUPBFF2H",2017,"AUDI","A3","PHEV",0,16
"WAUUPBFF3H",2017,"AUDI","A3","PHEV",0,16
"WAUUPBFF7H",2017,"AUDI","A3","PHEV",0,16
"WAUSPBFF2H",2017,"AUDI","A3","PHEV",0,16
"WAUSPBFF1G",2016,"AUDI","A3","PHEV",0,16
"WAUUPBFF5H",2017,"AUDI","A3","PHEV",0,16
"WAUTPBFF3J",2018,"AUDI","A3","PHEV",0,16
"WAUTPBFFXJ",2018,"AUDI","A3","PHEV",0,16
"WAUTPBFF7H",2017,"AUDI","A3","PHEV",0,16
"WAUTPBFF2G",2016,"AUDI","A3","PHEV",0,16
"WAUTPBFF5J",2018,"AUDI","A3","PHEV",0,16
"WAUUPBFF0H",2017,"AUDI","A3","PHEV",0,16
"WAUUPBFFXH",2017,"AUDI","A3","PHEV",0,16
"WAUTPBFF3G",2016,"AUDI","A3","PHEV",0,16
"WAUUPBFF8H",2017,"AUDI","A3","PHEV",0,16
"WAUSPBFFXG",2016,"AUDI","A3","PHEV",0,16
"WAUTPBFF6J",2018,"AUDI","A3","PHEV",0,16
"WAUUPBFF9H",2017,"AUDI","A3","PHEV",0,16
"WAUTPBFF8H",2017,"AUDI","A3","PHEV",0,16
"WAUTPBFF9H",2017,"AUDI","A3","PHEV",0,16
"WAUTPBFF4J",2018,"AUDI","A3","PHEV",0,16
"WAUVPBFF0G",2016,"AUDI","A3","PHEV",0,16
"WAUUPBFF0J",2018,"AUDI","A3","PHEV",0,16
"WAUTPBFF6H",2017,"AUDI","A3","PHEV",0,16
"WAUTPBFF1H",2017,"AUDI","A3","PHEV",0,16
"WAUTPBFF7G",2016,"AUDI","A3","PHEV",0,16
"WAUTPBFF0G",2016,"AUDI","A3","PHEV",0,16
"WAUTPBFF2J",2018,"AUDI","A3","PHEV",0,16
"WAUTPBFF9G",2016,"AUDI","A3","PHEV",0,16
"WAUUPBFFXG",2016,"AUDI","A3","PHEV",0,16
"WAUTPBFFXH",2017,"AUDI","A3","PHEV",0,16
"WAUTPBFF9J",2018,"AUDI","A3","PHEV",0,16
"WAUUPBFF4G",2016,"AUDI","A3","PHEV",0,16
"WAUTPBFF7J",2018,"AUDI","A3","PHEV",0,16
"WAUUPBFF4H",2017,"AUDI","A3","PHEV",0,16
"WAUUPBFF8G",2016,"AUDI","A3","PHEV",0,16
"WAUUPBFF3J",2018,"AUDI","A3","PHEV",0,16
"WAUSPBFF7G",2016,"AUDI","A3","PHEV",0,16
"WAUUPBFFXJ",2018,"AUDI","A3","PHEV",0,16
"WAUTPBFF1G",2016,"AUDI","A3","PHEV",0,16
"WAUTPBFF5G",2016,"AUDI","A3","PHEV",0,16
"WAUUPBFF7G",2016,"AUDI","A3","PHEV",0,16
"WAUTPBFF8G",2016,"AUDI","A3","PHEV",0,16
"WAUSPBFF6G",2016,"AUDI","A3","PHEV",0,16
"WAUSPBFF1H",2017,"AUDI","A3","PHEV",0,16
"WAUUPBFF5G",2016,"AUDI","A3","PHEV",0,16
"WAUSPBFF7H",2017,"AUDI","A3","PHEV",0,16
"WAUTPBFF4H",2017,"AUDI","A3","PHEV",0,16
"WAUUPBFF9J",2018,"AUDI","A3","PHEV",0,16
"WAUUPBFF8J",2018,"AUDI","A3","PHEV",0,16
"WAUUPBFF5J",2018,"AUDI","A3","PHEV",0,16
"WAUUPBFF0G",2016,"AUDI","A3","PHEV",0,16
"WAUTPBFF0J",2018,"AUDI","A3","PHEV",0,16
"WAUSPBFF5H",2017,"AUDI","A3","PHEV",0,16
"WAUTPBFF3H",2017,"AUDI","A3","PHEV",0,16
"WAUSPBFF8J",2018,"AUDI","A3","PHEV",0,16
"WAUSPBFF3G",2016,"AUDI","A3","PHEV",0,16
"WAUTPBFF2H",2017,"AUDI","A3","PHEV",0,16
"WAUTPBFF1J",2018,"AUDI","A3","PHEV",0,16
"WAUSPBFF0G",2016,"AUDI","A3","PHEV",0,16
"WAUSPBFF0H",2017,"AUDI","A3","PHEV",0,16
"WAUSPBFF9G",2016,"AUDI","A3","PHEV",0,16
"WAUSPBFF7J",2018,"AUDI","A3","PHEV",0,16
"WAUVPBFF2G",2016,"AUDI","A3","PHEV",0,16
"WAUSPBFF2G",2016,"AUDI","A3","PHEV",0,16
"WAUUPBFF3G",2016,"AUDI","A3","PHEV",0,16
"WAUSPBFF4H",2017,"AUDI","A3","PHEV",0,16
"WAUMPBFF8G",2016,"AUDI","A3","PHEV",0,16
"WAUSPBFFXH",2017,"AUDI","A3","PHEV",0,16
"WAUMPBFF3G",2016,"AUDI","A3","PHEV",0,16
"WAUUPBFF2G",2016,"AUDI","A3","PHEV",0,16
"WAUSPBFF3J",2018,"AUDI","A3","PHEV",0,16
"WAUUPBFF1G",2016,"AUDI","A3","PHEV",0,16
"WAUSPBFF4J",2018,"AUDI","A3","PHEV",0,16
"WAUSPBFF8H",2017,"AUDI","A3","PHEV",0,16
"WAUSPBFF1J",2018,"AUDI","A3","PHEV",0,16
"WAUVPBFF6G",2016,"AUDI","A3","PHEV",0,16
"WAUSPBFF4G",2016,"AUDI","A3","PHEV",0,16
"WAUVPBFF3G",2016,"AUDI","A3","PHEV",0,16
"WAUSPBFF9J",2018,"AUDI","A3","PHEV",0,16
"WAUSPBFF6J",2018,"AUDI","A3","PHEV",0,16
"WAUSPBFF0J",2018,"AUDI","A3","PHEV",0,16
"WAUSPBFFXJ",2018,"AUDI","A3","PHEV",0,16
"WAUVPBFF9G",2016,"AUDI","A3","PHEV",0,16
"WAUSPBFF9H",2017,"AUDI","A3","PHEV",0,16
"WAUSPBFF6H",2017,"AUDI","A3","PHEV",0,16
"WAUSPBFF3H",2017,"AUDI","A3","PHEV",0,16
"WA1E2AFY7L",2020,"AUDI","Q5 E","PHEV",0,20
"WA1E2AFY9L",2020,"AUDI","Q5 E","PHEV",0,20
"WA1F2BFY1M",2021,"AUDI","Q5 E","PHEV",0,19
"WA1E2AFY9M",2021,"AUDI","Q5 E","PHEV",0,18
"WA1E2AFY8S",2025,"AUDI","Q5 E","PHEV",0,28
"WA1G2AFY6M",2021,"AUDI","Q5 E","PHEV",0,18
"WA1E2AFY3S",2025,"AUDI","Q5 E","PHEV",0,28
"WA1E2AFY0L",2020,"AUDI","Q5 E","PHEV",0,20
"WA1E2AFY8M",2021,"AUDI","Q5 E","PHEV",0,18
"WA1E2AFY2L",2020,"AUDI","Q5 E","PHEV",0,20
"WA1F2AFY3M",2021,"AUDI","Q5 E","PHEV",0,18
"WA1E2AFY7S",2025,"AUDI","Q5 E","PHEV",0,28
"WA1E2AFY2S",2025,"AUDI","Q5 E","PHEV",0,28
"WA1E2AFY4M",2021,"AUDI","Q5 E","PHEV",0,18
"WA1E2AFYXL",2020,"AUDI","Q5 E","PHEV",0,20
"WA1E2AFY1M",2021,"AUDI","Q5 E","PHEV",0,18
"WA1F2AFY0M",2021,"AUDI","Q5 E","PHEV",0,18
"WA1E2AFY7M",2021,"AUDI","Q5 E","PHEV",0,18
"WA1E2AFY3M",2021,"AUDI","Q5 E","PHEV",0,18
"WA1E2AFY0S",2025,"AUDI","Q5 E","PHEV",0,28
"WA1F2AFY5L",2020,"AUDI","Q5 E","PHEV",0,20
"WA1E2AFY3L",2020,"AUDI","Q5 E","PHEV",0,20
"WA1E2AFY6M",2021,"AUDI","Q5 E","PHEV",0,18
"WA1G2AFY2M",2021,"AUDI","Q5 E","PHEV",0,18
"WA1G2AFY0M",2021,"AUDI","Q5 E","PHEV",0,18
"WA1F2AFYXM",2021,"AUDI","Q5 E","PHEV",0,18
"WA1G2AFY9M",2021,"AUDI","Q5 E","PHEV",0,18
"WA1E2AFY2M",2021,"AUDI","Q5 E","PHEV",0,18
"WA1E2AFY4L",2020,"AUDI","Q5 E","PHEV",0,20
"WA1G2AFYXM",2021,"AUDI","Q5 E","PHEV",0,18
"WA1E2AFY5S",2025,"AUDI","Q5 E","PHEV",0,28
"WA1E2AFY1L",2020,"AUDI","Q5 E","PHEV",0,20
"WA1F2AFY0L",2020,"AUDI","Q5 E","PHEV",0,20
"WA1E2AFY5M",2021,"AUDI","Q5 E","PHEV",0,18
"WA1E2AFY6L",2020,"AUDI","Q5 E","PHEV",0,20
"WA1F2AFY2M",2021,"AUDI","Q5 E","PHEV",0,18
"WA1F2AFY6M",2021,"AUDI","Q5 E","PHEV",0,18
"WA1E2AFY4S",2025,"AUDI","Q5 E","PHEV",0,28
"WA1G2AFY5M",2021,"AUDI","Q5 E","PHEV",0,18
"WA1G2AFY8L",2020,"AUDI","Q5 E","PHEV",0,20
"WA1F2BFY7L",2020,"AUDI","Q5 E","PHEV",0,20
"WA1G2AFY9L",2020,"AUDI","Q5 E","PHEV",0,20
"WA1F2AFY1L",2020,"AUDI","Q5 E","PHEV",0,20
"WA1E2AFY0M",2021,"AUDI","Q5 E","PHEV",0,18
"WA1G2AFY1M",2021,"AUDI","Q5 E","PHEV",0,18
"WA1F2AFY8M",2021,"AUDI","Q5 E","PHEV",0,18
"WA1E2AFY9S",2025,"AUDI","Q5 E","PHEV",0,28
"WA1E2AFY8L",2020,"AUDI","Q5 E","PHEV",0,20
"WA1E2AFYXS",2025,"AUDI","Q5 E","PHEV",0,28
"WA1F2AFY5M",2021,"AUDI","Q5 E","PHEV",0,18
"WA1E2AFY5L",2020,"AUDI","Q5 E","PHEV",0,20
"WA1F2AFY8L",2020,"AUDI","Q5 E","PHEV",0,20
"WA1F2AFY6L",2020,"AUDI","Q5 E","PHEV",0,20
"WA1F2AFY7M",2021,"AUDI","Q5 E","PHEV",0,18
"WA1G2AFY3L",2020,"AUDI","Q5 E","PHEV",0,20
"WA1G2AFY7M",2021,"AUDI","Q5 E","PHEV",0,18
"WA1G2AFY4M",2021,"AUDI","Q5 E","PHEV",0,18
"WA1E2AFY6S",2025,"AUDI","Q5 E","PHEV",0,28
"WA1G2AFY8M",2021,"AUDI","Q5 E","PHEV",0,18
"WA1E2AFYXM",2021,"AUDI","Q5 E","PHEV",0,18
"WA1G2AFYXL",2020,"AUDI","Q5 E","PHEV",0,20
"WA1F2AFYXL",2020,"AUDI","Q5 E","PHEV",0,20
"WA1F2AFY1M",2021,"AUDI","Q5 E","PHEV",0,18
"WA1E2AFY1S",2025,"AUDI","Q5 E","PHEV",0,28
"WA1F2AFY4M",2021,"AUDI","Q5 E","PHEV",0,18
"WA1G2AFY6S",2025,"AUDI","Q5 E","PHEV",0,28
"WA1F2AFY2L",2020,"AUDI","Q5 E","PHEV",0,20
"WA1F2AFY9M",2021,"AUDI","Q5 E","PHEV",0,18
"WA1F2AFY7L",2020,"AUDI","Q5 E","PHEV",0,20
"WA1G2AFY4S",2025,"AUDI","Q5 E","PHEV",0,28
"WA1F2BFY9M",2021,"AUDI","Q5 E","PHEV",0,19
"WA1G2BFY4S",2025,"AUDI","Q5 E","PHEV",0,28
"WA1F2AFY3L",2020,"AUDI","Q5 E","PHEV",0,20
"WA1E2BFY6M",2021,"AUDI","Q5 E","PHEV",0,19
"WA1G2AFY6L",2020,"AUDI","Q5 E","PHEV",0,20
"WA1G2AFY3M",2021,"AUDI","Q5 E","PHEV",0,18
"WA1G2AFY7S",2025,"AUDI","Q5 E","PHEV",0,28
"WA1F2AFY4L",2020,"AUDI","Q5 E","PHEV",0,20
"WA1F2BFY6M",2021,"AUDI","Q5 E","PHEV",0,19
"WA1F2BFY0M",2021,"AUDI","Q5 E","PHEV",0,19
"WA1G2AFYXS",2025,"AUDI","Q5 E","PHEV",0,28
"WA1G2AFY1L",2020,"AUDI","Q5 E","PHEV",0,20
"WA1F2BFY3M",2021,"AUDI","Q5 E","PHEV",0,19
"WA1G2AFY0L",2020,"AUDI","Q5 E","PHEV",0,20
"WA1F2BFY8M",2021,"AUDI","Q5 E","PHEV",0,19
"WA1G2AFY5L",2020,"AUDI","Q5 E","PHEV",0,20
"WA1G2AFY2L",2020,"AUDI","Q5 E","PHEV",0,20
"WA1F2BFY3L",2020,"AUDI","Q5 E","PHEV",0,20
"WA1G2BFY8S",2025,"AUDI","Q5 E","PHEV",0,28
"WA1E2AFY5R",2024,"AUDI","Q5 E","PHEV",0,23
"WA1F2AFY7R",2024,"AUDI","Q5 E","PHEV",0,23
"WA1E2AFY3P",2023,"AUDI","Q5 E","PHEV",0,23
"WA1F2AFY0R",2024,"AUDI","Q5 E","PHEV",0,23
"WA1F2AFYXR",2024,"AUDI","Q5 E","PHEV",0,23
"WA1E2AFY1P",2023,"AUDI","Q5 E","PHEV",0,23
"WA1F2AFY8R",2024,"AUDI","Q5 E","PHEV",0,23
"WA1F2BFY5P",2023,"AUDI","Q5 E","PHEV",0,23
"WA1F2AFY8S",2025,"AUDI","Q5 E","PHEV",0,23
"WA1E2AFYXP",2023,"AUDI","Q5 E","PHEV",0,23
"WA1E2AFY7P",2023,"AUDI","Q5 E","PHEV",0,23
"WA1F2AFY2R",2024,"AUDI","Q5 E","PHEV",0,23
"WA1G2AFY0P",2023,"AUDI","Q5 E","PHEV",0,23
"WA1F2AFY6R",2024,"AUDI","Q5 E","PHEV",0,23
"WA1E2AFY6R",2024,"AUDI","Q5 E","PHEV",0,23
"WA1F2AFY0S",2025,"AUDI","Q5 E","PHEV",0,23
"WA1F2AFY3R",2024,"AUDI","Q5 E","PHEV",0,23
"WA1E2AFY4R",2024,"AUDI","Q5 E","PHEV",0,23
"WA1E2AFY0R",2024,"AUDI","Q5 E","PHEV",0,23
"WA1E2AFY7R",2024,"AUDI","Q5 E","PHEV",0,23
"WA1F2AFY3P",2023,"AUDI","Q5 E","PHEV",0,23
"WA1E2AFY8R",2024,"AUDI","Q5 E","PHEV",0,23
"WA1E2AFY1R",2024,"AUDI","Q5 E","PHEV",0,23
"WA1E2AFYXR",2024,"AUDI","Q5 E","PHEV",0,23
"WA1F2AFY5P",2023,"AUDI","Q5 E","PHEV",0,23
"WA1F2BFY2R",2024,"AUDI","Q5 E","PHEV",0,23
"WA1F2AFY5R",2024,"AUDI","Q5 E","PHEV",0,23
"WA1E2AFY9P",2023,"AUDI","Q5 E","PHEV",0,23
"WA1G2AFY7R",2024,"AUDI","Q5 E","PHEV",0,23
"WA1E2AFY2R",2024,"AUDI","Q5 E","PHEV",0,23
"WA1F2AFY7P",2023,"AUDI","Q5 E","PHEV",0,23
"WA1G2AFY8R",2024,"AUDI","Q5 E","PHEV",0,23
"WA1F2AFY9P",2023,"AUDI","Q5 E","PHEV",0,23
"WA1G2AFY6R",2024,"AUDI","Q5 E","PHEV",0,23
"WA1G2AFYXR",2024,"AUDI","Q5 E","PHEV",0,23
"WA1F2AFY2S",2025,"AUDI","Q5 E","PHEV",0,23
"WA1E2AFY8P",2023,"AUDI","Q5 E","PHEV",0,23
"WA1F2AFY1R",2024,"AUDI","Q5 E","PHEV",0,23
"WA1G2AFY4R",2024,"AUDI","Q5 E","PHEV",0,23
"WA1E2AFY3R",2024,"AUDI","Q5 E","PHEV",0,23
"WA1F2AFY4S",2025,"AUDI","Q5 E","PHEV",0,23
"WA1F2BFY4P",2023,"AUDI","Q5 E","PHEV",0,23
"WA1G2BFY5R",2024,"AUDI","Q5 E","PHEV",0,23
"WA1F2AFY1P",2023,"AUDI","Q5 E","PHEV",0,23
"WA1G2AFY9R",2024,"AUDI","Q5 E","PHEV",0,23
"WA1E2BFY8R",2024,"AUDI","Q5 E","PHEV",0,23
"WA1E2AFY6P",2023,"AUDI","Q5 E","PHEV",0,23
"WA1G2AFY3R",2024,"AUDI","Q5 E","PHEV",0,23
"WA1E2AFY2P",2023,"AUDI","Q5 E","PHEV",0,23
"WA1F2AFY8P",2023,"AUDI","Q5 E","PHEV",0,23
"WA1G2AFY9P",2023,"AUDI","Q5 E","PHEV",0,23
"WA1F2BFY8P",2023,"AUDI","Q5 E","PHEV",0,23
"WA1E2AFY5P",2023,"AUDI","Q5 E","PHEV",0,23
"WA1F2BFY2P",2023,"AUDI","Q5 E","PHEV",0,23
"WA1F2AFY4P",2023,"AUDI","Q5 E","PHEV",0,23
"WA1F2AFY9R",2024,"AUDI","Q5 E","PHEV",0,23
"WA1F2AFY4R",2024,"AUDI","Q5 E","PHEV",0,23
"WA1E2AFY4P",2023,"AUDI","Q5 E","PHEV",0,23
"WA1E2AFY0P",2023,"AUDI","Q5 E","PHEV",0,23
"WA1F2AFYXP",2023,"AUDI","Q5 E","PHEV",0,23
"WA1G2AFY1R",2024,"AUDI","Q5 E","PHEV",0,23
"WA1E2AFY9R",2024,"AUDI","Q5 E","PHEV",0,23
"WA1F2AFY0P",2023,"AUDI","Q5 E","PHEV",0,23
"WA1E2BFY8S",2025,"AUDI","Q5 E","PHEV",0,23
"WA1F2BFY7P",2023,"AUDI","Q5 E","PHEV",0,23
"WA1F2AFY6P",2023,"AUDI","Q5 E","PHEV",0,23
"WA1G2AFY5R",2024,"AUDI","Q5 E","PHEV",0,23
"WA1F2AFY3S",2025,"AUDI","Q5 E","PHEV",0,23
"WA1G2AFY0R",2024,"AUDI","Q5 E","PHEV",0,23
"WA1F2AFY1S",2025,"AUDI","Q5 E","PHEV",0,23
"WA1F2AFYXS",2025,"AUDI","Q5 E","PHEV",0,23
"WA1E2BFY8P",2023,"AUDI","Q5 E","PHEV",0,23
"WA1E2BFY5P",2023,"AUDI","Q5 E","PHEV",0,23
"WA1F2AFY2P",2023,"AUDI","Q5 E","PHEV",0,23
"WA1G2AFY4P",2023,"AUDI","Q5 E","PHEV",0,23
"WA1G2AFY5P",2023,"AUDI","Q5 E","PHEV",0,23
"WA1E2BFY2R",2024,"AUDI","Q5 E","PHEV",0,23
"WA1F2BFYXS",2025,"AUDI","Q5 E","PHEV",0,23
"WA1G2AFY6P",2023,"AUDI","Q5 E","PHEV",0,23
"WA1F2BFY9P",2023,"AUDI","Q5 E","PHEV",0,23
"WBA33AG04M",2021,"BMW","530E","PHEV",0,18
"WBA33AG03N",2022,"BMW","530E","PHEV",0,18
"WBAJB1C52J",2018,"BMW","530E","PHEV",0,14
"WBAJB1C51J",2018,"BMW","530E","PHEV",0,14
"WBA33AG04P",2023,"BMW","530E","PHEV",0,18
"WBAJA9C52J",2018,"BMW","530E","PHEV",0,16
"WBAJB1C54J",2018,"BMW","530E","PHEV",0,14
"WBA33AG07P",2023,"BMW","530E","PHEV",0,18
"WBA13AG09M",2021,"BMW","530E","PHEV",0,21
"WBAJB1C51K",2019,"BMW","530E","PHEV",0,15
"WBAJA9C03L",2020,"BMW","530E","PHEV",0,20
"WBAJB1C59J",2018,"BMW","530E","PHEV",0,14
"WBA13AG07M",2021,"BMW","530E","PHEV",0,21
"WBA33AG06N",2022,"BMW","530E","PHEV",0,18
"WBA33AG05N",2022,"BMW","530E","PHEV",0,18
"WBAJB1C54K",2019,"BMW","530E","PHEV",0,15
"WBA33AG0XN",2022,"BMW","530E","PHEV",0,18
"WBAJB1C01L",2020,"BMW","530E","PHEV",0,18
"WBAJB1C56J",2018,"BMW","530E","PHEV",0,14
"WBA13AG06M",2021,"BMW","530E","PHEV",0,21
"WBAJA9C53K",2019,"BMW","530E","PHEV",0,16
"WBA33AG0XM",2021,"BMW","530E","PHEV",0,18
"WBAJB1C57K",2019,"BMW","530E","PHEV",0,15
"WBAJB1C50K",2019,"BMW","530E","PHEV",0,15
"WBAJA9C56K",2019,"BMW","530E","PHEV",0,16
"WBAJB1C5XJ",2018,"BMW","530E","PHEV",0,14
"WBAJA9C54J",2018,"BMW","530E","PHEV",0,16
"WBAJB1C57J",2018,"BMW","530E","PHEV",0,14
"WBA33AG01M",2021,"BMW","530E","PHEV",0,18
"WBAJB1C55J",2018,"BMW","530E","PHEV",0,14
"WBA33AG08P",2023,"BMW","530E","PHEV",0,18
"WBAJB1C53J",2018,"BMW","530E","PHEV",0,14
"WBA13AG04M",2021,"BMW","530E","PHEV",0,21
"WBA33AG0XP",2023,"BMW","530E","PHEV",0,18
"WBAJA9C50K",2019,"BMW","530E","PHEV",0,16
"WBAJA9C51J",2018,"BMW","530E","PHEV",0,16
"WBA13AG02M",2021,"BMW","530E","PHEV",0,21
"WBA33AG01N",2022,"BMW","530E","PHEV",0,18
"WBAJA9C56J",2018,"BMW","530E","PHEV",0,16
"WBAJA9C53J",2018,"BMW","530E","PHEV",0,16
"WBA13AG06P",2023,"BMW","530E","PHEV",0,21
"WBAJB1C59K",2019,"BMW","530E","PHEV",0,15
"WBA13AG05M",2021,"BMW","530E","PHEV",0,21
"WBA33AG02P",2023,"BMW","530E","PHEV",0,18
"WBAJA9C50J",2018,"BMW","530E","PHEV",0,16
"WBA13AG09N",2022,"BMW","530E","PHEV",0,21
"WBAJA9C59J",2018,"BMW","530E","PHEV",0,16
"WBA33AG09N",2022,"BMW","530E","PHEV",0,18
"WBAJA9C51K",2019,"BMW","530E","PHEV",0,16
"WBAJB1C55K",2019,"BMW","530E","PHEV",0,15
"WBA33AG02N",2022,"BMW","530E","PHEV",0,18
"WBAJB1C5XK",2019,"BMW","530E","PHEV",0,15
"WBA33AG09P",2023,"BMW","530E","PHEV",0,18
"WBA33AG06M",2021,"BMW","530E","PHEV",0,18
"WBAJB1C56K",2019,"BMW","530E","PHEV",0,15
"WBAJA9C5XK",2019,"BMW","530E","PHEV",0,16
"WBAJB1C07L",2020,"BMW","530E","PHEV",0,18
"WBAJB1C50J",2018,"BMW","530E","PHEV",0,14
"WBAJA9C59K",2019,"BMW","530E","PHEV",0,16
"WBA13AG01N",2022,"BMW","530E","PHEV",0,21
"WBAJA9C52K",2019,"BMW","530E","PHEV",0,16
"WBA33AG00P",2023,"BMW","530E","PHEV",0,18
"WBAJB1C58K",2019,"BMW","530E","PHEV",0,15
"WBA13AG08P",2023,"BMW","530E","PHEV",0,21
"WBA33AG05P",2023,"BMW","530E","PHEV",0,18
"WBAJA9C57K",2019,"BMW","530E","PHEV",0,16
"WBAJB1C52K",2019,"BMW","530E","PHEV",0,15
"WBAJA9C55J",2018,"BMW","530E","PHEV",0,16
"WBA33AG06P",2023,"BMW","530E","PHEV",0,18
"WBA13AG02P",2023,"BMW","530E","PHEV",0,21
"WBAJB1C53K",2019,"BMW","530E","PHEV",0,15
"WBA33AG05M",2021,"BMW","530E","PHEV",0,18
"WBA13AG04P",2023,"BMW","530E","PHEV",0,21
"WBAJA9C58J",2018,"BMW","530E","PHEV",0,16
"WBAJB1C09L",2020,"BMW","530E","PHEV",0,18
"WBA33AG08N",2022,"BMW","530E","PHEV",0,18
"WBAJA9C58K",2019,"BMW","530E","PHEV",0,16
"WBA33AG01P",2023,"BMW","530E","PHEV",0,18
"WBA13AG07N",2022,"BMW","530E","PHEV",0,21
"WBA33AG09M",2021,"BMW","530E","PHEV",0,18
"WBA33AG02M",2021,"BMW","530E","PHEV",0,18
"WBAJB1C00L",2020,"BMW","530E","PHEV",0,18
"WBA33AG04N",2022,"BMW","530E","PHEV",0,18
"WBA33AG00N",2022,"BMW","530E","PHEV",0,18
"WBAJA9C57J",2018,"BMW","530E","PHEV",0,16
"WBAJB1C58J",2018,"BMW","530E","PHEV",0,14
"WBAJB1C08L",2020,"BMW","530E","PHEV",0,18
"WBA33AG00M",2021,"BMW","530E","PHEV",0,18
"WBAJA9C5XJ",2018,"BMW","530E","PHEV",0,16
"WBAJA9C05L",2020,"BMW","530E","PHEV",0,20
"WBAJA9C04L",2020,"BMW","530E","PHEV",0,20
"WBAJB1C03L",2020,"BMW","530E","PHEV",0,18
"WBAJA9C09L",2020,"BMW","530E","PHEV",0,20
"WBA33AG03P",2023,"BMW","530E","PHEV",0,18
"WBA13AG03N",2022,"BMW","530E","PHEV",0,21
"WBAJB1C04L",2020,"BMW","530E","PHEV",0,18
"WBA13AG02N",2022,"BMW","530E","PHEV",0,21
"WBA33AG07N",2022,"BMW","530E","PHEV",0,18
"WBA33AG07M",2021,"BMW","530E","PHEV",0,18
"WBAJA9C08L",2020,"BMW","530E","PHEV",0,20
"WBAJA9C54K",2019,"BMW","530E","PHEV",0,16
"WBAJA9C55K",2019,"BMW","530E","PHEV",0,16
"WBA13AG05N",2022,"BMW","530E","PHEV",0,21
"WBA13AG03M",2021,"BMW","530E","PHEV",0,21
"WBAJB1C05L",2020,"BMW","530E","PHEV",0,18
"WBA33AG03M",2021,"BMW","530E","PHEV",0,18
"5UXKT0C51J",2018,"BMW","X5","PHEV",0,13
"WBY2Z6C57K",2019,"BMW","I8","PHEV",0,17
"5UXTS1C08M",2021,"BMW","X3","PHEV",0,17
"5UXTS1C05M",2021,"BMW","X3","PHEV",0,17
"5UXTS1C06M",2021,"BMW","X3","PHEV",0,17
"5UXTS1C04M",2021,"BMW","X3","PHEV",0,17
"5UXTS1C08L",2020,"BMW","X3","PHEV",0,17
"5UXKT0C58J",2018,"BMW","X5","PHEV",0,13
"5UXTS1C05L",2020,"BMW","X3","PHEV",0,17
"WBA7W4C05L",2020,"BMW","745E","PHEV",0,16
"WBY2Z4C57K",2019,"BMW","I8","PHEV",0,18
"5UXTS1C01M",2021,"BMW","X3","PHEV",0,17
"5UXTS1C00M",2021,"BMW","X3","PHEV",0,17
"5UXTS1C07L",2020,"BMW","X3","PHEV",0,17
"5UXKT0C5XJ",2018,"BMW","X5","PHEV",0,13
"5UXTS1C02M",2021,"BMW","X3","PHEV",0,17
"5UXTS1C09M",2021,"BMW","X3","PHEV",0,17
"5UXKT0C50J",2018,"BMW","X5","PHEV",0,13
"WBS83GV04S",2025,"BMW","M5","PHEV",0,25
"WBS83FK00T",2026,"BMW","M5","PHEV",0,25
"WBS83FK05T",2026,"BMW","M5","PHEV",0,25
"5UXTS1C02L",2020,"BMW","X3","PHEV",0,17
"5UXKT0C52J",2018,"BMW","X5","PHEV",0,13
"WBY2Z6C59K",2019,"BMW","I8","PHEV",0,17
"5UXTS1C00L",2020,"BMW","X3","PHEV",0,17
"5UXTS1C09L",2020,"BMW","X3","PHEV",0,17
"WBY2Z4C55K",2019,"BMW","I8","PHEV",0,18
"WBS83FK08T",2026,"BMW","M5","PHEV",0,25
"5UXKT0C55J",2018,"BMW","X5","PHEV",0,13
"5UXTS1C03M",2021,"BMW","X3","PHEV",0,17
"5YM33CS01T",2026,"BMW","XM","PHEV",0,29
"WBA7W4C07L",2020,"BMW","745E","PHEV",0,16
"WBS83FK07S",2025,"BMW","M5","PHEV",0,25
"5UXTS1C0XM",2021,"BMW","X3","PHEV",0,17
"WBS83GV05S",2025,"BMW","M5","PHEV",0,25
"5UXKT0C53J",2018,"BMW","X5","PHEV",0,13
"5UXTS1C07M",2021,"BMW","X3","PHEV",0,17
"5UXKT0C57J",2018,"BMW","X5","PHEV",0,13
"WBS83FK04S",2025,"BMW","M5","PHEV",0,25
"5UXTS1C01L",2020,"BMW","X3","PHEV",0,17
"5UXKT0C54J",2018,"BMW","X5","PHEV",0,13
"5UXKT0C56J",2018,"BMW","X5","PHEV",0,13
"WBY2Z6C51K",2019,"BMW","I8","PHEV",0,17
"WBS83FK02T",2026,"BMW","M5","PHEV",0,25
"WBA7W4C06L",2020,"BMW","745E","PHEV",0,16
"WBS83FK00S",2025,"BMW","M5","PHEV",0,25
"WBY2Z6C53K",2019,"BMW","I8","PHEV",0,17
"5YM33CS0XT",2026,"BMW","XM","PHEV",0,29
"WBS83FK04T",2026,"BMW","M5","PHEV",0,25
"5UXTS1C03L",2020,"BMW","X3","PHEV",0,17
"WBY2Z6C50K",2019,"BMW","I8","PHEV",0,17
"WBS83FK09T",2026,"BMW","M5","PHEV",0,25
"5UXKT0C59J",2018,"BMW","X5","PHEV",0,13
"WBY2Z6C56K",2019,"BMW","I8","PHEV",0,17
"5UXTS1C04L",2020,"BMW","X3","PHEV",0,17
"5UXTS1C06L",2020,"BMW","X3","PHEV",0,17
"WBS83FK07T",2026,"BMW","M5","PHEV",0,25
"WBY2Z6C54K",2019,"BMW","I8","PHEV",0,17
"WBS83GV00S",2025,"BMW","M5","PHEV",0,25
"WBS83FK06T",2026,"BMW","M5","PHEV",0,25
"WBS83GV0XT",2026,"BMW","M5","PHEV",0,24
"WBA7W4C06N",2022,"BMW","745LE","PHEV",0,16
"5YM33CS08T",2026,"BMW","XM","PHEV",0,29
"WBY2Z6C55K",2019,"BMW","I8","PHEV",0,17
"WBA7W4C04L",2020,"BMW","745E","PHEV",0,16
"WBS83FK08S",2025,"BMW","M5","PHEV",0,25
"WBS83FK02S",2025,"BMW","M5","PHEV",0,25
"WBA7W4C03L",2020,"BMW","745E","PHEV",0,16
"5UXTS1C0XL",2020,"BMW","X3","PHEV",0,17
"WBS83FK01S",2025,"BMW","M5","PHEV",0,25
"WBS83GV09S",2025,"BMW","M5","PHEV",0,25
"WBA7W4C09L",2020,"BMW","745E","PHEV",0,16
"WBS83GV06T",2026,"BMW","M5","PHEV",0,24
"WBA7W4C08N",2022,"BMW","745LE","PHEV",0,16
"WBA7W4C03M",2021,"BMW","745E","PHEV",0,16
"5YM33CS06T",2026,"BMW","XM","PHEV",0,29
"WBS83FK03S",2025,"BMW","M5","PHEV",0,25
"WBA7W4C06M",2021,"BMW","745E","PHEV",0,16
"5YM33CS02T",2026,"BMW","XM","PHEV",0,29
"WBS83GV05T",2026,"BMW","M5","PHEV",0,24
"WBS83FK09S",2025,"BMW","M5","PHEV",0,25
"WBY2Z6C5XK",2019,"BMW","I8","PHEV",0,17
"WBS83FK0XT",2026,"BMW","M5","PHEV",0,25
"WBS83GV0XS",2025,"BMW","M5","PHEV",0,25
"WBS83GV02T",2026,"BMW","M5","PHEV",0,24
"WBS83GV07S",2025,"BMW","M5","PHEV",0,25
"WBA7W4C02M",2021,"BMW","745E","PHEV",0,16
"WBS83FK03T",2026,"BMW","M5","PHEV",0,25
"WBA7W4C03N",2022,"BMW","745LE","PHEV",0,16
"WBS83GV01S",2025,"BMW","M5","PHEV",0,25
"WBY2Z4C53K",2019,"BMW","I8","PHEV",0,18
"WBS83GV00T",2026,"BMW","M5","PHEV",0,24
"WBS83GV09T",2026,"BMW","M5","PHEV",0,24
"WBY2Z4C52K",2019,"BMW","I8","PHEV",0,18
"WBA7W4C09N",2022,"BMW","745LE","PHEV",0,16
"WBS83GV04T",2026,"BMW","M5","PHEV",0,24
"WBA7W4C01L",2020,"BMW","745E","PHEV",0,16
"5UXKT0C55G",2016,"BMW","X5","PHEV",0,14
"WBY2Z2C55F",2015,"BMW","I8","PHEV",0,14
"5UXKT0C33H",2017,"BMW","X5","PHEV",0,14
"5UXKT0C58G",2016,"BMW","X5","PHEV",0,14
"WBY2Z2C5XE",2014,"BMW","I8","PHEV",0,14
"5UXKT0C59H",2017,"BMW","X5","PHEV",0,14
"5UXKT0C52H",2017,"BMW","X5","PHEV",0,14
"5UXKT0C56H",2017,"BMW","X5","PHEV",0,14
"5UXKT0C52G",2016,"BMW","X5","PHEV",0,14
"WBY2Z2C57G",2016,"BMW","I8","PHEV",0,14
"5UXKT0C5XG",2016,"BMW","X5","PHEV",0,14
"WBA7J2C5XJ",2018,"BMW","740E","PHEV",0,14
"WBA7J2C52K",2019,"BMW","740E","PHEV",0,14
"5UXKT0C56G",2016,"BMW","X5","PHEV",0,14
"5UXKT0C32H",2017,"BMW","X5","PHEV",0,14
"WBY2Z2C57F",2015,"BMW","I8","PHEV",0,14
"WBY2Z2C51F",2015,"BMW","I8","PHEV",0,14
"5UXKT0C36H",2017,"BMW","X5","PHEV",0,14
"WBY2Z2C5XF",2015,"BMW","I8","PHEV",0,14
"5UXKT0C50G",2016,"BMW","X5","PHEV",0,14
"5UXKT0C53G",2016,"BMW","X5","PHEV",0,14
"5UXKT0C39H",2017,"BMW","X5","PHEV",0,14
"5UXKT0C54G",2016,"BMW","X5","PHEV",0,14
"5UXKT0C51G",2016,"BMW","X5","PHEV",0,14
"5UXKT0C30H",2017,"BMW","X5","PHEV",0,14
"5UXKT0C53H",2017,"BMW","X5","PHEV",0,14
"WBA7J2C54J",2018,"BMW","740E","PHEV",0,14
"5UXKT0C55H",2017,"BMW","X5","PHEV",0,14
"WBA7J2C34H",2017,"BMW","740E","PHEV",0,14
"5UXKT0C37H",2017,"BMW","X5","PHEV",0,14
"WBY2Z2C59E",2014,"BMW","I8","PHEV",0,14
"5UXKT0C54H",2017,"BMW","X5","PHEV",0,14
"WBA7J2C37H",2017,"BMW","740E","PHEV",0,14
"5UXKT0C3XH",2017,"BMW","X5","PHEV",0,14
"5UXKT0C57H",2017,"BMW","X5","PHEV",0,14
"5UXKT0C59G",2016,"BMW","X5","PHEV",0,14
"WBY2Z2C54F",2015,"BMW","I8","PHEV",0,14
"5UXKT0C5XH",2017,"BMW","X5","PHEV",0,14
"5UXKT0C38H",2017,"BMW","X5","PHEV",0,14
"WBY2Z2C53F",2015,"BMW","I8","PHEV",0,14
"WBY2Z2C54G",2016,"BMW","I8","PHEV",0,14
"5UXKT0C57G",2016,"BMW","X5","PHEV",0,14
"5UXKT0C34H",2017,"BMW","X5","PHEV",0,14
"WBA7J2C38H",2017,"BMW","740E","PHEV",0,14
"WBY2Z2C51G",2016,"BMW","I8","PHEV",0,14
"WBA7J2C51J",2018,"BMW","740E","PHEV",0,14
"5UXKT0C35H",2017,"BMW","X5","PHEV",0,14
"WBY2Z2C54E",2014,"BMW","I8","PHEV",0,14
"WBA7J2C58J",2018,"BMW","740E","PHEV",0,14
"5UXKT0C31H",2017,"BMW","X5","PHEV",0,14
"WBA7J2C53J",2018,"BMW","740E","PHEV",0,14
"WBY2Z2C35H",2017,"BMW","I8","PHEV",0,14
"WBY2Z2C53E",2014,"BMW","I8","PHEV",0,14
"WBY2Z2C56F",2015,"BMW","I8","PHEV",0,14
"5UXKT0C58H",2017,"BMW","X5","PHEV",0,14
"WBY2Z2C52G",2016,"BMW","I8","PHEV",0,14
"WBA7J2C57J",2018,"BMW","740E","PHEV",0,14
"WBY2Z2C50F",2015,"BMW","I8","PHEV",0,14
"WBA7J2C59J",2018,"BMW","740E","PHEV",0,14
"WBA7J2C32H",2017,"BMW","740E","PHEV",0,14
"WBY2Z2C5XG",2016,"BMW","I8","PHEV",0,14
"WBA7J2C52J",2018,"BMW","740E","PHEV",0,14
"WBY2Z2C58E",2014,"BMW","I8","PHEV",0,14
"WBY2Z2C56E",2014,"BMW","I8","PHEV",0,14
"5UXKT0C51H",2017,"BMW","X5","PHEV",0,14
"WBY2Z2C53G",2016,"BMW","I8","PHEV",0,14
"WBY2Z2C58F",2015,"BMW","I8","PHEV",0,14
"WBY2Z2C3XH",2017,"BMW","I8","PHEV",0,14
"WBY2Z2C50G",2016,"BMW","I8","PHEV",0,14
"WBY2Z2C54H",2017,"BMW","I8","PHEV",0,14
"WBY2Z2C56G",2016,"BMW","I8","PHEV",0,14
"WBA7J2C55K",2019,"BMW","740E","PHEV",0,14
"WBA7J2C35H",2017,"BMW","740E","PHEV",0,14
"WBY2Z2C55E",2014,"BMW","I8","PHEV",0,14
"WBY2Z2C58G",2016,"BMW","I8","PHEV",0,14
"WBA7J2C56J",2018,"BMW","740E","PHEV",0,14
"WBY2Z2C52F",2015,"BMW","I8","PHEV",0,14
"WBA7J2C50J",2018,"BMW","740E","PHEV",0,14
"WBY2Z2C50E",2014,"BMW","I8","PHEV",0,14
"WBY2Z2C36H",2017,"BMW","I8","PHEV",0,14
"WBY2Z2C53H",2017,"BMW","I8","PHEV",0,14
"WBA7J2C50K",2019,"BMW","740E","PHEV",0,14
"WBY2Z2C55G",2016,"BMW","I8","PHEV",0,14
"WBY2Z2C59H",2017,"BMW","I8","PHEV",0,14
"WBA8E1C3XH",2017,"BMW","330E","PHEV",0,14
"WBA8E1C54J",2018,"BMW","330E","PHEV",0,14
"WBA8E1C59J",2018,"BMW","330E","PHEV",0,14
"WBA8E1C51J",2018,"BMW","330E","PHEV",0,14
"3MW39FS02P",2023,"BMW","330E","PHEV",0,20
"3MW39FS00P",2023,"BMW","330E","PHEV",0,20
"3MW39FS08R",2024,"BMW","330E","PHEV",0,20
"3MW39FS08P",2023,"BMW","330E","PHEV",0,20
"3MW39FS01P",2023,"BMW","330E","PHEV",0,20
"3MW39FS07R",2024,"BMW","330E","PHEV",0,20
"WBA8E1C5XJ",2018,"BMW","330E","PHEV",0,14
"3MW39FS05P",2023,"BMW","330E","PHEV",0,20
"WBA8E1C33H",2017,"BMW","330E","PHEV",0,14
"WBA8E1C58J",2018,"BMW","330E","PHEV",0,14
"3MW5P9J00M",2021,"BMW","330E","PHEV",0,20
"WBA8E1C35H",2017,"BMW","330E","PHEV",0,14
"3MW5P9J03M",2021,"BMW","330E","PHEV",0,20
"WBA8E1C57J",2018,"BMW","330E","PHEV",0,14
"3MW39FS04P",2023,"BMW","330E","PHEV",0,20
"WBA8E1C37H",2017,"BMW","330E","PHEV",0,14
"WBA8E1C30H",2017,"BMW","330E","PHEV",0,14
"WBA5P9C06M",2021,"BMW","330E","PHEV",0,20
"3MW5P9J05N",2022,"BMW","330E","PHEV",0,22
"WBA8E1C5XG",2016,"BMW","330E","PHEV",0,14
"3MW39FS07P",2023,"BMW","330E","PHEV",0,20
"3MW5P9J0XN",2022,"BMW","330E","PHEV",0,22
"3MW39FF03P",2023,"BMW","330E","PHEV",0,22
"3MW5P9J08N",2022,"BMW","330E","PHEV",0,22
"3MW39FS05R",2024,"BMW","330E","PHEV",0,20
"WBA8E1C54H",2017,"BMW","330E","PHEV",0,14
"3MW5P7J0XN",2022,"BMW","330E","PHEV",0,22
"WBA8E1C39H",2017,"BMW","330E","PHEV",0,14
"WBA8E1C57H",2017,"BMW","330E","PHEV",0,14
"3MW39FF01P",2023,"BMW","330E","PHEV",0,22
"3MW5P9J00N",2022,"BMW","330E","PHEV",0,22
"WBA8E1C53H",2017,"BMW","330E","PHEV",0,14
"WBA8E1C50J",2018,"BMW","330E","PHEV",0,14
"3MW39FS00R",2024,"BMW","330E","PHEV",0,20
"3MW5P9J01N",2022,"BMW","330E","PHEV",0,22
"3MW5P9J08M",2021,"BMW","330E","PHEV",0,20
"3MW5P7J00N",2022,"BMW","330E","PHEV",0,22
"3MW39FS03P",2023,"BMW","330E","PHEV",0,20
"WBA5P9C00M",2021,"BMW","330E","PHEV",0,20
"WBA8E1C54G",2016,"BMW","330E","PHEV",0,14
"3MW39FS09P",2023,"BMW","330E","PHEV",0,20
"3MW39FS06P",2023,"BMW","330E","PHEV",0,20
"WBA8E1C56J",2018,"BMW","330E","PHEV",0,14
"3MW5P7J02N",2022,"BMW","330E","PHEV",0,22
"WBA8E1C51H",2017,"BMW","330E","PHEV",0,14
"3MW39FS0XP",2023,"BMW","330E","PHEV",0,20
"3MW39FS03R",2024,"BMW","330E","PHEV",0,20
"WBA5P7C04M",2021,"BMW","330E","PHEV",0,22
"WBA8E1C53J",2018,"BMW","330E","PHEV",0,14
"3MW5P9J04N",2022,"BMW","330E","PHEV",0,22
"3MW5P7J09N",2022,"BMW","330E","PHEV",0,22
"3MW5P9J0XM",2021,"BMW","330E","PHEV",0,20
"3MW39FS09R",2024,"BMW","330E","PHEV",0,20
"WBA8E1C36H",2017,"BMW","330E","PHEV",0,14
"3MW5P7J00M",2021,"BMW","330E","PHEV",0,22
"3MW39FS06R",2024,"BMW","330E","PHEV",0,20
"3MW5P7J03M",2021,"BMW","330E","PHEV",0,22
"3MW5P7J08M",2021,"BMW","330E","PHEV",0,22
"WBA8E1C59H",2017,"BMW","330E","PHEV",0,14
"3MW5P9J09N",2022,"BMW","330E","PHEV",0,22
"3MW5P7J04N",2022,"BMW","330E","PHEV",0,22
"3MW5P7J0XM",2021,"BMW","330E","PHEV",0,22
"3MW5P9J07M",2021,"BMW","330E","PHEV",0,20
"3MW39FF07P",2023,"BMW","330E","PHEV",0,22
"WBA8E1C55J",2018,"BMW","330E","PHEV",0,14
"3MW39FF06P",2023,"BMW","330E","PHEV",0,22
"3MW39FS01R",2024,"BMW","330E","PHEV",0,20
"3MW39FF02P",2023,"BMW","330E","PHEV",0,22
"3MW5P9J02M",2021,"BMW","330E","PHEV",0,20
"WBA5P9C03M",2021,"BMW","330E","PHEV",0,20
"3MW5P7J05M",2021,"BMW","330E","PHEV",0,22
"3MW39FF03R",2024,"BMW","330E","PHEV",0,22
"WBA5P9C0XM",2021,"BMW","330E","PHEV",0,20
"3MW5P7J02M",2021,"BMW","330E","PHEV",0,22
"WBA8E1C38H",2017,"BMW","330E","PHEV",0,14
"3MW39FF00P",2023,"BMW","330E","PHEV",0,22
"WBA8E1C52J",2018,"BMW","330E","PHEV",0,14
"WBA8E1C32H",2017,"BMW","330E","PHEV",0,14
"WBA5P9C05M",2021,"BMW","330E","PHEV",0,20
"3MW5P9J09M",2021,"BMW","330E","PHEV",0,20
"WBA8E1C52G",2016,"BMW","330E","PHEV",0,14
"3MW5P7J06M",2021,"BMW","330E","PHEV",0,22
"3MW5P7J07N",2022,"BMW","330E","PHEV",0,22
"3MW5P9J05M",2021,"BMW","330E","PHEV",0,20
"3MW5P9J02N",2022,"BMW","330E","PHEV",0,22
"3MW39FF05P",2023,"BMW","330E","PHEV",0,22
"WBA8E1C56H",2017,"BMW","330E","PHEV",0,14
"WBA5P9C0XN",2022,"BMW","330E","PHEV",0,22
"3MW5P9J03N",2022,"BMW","330E","PHEV",0,22
"WBA8E1C31H",2017,"BMW","330E","PHEV",0,14
"3MW5P7J06N",2022,"BMW","330E","PHEV",0,22
"WBA8E1C5XH",2017,"BMW","330E","PHEV",0,14
"WBA8E1C53G",2016,"BMW","330E","PHEV",0,14
"3MW39FS02R",2024,"BMW","330E","PHEV",0,20
"WBA5P7C01N",2022,"BMW","330E","PHEV",0,22
"3MW5P7J01N",2022,"BMW","330E","PHEV",0,22
"WBA8E1C34H",2017,"BMW","330E","PHEV",0,14
"3MW39FF04P",2023,"BMW","330E","PHEV",0,22
"3MW5P9J06M",2021,"BMW","330E","PHEV",0,20
"3MW5P9J06N",2022,"BMW","330E","PHEV",0,22
"WBA8E1C50G",2016,"BMW","330E","PHEV",0,14
"3MW5P7J01M",2021,"BMW","330E","PHEV",0,22
"WBA5P9C06N",2022,"BMW","330E","PHEV",0,22
"WBA8E1C55H",2017,"BMW","330E","PHEV",0,14
"3MW5P7J05N",2022,"BMW","330E","PHEV",0,22
"WBA5P7C0XM",2021,"BMW","330E","PHEV",0,22
"WBA5P7C03M",2021,"BMW","330E","PHEV",0,22
"3MW39FF09P",2023,"BMW","330E","PHEV",0,22
"3MW5P9J07N",2022,"BMW","330E","PHEV",0,22
"WBA5P9C04M",2021,"BMW","330E","PHEV",0,20
"3MW39FF09R",2024,"BMW","330E","PHEV",0,22
"WBA5P7C06M",2021,"BMW","330E","PHEV",0,22
"3MW5P7J08N",2022,"BMW","330E","PHEV",0,22
"3MW5P9J01M",2021,"BMW","330E","PHEV",0,20
"3MW5P9J04M",2021,"BMW","330E","PHEV",0,20
"WBA5P7C08N",2022,"BMW","330E","PHEV",0,22
"3MW5P7J07M",2021,"BMW","330E","PHEV",0,22
"3MW39FS0XR",2024,"BMW","330E","PHEV",0,20
"3MW39FF08R",2024,"BMW","330E","PHEV",0,22
"WBA5P9C02M",2021,"BMW","330E","PHEV",0,20
"WBA5P9C07M",2021,"BMW","330E","PHEV",0,20
"WBA8E1C52H",2017,"BMW","330E","PHEV",0,14
"WBA5P9C08N",2022,"BMW","330E","PHEV",0,22
"WBA5P9C01M",2021,"BMW","330E","PHEV",0,20
"WBA8E1C50H",2017,"BMW","330E","PHEV",0,14
"WBA5P9C03N",2022,"BMW","330E","PHEV",0,22
"WBA5P9C02N",2022,"BMW","330E","PHEV",0,22
"WBA5P9C01N",2022,"BMW","330E","PHEV",0,22
"WBA5P9C04N",2022,"BMW","330E","PHEV",0,22
"3MW39FF06R",2024,"BMW","330E","PHEV",0,22
"WBA5P9C09M",2021,"BMW","330E","PHEV",0,20
"YV4BK0DP1L",2020,"VOLVO","XC60","PHEV",0,19
"YV4BR0DM0L",2020,"VOLVO","XC60","PHEV",0,19
"YV4BR0DM5L",2020,"VOLVO","XC60","PHEV",0,19
"YV4BK0DP0L",2020,"VOLVO","XC60","PHEV",0,19
"YV4BK0DP3L",2020,"VOLVO","XC60","PHEV",0,19
"YV4BK0DP2L",2020,"VOLVO","XC60","PHEV",0,19
"YV4BR0DM2L",2020,"VOLVO","XC60","PHEV",0,19
"YV4BR0DMXL",2020,"VOLVO","XC60","PHEV",0,19
"YV4BK0DP5L",2020,"VOLVO","XC60","PHEV",0,19
"YV4BK0DP8L",2020,"VOLVO","XC60","PHEV",0,19
"YV4BR0DM3L",2020,"VOLVO","XC60","PHEV",0,19
"YV4BK0DPXL",2020,"VOLVO","XC60","PHEV",0,19
"YV4BR0DM9L",2020,"VOLVO","XC60","PHEV",0,19
"YV4BR0DM8L",2020,"VOLVO","XC60","PHEV",0,19
"YV4BK0DP7L",2020,"VOLVO","XC60","PHEV",0,19
"YV4BR0DM4L",2020,"VOLVO","XC60","PHEV",0,19
"YV4BR0DLXK",2019,"VOLVO","XC60","PHEV",0,17
"YV4BR0DL7J",2018,"VOLVO","XC60","PHEV",0,17
"LYVBR0DM0K",2019,"VOLVO","XC60","PHEV",0,17
"LYVBR0DL6K",2019,"VOLVO","XC60","PHEV",0,17
"YV4BR0DL6J",2018,"VOLVO","XC60","PHEV",0,17
"YV4BR0DM4J",2018,"VOLVO","XC60","PHEV",0,17
"LYVBR0DM3K",2019,"VOLVO","XC60","PHEV",0,17
"LYVBR0DMXK",2019,"VOLVO","XC60","PHEV",0,17
"YV4BR0DM4K",2019,"VOLVO","XC60","PHEV",0,17
"LYVBR0DL0J",2018,"VOLVO","XC60","PHEV",0,17
"LYVBR0DM4K",2019,"VOLVO","XC60","PHEV",0,17
"YV4BR0DL3J",2018,"VOLVO","XC60","PHEV",0,17
"YV4BR0DL4J",2018,"VOLVO","XC60","PHEV",0,17
"LYVBR0DM6K",2019,"VOLVO","XC60","PHEV",0,17
"YV4BR0DL2K",2019,"VOLVO","XC60","PHEV",0,17
"YV4BR0DM1K",2019,"VOLVO","XC60","PHEV",0,17
"LYVBR0DL0K",2019,"VOLVO","XC60","PHEV",0,17
"YV4BR0DK3K",2019,"VOLVO","XC60","PHEV",0,17
"LYVBR0DMXJ",2018,"VOLVO","XC60","PHEV",0,17
"YV4BR0DL0J",2018,"VOLVO","XC60","PHEV",0,17
"LYVBR0DL5J",2018,"VOLVO","XC60","PHEV",0,17
"LYVBR0DM5J",2018,"VOLVO","XC60","PHEV",0,17
"LYVBR0DL6J",2018,"VOLVO","XC60","PHEV",0,17
"LYVBR0DL9K",2019,"VOLVO","XC60","PHEV",0,17
"LYVBR0DL3K",2019,"VOLVO","XC60","PHEV",0,17
"LYVBR0DK5K",2019,"VOLVO","XC60","PHEV",0,17
"LYVBR0DK8K",2019,"VOLVO","XC60","PHEV",0,17
"LYVBR0DK2K",2019,"VOLVO","XC60","PHEV",0,17
"YV4BR0DK7J",2018,"VOLVO","XC60","PHEV",0,17
"LYVBR0DLXK",2019,"VOLVO","XC60","PHEV",0,17
"LYVBR0DM2J",2018,"VOLVO","XC60","PHEV",0,17
"LYVBR0DL2J",2018,"VOLVO","XC60","PHEV",0,17
"LYVBR0DK0J",2018,"VOLVO","XC60","PHEV",0,17
"YV4BR0DLXJ",2018,"VOLVO","XC60","PHEV",0,17
"LYVBR0DM5K",2019,"VOLVO","XC60","PHEV",0,17
"YV4BR0DL1J",2018,"VOLVO","XC60","PHEV",0,17
"LYVBR0DM7K",2019,"VOLVO","XC60","PHEV",0,17
"YV4BR0DK3J",2018,"VOLVO","XC60","PHEV",0,17
"LYVBR0DL4J",2018,"VOLVO","XC60","PHEV",0,17
"LYVBR0DL8J",2018,"VOLVO","XC60","PHEV",0,17
"LYVBR0DK1K",2019,"VOLVO","XC60","PHEV",0,17
"LYVBR0DL3J",2018,"VOLVO","XC60","PHEV",0,17
"LYVBR0DL2K",2019,"VOLVO","XC60","PHEV",0,17
"LYVBR0DL5K",2019,"VOLVO","XC60","PHEV",0,17
"YV4BR0DK2J",2018,"VOLVO","XC60","PHEV",0,17
"LYVBR0DL1J",2018,"VOLVO","XC60","PHEV",0,17
"LYVBR0DLXJ",2018,"VOLVO","XC60","PHEV",0,17
"YV4BR0DM2J",2018,"VOLVO","XC60","PHEV",0,17
"YV4BR0DM0J",2018,"VOLVO","XC60","PHEV",0,17
"LYVBR0DK7K",2019,"VOLVO","XC60","PHEV",0,17
"YV4BR0DL8J",2018,"VOLVO","XC60","PHEV",0,17
"YV4BR0DL4K",2019,"VOLVO","XC60","PHEV",0,17
"YV4BR0DL9J",2018,"VOLVO","XC60","PHEV",0,17
"LYVBR0DL7K",2019,"VOLVO","XC60","PHEV",0,17
"YV4BR0DL6K",2019,"VOLVO","XC60","PHEV",0,17
"YV4BR0DL8K",2019,"VOLVO","XC60","PHEV",0,17
"LYVBR0DM2K",2019,"VOLVO","XC60","PHEV",0,17
"LYVBR0DL1K",2019,"VOLVO","XC60","PHEV",0,17
"LYVBR0DL8K",2019,"VOLVO","XC60","PHEV",0,17
"LYVBR0DM8K",2019,"VOLVO","XC60","PHEV",0,17
"YV4BR0DM2K",2019,"VOLVO","XC60","PHEV",0,17
"LYVBR0DL9J",2018,"VOLVO","XC60","PHEV",0,17
"LYVBR0DL4K",2019,"VOLVO","XC60","PHEV",0,17
"LYVBR0DL7J",2018,"VOLVO","XC60","PHEV",0,17
"YV4BR0DK7K",2019,"VOLVO","XC60","PHEV",0,17
"LYVBR0DK7J",2018,"VOLVO","XC60","PHEV",0,17
"LYVBR0DK6K",2019,"VOLVO","XC60","PHEV",0,17
"YV4BR0DM3J",2018,"VOLVO","XC60","PHEV",0,17
"LYVBR0DK9K",2019,"VOLVO","XC60","PHEV",0,17
"YV4BR0DM1J",2018,"VOLVO","XC60","PHEV",0,17
"YV4BR0DL5J",2018,"VOLVO","XC60","PHEV",0,17
"YV4BR0DM5J",2018,"VOLVO","XC60","PHEV",0,17
"YV4BR0DMXJ",2018,"VOLVO","XC60","PHEV",0,17
"LYVBR0DK4K",2019,"VOLVO","XC60","PHEV",0,17
"LYVBR0DM1K",2019,"VOLVO","XC60","PHEV",0,17
"YV4BR0DL0K",2019,"VOLVO","XC60","PHEV",0,17
"YV4BR0DM9J",2018,"VOLVO","XC60","PHEV",0,17
"LYVBR0DM9K",2019,"VOLVO","XC60","PHEV",0,17
"LYVBR0DK4J",2018,"VOLVO","XC60","PHEV",0,17
"YV4BR0DM3K",2019,"VOLVO","XC60","PHEV",0,17
"YV4BR0DK9J",2018,"VOLVO","XC60","PHEV",0,17
"YV4BR0DL2J",2018,"VOLVO","XC60","PHEV",0,17
"LYVBR0DM3J",2018,"VOLVO","XC60","PHEV",0,17
"YV4BR0DM9K",2019,"VOLVO","XC60","PHEV",0,17
"YV4BR0DK6J",2018,"VOLVO","XC60","PHEV",0,17
"YV4BR0DK0J",2018,"VOLVO","XC60","PHEV",0,17
"LYVBR0DK3J",2018,"VOLVO","XC60","PHEV",0,17
"LYVBR0DK3K",2019,"VOLVO","XC60","PHEV",0,17
"YV4BR0DK8J",2018,"VOLVO","XC60","PHEV",0,17
"YV4BR0DL4L",2020,"VOLVO","XC60","PHEV",0,18
"YV4BR0DZXN",2022,"VOLVO","XC60","PHEV",0,18
"YV4BR0DL3M",2021,"VOLVO","XC60","PHEV",0,18
"YV4BR0DL2M",2021,"VOLVO","XC60","PHEV",0,18
"YV4BR0DL7L",2020,"VOLVO","XC60","PHEV",0,18
"YV4BR0DMXM",2021,"VOLVO","XC60","PHEV",0,18
"YV4BR0DK0M",2021,"VOLVO","XC60","PHEV",0,18
"YV4BR0DK6M",2021,"VOLVO","XC60","PHEV",0,18
"YV4BR0DKXM",2021,"VOLVO","XC60","PHEV",0,18
"YV4BR0DL2N",2022,"VOLVO","XC60","PHEV",0,18
"YV4BR0DK2M",2021,"VOLVO","XC60","PHEV",0,18
"YV4BR0DL7N",2022,"VOLVO","XC60","PHEV",0,18
"YV4BR0DK3M",2021,"VOLVO","XC60","PHEV",0,18
"YV4BR0DK9M",2021,"VOLVO","XC60","PHEV",0,18
"YV4BR0DK7M",2021,"VOLVO","XC60","PHEV",0,18
"YV4BR0DL4N",2022,"VOLVO","XC60","PHEV",0,18
"YV4BR0DL9L",2020,"VOLVO","XC60","PHEV",0,18
"YV4BR0DL2L",2020,"VOLVO","XC60","PHEV",0,18
"YV4BR0DM1N",2022,"VOLVO","XC60","PHEV",0,18
"YV4BR0DL0M",2021,"VOLVO","XC60","PHEV",0,18
"YV4BR0DK8M",2021,"VOLVO","XC60","PHEV",0,18
"YV4BR0DL1M",2021,"VOLVO","XC60","PHEV",0,18
"YV4BK0DP0M",2021,"VOLVO","XC60","PHEV",0,18
"YV4BR0DL8M",2021,"VOLVO","XC60","PHEV",0,18
"YV4BR0DM3N",2022,"VOLVO","XC60","PHEV",0,18
"YV4BR0DL3N",2022,"VOLVO","XC60","PHEV",0,18
"YV4BR0DM7N",2022,"VOLVO","XC60","PHEV",0,18
"YV4BR0DK1M",2021,"VOLVO","XC60","PHEV",0,18
"YV4BR0DM4M",2021,"VOLVO","XC60","PHEV",0,18
"YV4BR0DL1N",2022,"VOLVO","XC60","PHEV",0,18
"YV4BR0DL1L",2020,"VOLVO","XC60","PHEV",0,18
"YV4BR0DM3M",2021,"VOLVO","XC60","PHEV",0,18
"YV4BR0DL9N",2022,"VOLVO","XC60","PHEV",0,18
"YV4BR0DK4L",2020,"VOLVO","XC60","PHEV",0,18
"YV4BR0DK7N",2022,"VOLVO","XC60","PHEV",0,18
"YV4BR0DM2M",2021,"VOLVO","XC60","PHEV",0,18
"YV4BR0DL5N",2022,"VOLVO","XC60","PHEV",0,18
"YV4BR0DK1L",2020,"VOLVO","XC60","PHEV",0,18
"YV4BR0DM9M",2021,"VOLVO","XC60","PHEV",0,18
"YV4BR0DL0N",2022,"VOLVO","XC60","PHEV",0,18
"YV4BR0DLXM",2021,"VOLVO","XC60","PHEV",0,18
"YV4BR0DK4M",2021,"VOLVO","XC60","PHEV",0,18
"YV4BR0DK9N",2022,"VOLVO","XC60","PHEV",0,18
"YV4BR0DL9M",2021,"VOLVO","XC60","PHEV",0,18
"YV4BR0DM4N",2022,"VOLVO","XC60","PHEV",0,18
"YV4BR0DL6M",2021,"VOLVO","XC60","PHEV",0,18
"YV4BR0DZ7N",2022,"VOLVO","XC60","PHEV",0,18
"YV4BR0DLXN",2022,"VOLVO","XC60","PHEV",0,18
"YV4BR0DL4M",2021,"VOLVO","XC60","PHEV",0,18
"YV4BR0DL3L",2020,"VOLVO","XC60","PHEV",0,18
"YV4BR0DM9N",2022,"VOLVO","XC60","PHEV",0,18
"YV4BR0DM6M",2021,"VOLVO","XC60","PHEV",0,18
"YV4BR0DZ9N",2022,"VOLVO","XC60","PHEV",0,18
"YV4BR0DM5M",2021,"VOLVO","XC60","PHEV",0,18
"YV4BK0DP8M",2021,"VOLVO","XC60","PHEV",0,18
"YV4BR0DL0L",2020,"VOLVO","XC60","PHEV",0,18
"YV4BR0DL8L",2020,"VOLVO","XC60","PHEV",0,18
"YV4BR0DK2L",2020,"VOLVO","XC60","PHEV",0,18
"YV4BR0DM0M",2021,"VOLVO","XC60","PHEV",0,18
"YV4BR0DM6N",2022,"VOLVO","XC60","PHEV",0,18
"YV4BR0DM5N",2022,"VOLVO","XC60","PHEV",0,18
"YV4BR0DZ2N",2022,"VOLVO","XC60","PHEV",0,18
"YV4BK0DP3M",2021,"VOLVO","XC60","PHEV",0,18
"YV4BR0DK5M",2021,"VOLVO","XC60","PHEV",0,18
"YV4BR0DK5L",2020,"VOLVO","XC60","PHEV",0,18
"YV4BR0DK6L",2020,"VOLVO","XC60","PHEV",0,18
"YV4BR0DM7M",2021,"VOLVO","XC60","PHEV",0,18
"YV4BR0DL5M",2021,"VOLVO","XC60","PHEV",0,18
"YV4BR0DMXN",2022,"VOLVO","XC60","PHEV",0,18
"YV4BR0DL8N",2022,"VOLVO","XC60","PHEV",0,18
"YV4BK0DP1M",2021,"VOLVO","XC60","PHEV",0,18
"YV4BR0DL6N",2022,"VOLVO","XC60","PHEV",0,18
"YV4BR0DK4N",2022,"VOLVO","XC60","PHEV",0,18
"YV4BK0DP9M",2021,"VOLVO","XC60","PHEV",0,18
"YV4BR0DL6L",2020,"VOLVO","XC60","PHEV",0,18
"YV4BR0DK9L",2020,"VOLVO","XC60","PHEV",0,18
"YV4BR0DK7L",2020,"VOLVO","XC60","PHEV",0,18
"YV4BR0DZ3N",2022,"VOLVO","XC60","PHEV",0,18
"YV4BR0DM2N",2022,"VOLVO","XC60","PHEV",0,18
"YV4BR0DZ6N",2022,"VOLVO","XC60","PHEV",0,18
"YV4BR0DZ5N",2022,"VOLVO","XC60","PHEV",0,18
"YV4BR0DM8N",2022,"VOLVO","XC60","PHEV",0,18
"YV4BR0DK3L",2020,"VOLVO","XC60","PHEV",0,18
"YV4BK0DP2M",2021,"VOLVO","XC60","PHEV",0,18
"YV4BR0DKXL",2020,"VOLVO","XC60","PHEV",0,18
"YV4BR0DM8M",2021,"VOLVO","XC60","PHEV",0,18
"YV4BR0DK0L",2020,"VOLVO","XC60","PHEV",0,18
"YV4BR0DM0N",2022,"VOLVO","XC60","PHEV",0,18
"YV4BR0DL5L",2020,"VOLVO","XC60","PHEV",0,18
"YV4BR0DZ8N",2022,"VOLVO","XC60","PHEV",0,18
"YV4BK0DP7M",2021,"VOLVO","XC60","PHEV",0,18
"YV4BR0DK2N",2022,"VOLVO","XC60","PHEV",0,18
"YV4BR0DLXL",2020,"VOLVO","XC60","PHEV",0,18
"YV4BR0DM1M",2021,"VOLVO","XC60","PHEV",0,18
"YV4BR0DK8L",2020,"VOLVO","XC60","PHEV",0,18
"YV4BR0DZ1N",2022,"VOLVO","XC60","PHEV",0,18
"YV4BR0DZ4N",2022,"VOLVO","XC60","PHEV",0,18
"YV4BK0DP6M",2021,"VOLVO","XC60","PHEV",0,18
"YV1BK0DP5N",2022,"VOLVO","XC60","PHEV",0,18
"YV4BR0DL7M",2021,"VOLVO","XC60","PHEV",0,18
"YV4BR0DK0N",2022,"VOLVO","XC60","PHEV",0,18
"YV1BK0DP8N",2022,"VOLVO","XC60","PHEV",0,18
"YV4BK0DP5M",2021,"VOLVO","XC60","PHEV",0,18
"YV4BR0DZ0N",2022,"VOLVO","XC60","PHEV",0,18
"7JRBR0FM3L",2020,"VOLVO","S60","PHEV",0,22
"7JRBR0FM0L",2020,"VOLVO","S60","PHEV",0,22
"YV1BK0EP0M",2021,"VOLVO","V60","PHEV",0,22
"7JRBR0FM0N",2022,"VOLVO","S60","PHEV",0,22
"YV1BK0EP0L",2020,"VOLVO","V60","PHEV",0,22
"7JRBR0FL7N",2022,"VOLVO","S60","PHEV",0,22
"7JRBR0FZ3N",2022,"VOLVO","S60","PHEV",0,22
"7JRBR0FL3M",2021,"VOLVO","S60","PHEV",0,22
"7JRBR0FZ9N",2022,"VOLVO","S60","PHEV",0,22
"7JRBR0FL7L",2020,"VOLVO","S60","PHEV",0,22
"7JRBR0FL8K",2019,"VOLVO","S60","PHEV",0,22
"7JRBR0FL9M",2021,"VOLVO","S60","PHEV",0,22
"7JRBR0FZ8M",2021,"VOLVO","S60","PHEV",0,22
"7JRBR0FM5M",2021,"VOLVO","S60","PHEV",0,22
"7JRBR0FL4N",2022,"VOLVO","S60","PHEV",0,22
"7JRBR0FM0K",2019,"VOLVO","S60","PHEV",0,22
"7JRBK0FP0M",2021,"VOLVO","S60","PHEV",0,22
"7JRBR0FL8M",2021,"VOLVO","S60","PHEV",0,22
"7JRBR0FM9N",2022,"VOLVO","S60","PHEV",0,22
"7JRBR0FL3N",2022,"VOLVO","S60","PHEV",0,22
"7JRBR0FZ6N",2022,"VOLVO","S60","PHEV",0,22
"7JRBR0FL9N",2022,"VOLVO","S60","PHEV",0,22
"7JRBR0FM9M",2021,"VOLVO","S60","PHEV",0,22
"YV1BK0EP1M",2021,"VOLVO","V60","PHEV",0,22
"7JRBR0FLXL",2020,"VOLVO","S60","PHEV",0,22
"7JRBR0FLXN",2022,"VOLVO","S60","PHEV",0,22
"7JRBR0FZ4N",2022,"VOLVO","S60","PHEV",0,22
"YV1BK0EP2M",2021,"VOLVO","V60","PHEV",0,22
"7JRBR0FM3N",2022,"VOLVO","S60","PHEV",0,22
"7JRBR0FZXN",2022,"VOLVO","S60","PHEV",0,22
"7JRBR0FM7M",2021,"VOLVO","S60","PHEV",0,22
"7JRBK0FP6L",2020,"VOLVO","S60","PHEV",0,22
"7JRBR0FL7M",2021,"VOLVO","S60","PHEV",0,22
"YV1BK0EP9M",2021,"VOLVO","V60","PHEV",0,22
"7JRBR0FZ9M",2021,"VOLVO","S60","PHEV",0,22
"7JRBR0FZ5M",2021,"VOLVO","S60","PHEV",0,22
"7JRBR0FZ0N",2022,"VOLVO","S60","PHEV",0,22
"7JRBR0FZ2N",2022,"VOLVO","S60","PHEV",0,22
"7JRBR0FZ2M",2021,"VOLVO","S60","PHEV",0,22
"7JRBR0FM6N",2022,"VOLVO","S60","PHEV",0,22
"7JRBR0FL3K",2019,"VOLVO","S60","PHEV",0,22
"7JRBR0FL8L",2020,"VOLVO","S60","PHEV",0,22
"YV1BK0EP2L",2020,"VOLVO","V60","PHEV",0,22
"7JRBR0FM0M",2021,"VOLVO","S60","PHEV",0,22
"7JRBR0FM1M",2021,"VOLVO","S60","PHEV",0,22
"7JRBR0FZ7N",2022,"VOLVO","S60","PHEV",0,22
"7JRBK0FP7L",2020,"VOLVO","S60","PHEV",0,22
"7JRBR0FM8M",2021,"VOLVO","S60","PHEV",0,22
"YV1BK0EP2N",2022,"VOLVO","V60","PHEV",0,22
"YV1BK0EP4M",2021,"VOLVO","V60","PHEV",0,22
"7JRBR0FL4L",2020,"VOLVO","S60","PHEV",0,22
"7JRBR0FZ7M",2021,"VOLVO","S60","PHEV",0,22
"7JRBR0FZXM",2021,"VOLVO","S60","PHEV",0,22
"7JRBR0FZ5N",2022,"VOLVO","S60","PHEV",0,22
"YV1BK0EPXL",2020,"VOLVO","V60","PHEV",0,22
"7JRBR0FL6M",2021,"VOLVO","S60","PHEV",0,22
"7JRBR0FM6L",2020,"VOLVO","S60","PHEV",0,22
"7JRBR0FM7L",2020,"VOLVO","S60","PHEV",0,22
"YV1BK0EP9L",2020,"VOLVO","V60","PHEV",0,22
"7JRBR0FL1M",2021,"VOLVO","S60","PHEV",0,22
"7JRBR0FL4M",2021,"VOLVO","S60","PHEV",0,22
"7JRBR0FM6M",2021,"VOLVO","S60","PHEV",0,22
"7JRBR0FL9K",2019,"VOLVO","S60","PHEV",0,22
"7JRBR0FL0L",2020,"VOLVO","S60","PHEV",0,22
"7JRBR0FL1N",2022,"VOLVO","S60","PHEV",0,22
"7JRBR0FL0K",2019,"VOLVO","S60","PHEV",0,22
"YV1BK0EP7L",2020,"VOLVO","V60","PHEV",0,22
"7JRBR0FM3M",2021,"VOLVO","S60","PHEV",0,22
"7JRBR0FM2M",2021,"VOLVO","S60","PHEV",0,22
"LVYBR0AL2K",2019,"VOLVO","S90","PHEV",0,21
"LVYBR0AL3J",2018,"VOLVO","S90","PHEV",0,21
"LVYBC0ALXJ",2018,"VOLVO","S90","PHEV",0,21
"LVYBC0AL3J",2018,"VOLVO","S90","PHEV",0,21
"LVYBR0AL1K",2019,"VOLVO","S90","PHEV",0,21
"LVYBC0AL1J",2018,"VOLVO","S90","PHEV",0,21
"LVYBR0AL4K",2019,"VOLVO","S90","PHEV",0,21
"LVYBR0AT0L",2020,"VOLVO","S90","PHEV",0,21
"LVYBR0AL0J",2018,"VOLVO","S90","PHEV",0,21
"LVYBR0AL6L",2020,"VOLVO","S90","PHEV",0,21
"LVYBC0AL2J",2018,"VOLVO","S90","PHEV",0,21
"LVYBR0ALXJ",2018,"VOLVO","S90","PHEV",0,21
"LVYBR0AL5L",2020,"VOLVO","S90","PHEV",0,21
"LVYBR0AL6K",2019,"VOLVO","S90","PHEV",0,21
"LVYBC0AL4J",2018,"VOLVO","S90","PHEV",0,21
"LVYBR0AL3K",2019,"VOLVO","S90","PHEV",0,21
"LVYBC0AL8J",2018,"VOLVO","S90","PHEV",0,21
"LVYBC0AL7J",2018,"VOLVO","S90","PHEV",0,21
"LVYBC0AL9J",2018,"VOLVO","S90","PHEV",0,21
"LVYBC0AL0J",2018,"VOLVO","S90","PHEV",0,21
"YV4BR0PKXJ",2018,"VOLVO","XC90","PHEV",0,19
"YV4BC0PL8G",2016,"VOLVO","XC90","PHEV",0,13
"YV4BC0PL3H",2017,"VOLVO","XC90","PHEV",0,14
"YV4BR0CL3K",2019,"VOLVO","XC90","PHEV",0,17
"YV4BR0PMXJ",2018,"VOLVO","XC90","PHEV",0,19
"YV4BR0PM1J",2018,"VOLVO","XC90","PHEV",0,19
"YV4BR0CL7K",2019,"VOLVO","XC90","PHEV",0,17
"YV4BC0PL0G",2016,"VOLVO","XC90","PHEV",0,13
"YV4BC0PM8H",2017,"VOLVO","XC90","PHEV",0,14
"YV4BC0PLXG",2016,"VOLVO","XC90","PHEV",0,13
"YV4BR0PL2J",2018,"VOLVO","XC90","PHEV",0,19
"YV4BR0CM5K",2019,"VOLVO","XC90","PHEV",0,17
"YV4BR0CK7K",2019,"VOLVO","XC90","PHEV",0,17
"YV4BC0PL1G",2016,"VOLVO","XC90","PHEV",0,13
"YV4BC0PM2G",2016,"VOLVO","XC90","PHEV",0,13
"YV4BC0PM5H",2017,"VOLVO","XC90","PHEV",0,14
"YV4BC0PK0G",2016,"VOLVO","XC90","PHEV",0,13
"YV4BR0CK2K",2019,"VOLVO","XC90","PHEV",0,17
"YV4BR0PL4J",2018,"VOLVO","XC90","PHEV",0,19
"YV4BR0CL9K",2019,"VOLVO","XC90","PHEV",0,17
"YV4BR0PM2J",2018,"VOLVO","XC90","PHEV",0,19
"YV4BR0CK0K",2019,"VOLVO","XC90","PHEV",0,17
"YV4BR0CLXK",2019,"VOLVO","XC90","PHEV",0,17
"YV4BR0PL9J",2018,"VOLVO","XC90","PHEV",0,19
"YV4BC0PL3G",2016,"VOLVO","XC90","PHEV",0,13
"YV4BR0PL6J",2018,"VOLVO","XC90","PHEV",0,19
"YV4BR0PL3J",2018,"VOLVO","XC90","PHEV",0,19
"YV4BR0CL6K",2019,"VOLVO","XC90","PHEV",0,17
"YV4BC0PK7G",2016,"VOLVO","XC90","PHEV",0,13
"YV4BR0PL5J",2018,"VOLVO","XC90","PHEV",0,19
"YV4BC0PM9H",2017,"VOLVO","XC90","PHEV",0,14
"YV4BR0PK0J",2018,"VOLVO","XC90","PHEV",0,19
"YV4BR0CK3K",2019,"VOLVO","XC90","PHEV",0,17
"YV4BC0PM3G",2016,"VOLVO","XC90","PHEV",0,13
"YV4BC0PM7H",2017,"VOLVO","XC90","PHEV",0,14
"YV4BC0PL5H",2017,"VOLVO","XC90","PHEV",0,14
"YV4BR0PL0J",2018,"VOLVO","XC90","PHEV",0,19
"YV4BC0PM8G",2016,"VOLVO","XC90","PHEV",0,13
"YV4BC0PL7H",2017,"VOLVO","XC90","PHEV",0,14
"YV4BR0PK2J",2018,"VOLVO","XC90","PHEV",0,19
"YV4BC0ZXXH",2017,"VOLVO","XC90","PHEV",0,14
"YV4BC0PL5G",2016,"VOLVO","XC90","PHEV",0,13
"YV4BC0PMXH",2017,"VOLVO","XC90","PHEV",0,14
"YV4BC0PK6G",2016,"VOLVO","XC90","PHEV",0,13
"YV4BC0PL9G",2016,"VOLVO","XC90","PHEV",0,13
"YV4BR0CL1K",2019,"VOLVO","XC90","PHEV",0,17
"YV4BC0PK9G",2016,"VOLVO","XC90","PHEV",0,13
"YV4BC0PL6H",2017,"VOLVO","XC90","PHEV",0,14
"YV4BC0PK5G",2016,"VOLVO","XC90","PHEV",0,13
"YV4BR0PK3J",2018,"VOLVO","XC90","PHEV",0,19
"YV4BC0PL7G",2016,"VOLVO","XC90","PHEV",0,13
"YV4BR0CL0K",2019,"VOLVO","XC90","PHEV",0,17
"YV4BR0PLXJ",2018,"VOLVO","XC90","PHEV",0,19
"YV4BC0PL1H",2017,"VOLVO","XC90","PHEV",0,14
"YV4BR0PK9J",2018,"VOLVO","XC90","PHEV",0,19
"YV4BC0PL4G",2016,"VOLVO","XC90","PHEV",0,13
"YV4BR0CL2K",2019,"VOLVO","XC90","PHEV",0,17
"YV4BC0PL2H",2017,"VOLVO","XC90","PHEV",0,14
"YV4BC0PK1G",2016,"VOLVO","XC90","PHEV",0,13
"YV4BC0PM1H",2017,"VOLVO","XC90","PHEV",0,14
"YV4BC0PLXH",2017,"VOLVO","XC90","PHEV",0,14
"YV4BC0ZX6H",2017,"VOLVO","XC90","PHEV",0,14
"YV4BC0PMXG",2016,"VOLVO","XC90","PHEV",0,13
"YV4BR0CMXK",2019,"VOLVO","XC90","PHEV",0,17
"YV4BR0PM8J",2018,"VOLVO","XC90","PHEV",0,19
"YV4BC0PK8G",2016,"VOLVO","XC90","PHEV",0,13
"YV4BC0PM4G",2016,"VOLVO","XC90","PHEV",0,13
"YV4BC0PL4H",2017,"VOLVO","XC90","PHEV",0,14
"YV4BC0PM6H",2017,"VOLVO","XC90","PHEV",0,14
"YV4BC0PK2G",2016,"VOLVO","XC90","PHEV",0,13
"YV4BR0PL7J",2018,"VOLVO","XC90","PHEV",0,19
"YV4BC0PM4H",2017,"VOLVO","XC90","PHEV",0,14
"YV4BC0PK4G",2016,"VOLVO","XC90","PHEV",0,13
"YV4BC0PM0H",2017,"VOLVO","XC90","PHEV",0,14
"YV4BC0PL0H",2017,"VOLVO","XC90","PHEV",0,14
"YV4BC0PM0G",2016,"VOLVO","XC90","PHEV",0,13
"YV4BC0PKXG",2016,"VOLVO","XC90","PHEV",0,13
"YV4BC0PL8H",2017,"VOLVO","XC90","PHEV",0,14
"YV4BR0CKXK",2019,"VOLVO","XC90","PHEV",0,17
"YV4BR0PK5J",2018,"VOLVO","XC90","PHEV",0,19
"YV4BC0PL9H",2017,"VOLVO","XC90","PHEV",0,14
"YV4BR0CL4K",2019,"VOLVO","XC90","PHEV",0,17
"YV4BR0CM4K",2019,"VOLVO","XC90","PHEV",0,17
"YV4BR0CL8K",2019,"VOLVO","XC90","PHEV",0,17
"YV4BC0PM9G",2016,"VOLVO","XC90","PHEV",0,13
"YV4BR0CM6K",2019,"VOLVO","XC90","PHEV",0,17
"YV4BR0PM9J",2018,"VOLVO","XC90","PHEV",0,19
"YV4BC0PM6G",2016,"VOLVO","XC90","PHEV",0,13
"YV4BR0CL5K",2019,"VOLVO","XC90","PHEV",0,17
"YV4BC0PL6G",2016,"VOLVO","XC90","PHEV",0,13
"YV4BC0PM5G",2016,"VOLVO","XC90","PHEV",0,13
"YV4BR0PM0J",2018,"VOLVO","XC90","PHEV",0,19
"YV4BR0CM7K",2019,"VOLVO","XC90","PHEV",0,17
"YV4BC0PM3H",2017,"VOLVO","XC90","PHEV",0,14
"YV4BR0PL1J",2018,"VOLVO","XC90","PHEV",0,19
"YV4BR0CM9K",2019,"VOLVO","XC90","PHEV",0,17
"YV4BR0CK9K",2019,"VOLVO","XC90","PHEV",0,17
"YV4BR0CK4K",2019,"VOLVO","XC90","PHEV",0,17
"YV4BC0ZX8H",2017,"VOLVO","XC90","PHEV",0,14
"YV4BR0PK1J",2018,"VOLVO","XC90","PHEV",0,19
"YV4BC0PM7G",2016,"VOLVO","XC90","PHEV",0,13
"YV4BC0PL2G",2016,"VOLVO","XC90","PHEV",0,13
"YV4BC0PM2H",2017,"VOLVO","XC90","PHEV",0,14
"YV4BR0PL8J",2018,"VOLVO","XC90","PHEV",0,19
"YV4BR0PM4J",2018,"VOLVO","XC90","PHEV",0,19
"YV4BR0CL5M",2021,"VOLVO","XC90","PHEV",0,18
"YV4BR0CL5L",2020,"VOLVO","XC90","PHEV",0,18
"YV4BR00L9L",2020,"VOLVO","XC90","PHEV",0,18
"YV4BR0CK6M",2021,"VOLVO","XC90","PHEV",0,18
"YV4BR0CL1M",2021,"VOLVO","XC90","PHEV",0,18
"YV4BR00K6M",2021,"VOLVO","XC90","PHEV",0,18
"YV4BR0CM8L",2020,"VOLVO","XC90","PHEV",0,18
"YV4BR0CK7M",2021,"VOLVO","XC90","PHEV",0,18
"YV4BR0CK2M",2021,"VOLVO","XC90","PHEV",0,18
"YV4BR0CK3M",2021,"VOLVO","XC90","PHEV",0,18
"YV4BR0CL1L",2020,"VOLVO","XC90","PHEV",0,18
"YV4BR0CL3M",2021,"VOLVO","XC90","PHEV",0,18
"YV4BR00K3M",2021,"VOLVO","XC90","PHEV",0,18
"YV4BR0CK6L",2020,"VOLVO","XC90","PHEV",0,18
"YV4BR00L5M",2021,"VOLVO","XC90","PHEV",0,18
"YV4BR0CK8M",2021,"VOLVO","XC90","PHEV",0,18
"YV4BR0CM2M",2021,"VOLVO","XC90","PHEV",0,18
"YV4BR0CL7L",2020,"VOLVO","XC90","PHEV",0,18
"YV4BR00K4M",2021,"VOLVO","XC90","PHEV",0,18
"YV4BR0CL8M",2021,"VOLVO","XC90","PHEV",0,18
"YV4BR00K8M",2021,"VOLVO","XC90","PHEV",0,18
"YV4BR00LXM",2021,"VOLVO","XC90","PHEV",0,18
"YV4BR0CKXM",2021,"VOLVO","XC90","PHEV",0,18
"YV4BR0CK1L",2020,"VOLVO","XC90","PHEV",0,18
"YV4BR0CL6M",2021,"VOLVO","XC90","PHEV",0,18
"YV4BR0CK9M",2021,"VOLVO","XC90","PHEV",0,18
"YV4BR0CM7M",2021,"VOLVO","XC90","PHEV",0,18
"YV4BR00L6L",2020,"VOLVO","XC90","PHEV",0,18
"YV4BR0CL4M",2021,"VOLVO","XC90","PHEV",0,18
"YV4BR00L3M",2021,"VOLVO","XC90","PHEV",0,18
"YV4BR00L0M",2021,"VOLVO","XC90","PHEV",0,18
"YV4BR0CL0M",2021,"VOLVO","XC90","PHEV",0,18
"YV4BR00K7M",2021,"VOLVO","XC90","PHEV",0,18
"YV4BR0CL7M",2021,"VOLVO","XC90","PHEV",0,18
"YV4BR0CK5M",2021,"VOLVO","XC90","PHEV",0,18
"YV4BR0CL6L",2020,"VOLVO","XC90","PHEV",0,18
"YV4BR0CK1M",2021,"VOLVO","XC90","PHEV",0,18
"YV4BR0CK0M",2021,"VOLVO","XC90","PHEV",0,18
"YV4BR00KXM",2021,"VOLVO","XC90","PHEV",0,18
"YV4BR0CL2M",2021,"VOLVO","XC90","PHEV",0,18
"YV4BR0CL9L",2020,"VOLVO","XC90","PHEV",0,18
"YV4BR0CK4M",2021,"VOLVO","XC90","PHEV",0,18
"YV4BR00K2L",2020,"VOLVO","XC90","PHEV",0,18
"YV4BR0CK5L",2020,"VOLVO","XC90","PHEV",0,18
"YV4BR00K1M",2021,"VOLVO","XC90","PHEV",0,18
"YV4BR00K9M",2021,"VOLVO","XC90","PHEV",0,18
"YV4BR00L2M",2021,"VOLVO","XC90","PHEV",0,18
"YV4BR0CL9M",2021,"VOLVO","XC90","PHEV",0,18
"YV4BR00K2M",2021,"VOLVO","XC90","PHEV",0,18
"YV4BR0CKXL",2020,"VOLVO","XC90","PHEV",0,18
"YV4BR00L6M",2021,"VOLVO","XC90","PHEV",0,18
"YV4BR00K0L",2020,"VOLVO","XC90","PHEV",0,18
"YV4BR00L7M",2021,"VOLVO","XC90","PHEV",0,18
"YV4BR0CL3L",2020,"VOLVO","XC90","PHEV",0,18
"YV4BR0CM0M",2021,"VOLVO","XC90","PHEV",0,18
"YV4BR00L1M",2021,"VOLVO","XC90","PHEV",0,18
"YV4BR00K5M",2021,"VOLVO","XC90","PHEV",0,18
"YV4BR0CLXM",2021,"VOLVO","XC90","PHEV",0,18
"YV4BR00L0L",2020,"VOLVO","XC90","PHEV",0,18
"YV4BR00K0M",2021,"VOLVO","XC90","PHEV",0,18
"YV4BR0CM1M",2021,"VOLVO","XC90","PHEV",0,18
"YV4BR0CM5L",2020,"VOLVO","XC90","PHEV",0,18
"YV4BR0CK7L",2020,"VOLVO","XC90","PHEV",0,18
"YV4BR0CM0L",2020,"VOLVO","XC90","PHEV",0,18
"YV4BR00K5L",2020,"VOLVO","XC90","PHEV",0,18
"YV4BR0CK9L",2020,"VOLVO","XC90","PHEV",0,18
"YV4BR00L8L",2020,"VOLVO","XC90","PHEV",0,18
"YV4BR0CL8L",2020,"VOLVO","XC90","PHEV",0,18
"YV4BR0CMXL",2020,"VOLVO","XC90","PHEV",0,18
"YV4BR00L5L",2020,"VOLVO","XC90","PHEV",0,18
"YV4BR0CM9L",2020,"VOLVO","XC90","PHEV",0,18
"YV4BR0CM4M",2021,"VOLVO","XC90","PHEV",0,18
"YV4BR00L3L",2020,"VOLVO","XC90","PHEV",0,18
"YV4BR00L9M",2021,"VOLVO","XC90","PHEV",0,18
"YV4BR0CK0L",2020,"VOLVO","XC90","PHEV",0,18
"YV4BR00L8M",2021,"VOLVO","XC90","PHEV",0,18
"YV4BR0CMXM",2021,"VOLVO","XC90","PHEV",0,18
"YV4BR00K8L",2020,"VOLVO","XC90","PHEV",0,18
"YV4BR0CM9M",2021,"VOLVO","XC90","PHEV",0,18
"YV4BR0CLXL",2020,"VOLVO","XC90","PHEV",0,18
"YV4BR0CL2L",2020,"VOLVO","XC90","PHEV",0,18
"YV4BR00K4L",2020,"VOLVO","XC90","PHEV",0,18
"YV4BR0CK2L",2020,"VOLVO","XC90","PHEV",0,18
"YV4BR00L2L",2020,"VOLVO","XC90","PHEV",0,18
"YV4BR00L1L",2020,"VOLVO","XC90","PHEV",0,18
"YV4BR0CM5M",2021,"VOLVO","XC90","PHEV",0,18
"YV4BR00K1L",2020,"VOLVO","XC90","PHEV",0,18
"YV4BR00K3L",2020,"VOLVO","XC90","PHEV",0,18
"YV4BR0CM4L",2020,"VOLVO","XC90","PHEV",0,18
"YV4BR0CM2L",2020,"VOLVO","XC90","PHEV",0,18
"YV4BR00LXL",2020,"VOLVO","XC90","PHEV",0,18
"YV4BR0CK8L",2020,"VOLVO","XC90","PHEV",0,18
"YV4BR0CL4L",2020,"VOLVO","XC90","PHEV",0,18
"YV4BR0CM3M",2021,"VOLVO","XC90","PHEV",0,18
"YV4BR0CL6N",2022,"VOLVO","XC90","PHEV",0,18
"YV4BR0CLXN",2022,"VOLVO","XC90","PHEV",0,18
"YV4BR00L2N",2022,"VOLVO","XC90","PHEV",0,18
"YV4BR0CZ5N",2022,"VOLVO","XC90","PHEV",0,18
"YV4BR0CZ2N",2022,"VOLVO","XC90","PHEV",0,18
"YV4BR0CM3N",2022,"VOLVO","XC90","PHEV",0,18
"YV4BR00L6N",2022,"VOLVO","XC90","PHEV",0,18
"YV4BR0CL0N",2022,"VOLVO","XC90","PHEV",0,18
"YV4BR0CZ1N",2022,"VOLVO","XC90","PHEV",0,18
"YV4BR0CZ3N",2022,"VOLVO","XC90","PHEV",0,18
"YV4BR0CL7N",2022,"VOLVO","XC90","PHEV",0,18
"YV4BR00L5N",2022,"VOLVO","XC90","PHEV",0,18
"YV4BR0CL8N",2022,"VOLVO","XC90","PHEV",0,18
"YV4BR0CZ9N",2022,"VOLVO","XC90","PHEV",0,18
"YV4BR0CL1N",2022,"VOLVO","XC90","PHEV",0,18
"YV4BR0CL3N",2022,"VOLVO","XC90","PHEV",0,18
"YV4BR00Z8N",2022,"VOLVO","XC90","PHEV",0,18
"YV4BR0CK9N",2022,"VOLVO","XC90","PHEV",0,18
"YV4BR0CZ4N",2022,"VOLVO","XC90","PHEV",0,18
"YV4BR00Z6N",2022,"VOLVO","XC90","PHEV",0,18
"YV4BR0CK4N",2022,"VOLVO","XC90","PHEV",0,18
"YV4BR00L4N",2022,"VOLVO","XC90","PHEV",0,18
"YV4BR00LXN",2022,"VOLVO","XC90","PHEV",0,18
"YV4BR00L0N",2022,"VOLVO","XC90","PHEV",0,18
"YV4BR0CZ6N",2022,"VOLVO","XC90","PHEV",0,18
"YV4BR0CL5N",2022,"VOLVO","XC90","PHEV",0,18
"YV4BR0CK0N",2022,"VOLVO","XC90","PHEV",0,18
"YV4BR0CL9N",2022,"VOLVO","XC90","PHEV",0,18
"YV4BR0CM9N",2022,"VOLVO","XC90","PHEV",0,18
"YV4BR0CM0N",2022,"VOLVO","XC90","PHEV",0,18
"YV4BR0CZ8N",2022,"VOLVO","XC90","PHEV",0,18
"YV4BR00L7N",2022,"VOLVO","XC90","PHEV",0,18
"YV4BR00Z5N",2022,"VOLVO","XC90","PHEV",0,18
"YV4BR0CZ0N",2022,"VOLVO","XC90","PHEV",0,18
"YV4BR00L8N",2022,"VOLVO","XC90","PHEV",0,18
"YV4BR00L1N",2022,"VOLVO","XC90","PHEV",0,18
"YV4BR0CKXN",2022,"VOLVO","XC90","PHEV",0,18
"YV4BR00Z2N",2022,"VOLVO","XC90","PHEV",0,18
"YV4BR0CK7N",2022,"VOLVO","XC90","PHEV",0,18
"YV4BR0CK2N",2022,"VOLVO","XC90","PHEV",0,18
"YV4BR00L9N",2022,"VOLVO","XC90","PHEV",0,18
"YV4BR00Z3N",2022,"VOLVO","XC90","PHEV",0,18
"YV4BR00L3N",2022,"VOLVO","XC90","PHEV",0,18
"YV4BR0CZXN",2022,"VOLVO","XC90","PHEV",0,18
"YV4BR0CL4N",2022,"VOLVO","XC90","PHEV",0,18
"YV4BR0CZ7N",2022,"VOLVO","XC90","PHEV",0,18
"YV4BR0CL2N",2022,"VOLVO","XC90","PHEV",0,18
"YV4BR0CK3N",2022,"VOLVO","XC90","PHEV",0,18
"YV4BR0CM8N",2022,"VOLVO","XC90","PHEV",0,18
"YV4BR0CM2N",2022,"VOLVO","XC90","PHEV",0,18
"YV4BR00Z0N",2022,"VOLVO","XC90","PHEV",0,18
"YV4BR0CK5N",2022,"VOLVO","XC90","PHEV",0,18
"YV4BR00K9N",2022,"VOLVO","XC90","PHEV",0,18
"YV4BR0CM6N",2022,"VOLVO","XC90","PHEV",0,18
"YV4BR0CM1N",2022,"VOLVO","XC90","PHEV",0,18
"YV4BR00ZXN",2022,"VOLVO","XC90","PHEV",0,18
"YV4BR0CM7N",2022,"VOLVO","XC90","PHEV",0,18
"YV4BR0CK6N",2022,"VOLVO","XC90","PHEV",0,18
"YV4BR00Z9N",2022,"VOLVO","XC90","PHEV",0,18
"YV4BR00Z7N",2022,"VOLVO","XC90","PHEV",0,18
"YV4BR0CM5N",2022,"VOLVO","XC90","PHEV",0,18
"YV4BR00K2N",2022,"VOLVO","XC90","PHEV",0,18
"YV4BR00Z4N",2022,"VOLVO","XC90","PHEV",0,18
"YV4BR0CM4N",2022,"VOLVO","XC90","PHEV",0,18
"WBY1Z2C59F",2015,"BMW","I3","BEV",1,81
"WBY1Z2C55E",2014,"BMW","I3","BEV",1,81
"WBY8P2C51K",2019,"BMW","I3","BEV",1,153
"WBY1Z6C56H",2017,"BMW","I3","BEV",1,81
"WBY8P8C51K",2019,"BMW","I3","PHEV",1,126
"WBY1Z2C50E",2014,"BMW","I3","BEV",1,81
"WBY1Z4C58E",2014,"BMW","I3","PHEV",1,72
"WBY7Z8C5XJ",2018,"BMW","I3","PHEV",1,97
"WBY1Z6C55H",2017,"BMW","I3","BEV",1,81
"WBY1Z4C51E",2014,"BMW","I3","PHEV",1,72
"WBY1Z8C54H",2017,"BMW","I3","PHEV",1,97
"WBY1Z8C31H",2017,"BMW","I3","PHEV",1,97
"WBY1Z8C36H",2017,"BMW","I3","PHEV",1,97
"WBY1Z6C39H",2017,"BMW","I3","BEV",1,81
"WBY1Z2C58F",2015,"BMW","I3","BEV",1,81
"WBY1Z8C33H",2017,"BMW","I3","PHEV",1,97
"WBY1Z4C51F",2015,"BMW","I3","PHEV",1,72
"WBY1Z4C5XG",2016,"BMW","I3","PHEV",1,72
"WBY7Z2C56J",2018,"BMW","I3","BEV",1,114
"WBY8P8C01M",2021,"BMW","I3","PHEV",1,153
"WBY1Z8C37H",2017,"BMW","I3","PHEV",1,97
"WBY7Z4C56J",2018,"BMW","I3","PHEV",1,97
"WBY8P4C51K",2019,"BMW","I3","PHEV",1,126
"WBY8P4C00L",2020,"BMW","I3","PHEV",1,126
"WBY8P8C09L",2020,"BMW","I3","PHEV",1,126
"WBY1Z2C58E",2014,"BMW","I3","BEV",1,81
"WBY7Z2C5XJ",2018,"BMW","I3","BEV",1,114
"WBY8P2C59K",2019,"BMW","I3","BEV",1,153
"WBY1Z8C51H",2017,"BMW","I3","PHEV",1,97
"WBY8P2C52K",2019,"BMW","I3","BEV",1,153
"WBY1Z4C52F",2015,"BMW","I3","PHEV",1,72
"WBY8P4C0XL",2020,"BMW","I3","PHEV",1,126
"WBY7Z2C50J",2018,"BMW","I3","BEV",1,114
"WBY1Z4C59F",2015,"BMW","I3","PHEV",1,72
"WBY1Z4C52E",2014,"BMW","I3","PHEV",1,72
"WBY1Z4C55E",2014,"BMW","I3","PHEV",1,72
"WBY7Z8C55J",2018,"BMW","I3","PHEV",1,97
"WBY1Z4C54F",2015,"BMW","I3","PHEV",1,72
"WBY1Z8C57H",2017,"BMW","I3","PHEV",1,97
"WBY1Z4C56F",2015,"BMW","I3","PHEV",1,72
"WBY1Z4C53G",2016,"BMW","I3","PHEV",1,72
"WBY1Z4C55G",2016,"BMW","I3","PHEV",1,72
"WBY1Z4C53F",2015,"BMW","I3","PHEV",1,72
"WBY1Z4C54G",2016,"BMW","I3","PHEV",1,72
"WBY1Z8C53H",2017,"BMW","I3","PHEV",1,97
"WBY1Z2C56F",2015,"BMW","I3","BEV",1,81
"WBY8P6C02L",2020,"BMW","I3","BEV",1,153
"WBY1Z4C50F",2015,"BMW","I3","PHEV",1,72
"WBY1Z2C59E",2014,"BMW","I3","BEV",1,81
"WBY1Z6C57H",2017,"BMW","I3","BEV",1,81
"WBY1Z4C50E",2014,"BMW","I3","PHEV",1,72
"WBY1Z4C50G",2016,"BMW","I3","PHEV",1,72
"WBY7Z4C50J",2018,"BMW","I3","PHEV",1,97
"WBY7Z4C53J",2018,"BMW","I3","PHEV",1,97
"WBY1Z2C50F",2015,"BMW","I3","BEV",1,81
"WBY1Z6C59H",2017,"BMW","I3","BEV",1,81
"WBY1Z8C35H",2017,"BMW","I3","PHEV",1,97
"WBY1Z4C57F",2015,"BMW","I3","PHEV",1,72
"WBY7Z2C55J",2018,"BMW","I3","BEV",1,114
"WBY7Z8C52J",2018,"BMW","I3","PHEV",1,97
"WBY8P2C04L",2020,"BMW","I3","BEV",1,153
"WBY1Z8C56H",2017,"BMW","I3","PHEV",1,97
"WBY1Z4C59E",2014,"BMW","I3","PHEV",1,72
"WBY8P4C03L",2020,"BMW","I3","PHEV",1,126
"WBY8P2C57K",2019,"BMW","I3","BEV",1,153
"WBY1Z8C3XH",2017,"BMW","I3","PHEV",1,97
"WBY8P4C07L",2020,"BMW","I3","PHEV",1,126
"WBY1Z6C33H",2017,"BMW","I3","BEV",1,81
"WBY1Z2C52G",2016,"BMW","I3","BEV",1,81
"WBY1Z4C55F",2015,"BMW","I3","PHEV",1,72
"WBY8P4C53K",2019,"BMW","I3","PHEV",1,126
"WBY1Z2C56E",2014,"BMW","I3","BEV",1,81
"WBY8P4C50K",2019,"BMW","I3","PHEV",1,126
"WBY1Z4C53E",2014,"BMW","I3","PHEV",1,72
"WBY7Z6C56J",2018,"BMW","I3","BEV",1,114
"WBY1Z4C56E",2014,"BMW","I3","PHEV",1,72
"WBY7Z8C53J",2018,"BMW","I3","PHEV",1,97
"WBY8P4C52K",2019,"BMW","I3","PHEV",1,126
"WBY1Z6C32H",2017,"BMW","I3","BEV",1,81
"WBY1Z4C57G",2016,"BMW","I3","PHEV",1,72
"WBY1Z4C57E",2014,"BMW","I3","PHEV",1,72
"WBY1Z2C51F",2015,"BMW","I3","BEV",1,81
"WBY1Z8C50H",2017,"BMW","I3","PHEV",1,97
"WBY8P6C05L",2020,"BMW","I3","BEV",1,153
"WBY8P4C55K",2019,"BMW","I3","PHEV",1,126
"WBY7Z4C5XJ",2018,"BMW","I3","PHEV",1,97
"WBY8P4C08L",2020,"BMW","I3","PHEV",1,126
"WBY8P8C03M",2021,"BMW","I3","PHEV",1,153
"WBY7Z8C56J",2018,"BMW","I3","PHEV",1,97
"WBY1Z8C30H",2017,"BMW","I3","PHEV",1,97
"WBY8P2C58K",2019,"BMW","I3","BEV",1,153
"WBY7Z4C54J",2018,"BMW","I3","PHEV",1,97
"WBY7Z2C53J",2018,"BMW","I3","BEV",1,114
"WBY7Z8C57J",2018,"BMW","I3","PHEV",1,97
"WBY8P8C50K",2019,"BMW","I3","PHEV",1,126
"WBY1Z6C38H",2017,"BMW","I3","BEV",1,81
"WBY1Z2C52F",2015,"BMW","I3","BEV",1,81
"WBY1Z6C37H",2017,"BMW","I3","BEV",1,81
"WBY8P4C58K",2019,"BMW","I3","PHEV",1,126
"WBY8P8C00L",2020,"BMW","I3","PHEV",1,126
"WBY7Z6C57J",2018,"BMW","I3","BEV",1,114
"WBY8P2C0XL",2020,"BMW","I3","BEV",1,153
"WBY1Z8C55H",2017,"BMW","I3","PHEV",1,97
"WBY1Z2C5XE",2014,"BMW","I3","BEV",1,81
"WBY1Z4C5XF",2015,"BMW","I3","PHEV",1,72
"WBY8P8C52K",2019,"BMW","I3","PHEV",1,126
"WBY8P2C53K",2019,"BMW","I3","BEV",1,153
"WBY1Z2C51E",2014,"BMW","I3","BEV",1,81
"WBY1Z4C51G",2016,"BMW","I3","PHEV",1,72
"WBY8P4C56K",2019,"BMW","I3","PHEV",1,126
"WBY8P8C55K",2019,"BMW","I3","PHEV",1,126
"WBY1Z4C59G",2016,"BMW","I3","PHEV",1,72
"WBY1Z2C54E",2014,"BMW","I3","BEV",1,81
"WBY1Z8C38H",2017,"BMW","I3","PHEV",1,97
"WBY1Z8C34H",2017,"BMW","I3","PHEV",1,97
"WBY7Z2C58J",2018,"BMW","I3","BEV",1,114
"WBY8P4C05L",2020,"BMW","I3","PHEV",1,126
"WBY1Z8C5XH",2017,"BMW","I3","PHEV",1,97
"WBY1Z6C31H",2017,"BMW","I3","BEV",1,81
"WBY7Z4C52J",2018,"BMW","I3","PHEV",1,97
"WBY7Z4C59J",2018,"BMW","I3","PHEV",1,97
"WBY1Z8C32H",2017,"BMW","I3","PHEV",1,97
"WBY1Z2C5XF",2015,"BMW","I3","BEV",1,81
"WBY1Z4C52G",2016,"BMW","I3","PHEV",1,72
"WBY1Z6C36H",2017,"BMW","I3","BEV",1,81
"WBY1Z6C35H",2017,"BMW","I3","BEV",1,81
"WBY1Z8C52H",2017,"BMW","I3","PHEV",1,97
"WBY7Z8C51J",2018,"BMW","I3","PHEV",1,97
"WBY8P4C54K",2019,"BMW","I3","PHEV",1,126
"WBY1Z8C58H",2017,"BMW","I3","PHEV",1,97
"WBY1Z2C57F",2015,"BMW","I3","BEV",1,81
"WBY1Z2C54G",2016,"BMW","I3","BEV",1,81
"WBY7Z6C55J",2018,"BMW","I3","BEV",1,114
"WBY8P8C05M",2021,"BMW","I3","PHEV",1,153
"WBY1Z2C58G",2016,"BMW","I3","BEV",1,81
"WBY1Z2C52E",2014,"BMW","I3","BEV",1,81
"WBY8P6C57K",2019,"BMW","I3","BEV",1,153
"WBY1Z6C54H",2017,"BMW","I3","BEV",1,81
"WBY1Z2C53E",2014,"BMW","I3","BEV",1,81
"WBY1Z4C58G",2016,"BMW","I3","PHEV",1,72
"WBY7Z2C54J",2018,"BMW","I3","BEV",1,114
"WBY1Z4C5XE",2014,"BMW","I3","PHEV",1,72
"WBY8P8C07L",2020,"BMW","I3","PHEV",1,126
"WBY8P8C59K",2019,"BMW","I3","PHEV",1,126
"WBY1Z4C54E",2014,"BMW","I3","PHEV",1,72
"WBY7Z6C52J",2018,"BMW","I3","BEV",1,114
"WBY1Z2C55F",2015,"BMW","I3","BEV",1,81
"WBY7Z8C54J",2018,"BMW","I3","PHEV",1,97
"WBY1Z6C34H",2017,"BMW","I3","BEV",1,81
"WBY1Z6C30H",2017,"BMW","I3","BEV",1,81
"WBY1Z8C39H",2017,"BMW","I3","PHEV",1,97
"WBY8P6C06L",2020,"BMW","I3","BEV",1,153
"WBY8P4C57K",2019,"BMW","I3","PHEV",1,126
"WBY1Z2C53F",2015,"BMW","I3","BEV",1,81
"WBY8P6C58K",2019,"BMW","I3","BEV",1,153
"WBY7Z8C50J",2018,"BMW","I3","PHEV",1,97
"WBY7Z6C58J",2018,"BMW","I3","BEV",1,114
"WBY8P8C01L",2020,"BMW","I3","PHEV",1,126
"WBY7Z6C5XJ",2018,"BMW","I3","BEV",1,114
"WBY8P2C54K",2019,"BMW","I3","BEV",1,153
"WBY8P8C5XK",2019,"BMW","I3","PHEV",1,126
"WBY7Z8C58J",2018,"BMW","I3","PHEV",1,97
"WBY1Z2C57E",2014,"BMW","I3","BEV",1,81
"WBY8P8C0XL",2020,"BMW","I3","PHEV",1,126
"WBY8P4C59K",2019,"BMW","I3","PHEV",1,126
"WBY8P2C5XK",2019,"BMW","I3","BEV",1,153
"WBY8P8C02L",2020,"BMW","I3","PHEV",1,126
"WBY7Z8C59J",2018,"BMW","I3","PHEV",1,97
"WBY8P6C54K",2019,"BMW","I3","BEV",1,153
"WBY8P2C00L",2020,"BMW","I3","BEV",1,153
"WBY1Z4C58F",2015,"BMW","I3","PHEV",1,72
"WBY8P8C06L",2020,"BMW","I3","PHEV",1,126
"WBY7Z2C52J",2018,"BMW","I3","BEV",1,114
"WBY1Z8C59H",2017,"BMW","I3","PHEV",1,97
"WBY1Z4C56G",2016,"BMW","I3","PHEV",1,72
"WBY7Z4C57J",2018,"BMW","I3","PHEV",1,97
"WBY8P6C00L",2020,"BMW","I3","BEV",1,153
"WBY8P8C58K",2019,"BMW","I3","PHEV",1,126
"WBY1Z2C50G",2016,"BMW","I3","BEV",1,81
"WBY7Z4C55J",2018,"BMW","I3","PHEV",1,97
"WBY8P4C09L",2020,"BMW","I3","PHEV",1,126
"WBY8P4C04L",2020,"BMW","I3","PHEV",1,126
"WBY8P6C5XK",2019,"BMW","I3","BEV",1,153
"WBY1Z6C53H",2017,"BMW","I3","BEV",1,81
"WBY7Z4C58J",2018,"BMW","I3","PHEV",1,97
"WBY7Z6C53J",2018,"BMW","I3","BEV",1,114
"WBY8P2C56K",2019,"BMW","I3","BEV",1,153
"WBY7Z4C51J",2018,"BMW","I3","PHEV",1,97
"WBY7Z6C59J",2018,"BMW","I3","BEV",1,114
"WBY8P8C04L",2020,"BMW","I3","PHEV",1,126
"WBY8P4C5XK",2019,"BMW","I3","PHEV",1,126
"WBY8P2C55K",2019,"BMW","I3","BEV",1,153
"WBY8P4C02L",2020,"BMW","I3","PHEV",1,126
"WBY8P6C07L",2020,"BMW","I3","BEV",1,153
"WBY8P8C54K",2019,"BMW","I3","PHEV",1,126
"WBY1Z6C58H",2017,"BMW","I3","BEV",1,81
"WBY1Z2C51G",2016,"BMW","I3","BEV",1,81
"WBY7Z6C50J",2018,"BMW","I3","BEV",1,114
"WBY8P2C05L",2020,"BMW","I3","BEV",1,153
"WBY8P8C57K",2019,"BMW","I3","PHEV",1,126
"WBY7Z6C54J",2018,"BMW","I3","BEV",1,114
"WBY7Z6C51J",2018,"BMW","I3","BEV",1,114
"WBY8P4C02M",2021,"BMW","I3","PHEV",1,126
"WBY8P8C56K",2019,"BMW","I3","PHEV",1,126
"WBY7Z2C57J",2018,"BMW","I3","BEV",1,114
"WBY7Z2C51J",2018,"BMW","I3","BEV",1,114
"WBY8P8C03L",2020,"BMW","I3","PHEV",1,126
"WBY8P4C08M",2021,"BMW","I3","PHEV",1,126
"WBY1Z2C56G",2016,"BMW","I3","BEV",1,81
"WBY8P4C06L",2020,"BMW","I3","PHEV",1,126
"WBY1Z6C3XH",2017,"BMW","I3","BEV",1,81
"WBY7Z2C59J",2018,"BMW","I3","BEV",1,114
"WBY8P2C08L",2020,"BMW","I3","BEV",1,153
"WBY1Z2C54F",2015,"BMW","I3","BEV",1,81
"WBY8P4C01L",2020,"BMW","I3","PHEV",1,126
"WBY1Z6C51H",2017,"BMW","I3","BEV",1,81
"WBY8P6C55K",2019,"BMW","I3","BEV",1,153
"WBY1Z6C5XH",2017,"BMW","I3","BEV",1,81
"WBY8P2C06L",2020,"BMW","I3","BEV",1,153
"WBY8P8C53K",2019,"BMW","I3","PHEV",1,126
"WBY1Z2C53G",2016,"BMW","I3","BEV",1,81
"WBY8P6C53K",2019,"BMW","I3","BEV",1,153
"WBY1Z6C52H",2017,"BMW","I3","BEV",1,81
"WBY8P4C0XM",2021,"BMW","I3","PHEV",1,126
"WBY8P2C50K",2019,"BMW","I3","BEV",1,153
"WBY1Z2C5XG",2016,"BMW","I3","BEV",1,81
"WBY1Z2C59G",2016,"BMW","I3","BEV",1,81
"WBY8P6C0XL",2020,"BMW","I3","BEV",1,153
"WBY1Z6C50H",2017,"BMW","I3","BEV",1,81
"WBY8P8C02M",2021,"BMW","I3","PHEV",1,153
"WBY8P6C59K",2019,"BMW","I3","BEV",1,153
"WBY8P6C04L",2020,"BMW","I3","BEV",1,153
"WBY8P4C04M",2021,"BMW","I3","PHEV",1,126
"WBY8P2C09L",2020,"BMW","I3","BEV",1,153
"WBY8P6C56K",2019,"BMW","I3","BEV",1,153
"WBY8P6C50K",2019,"BMW","I3","BEV",1,153
"WBY8P8C04M",2021,"BMW","I3","PHEV",1,153
"WBY8P2C07L",2020,"BMW","I3","BEV",1,153
"WBY8P6C08L",2020,"BMW","I3","BEV",1,153
"5UX43EU09S",2025,"BMW","X5","PHEV",1,40
"5UXTA6C06M",2021,"BMW","X5","PHEV",1,30
"5UXTA6C04N",2022,"BMW","X5","PHEV",1,30
"5UX43EU06R",2024,"BMW","X5","PHEV",1,39
"5UXTA6C03M",2021,"BMW","X5","PHEV",1,30
"5UXTA6C04P",2023,"BMW","X5","PHEV",1,30
"5UXTA6C08N",2022,"BMW","X5","PHEV",1,30
"5UXTA6C01M",2021,"BMW","X5","PHEV",1,30
"5UX43EU03T",2026,"BMW","X5","PHEV",1,38
"5UX43EU02T",2026,"BMW","X5","PHEV",1,38
"5UX43EU04R",2024,"BMW","X5","PHEV",1,39
"5UXTA6C01N",2022,"BMW","X5","PHEV",1,30
"5UX43EU00S",2025,"BMW","X5","PHEV",1,40
"5UX43EU09T",2026,"BMW","X5","PHEV",1,38
"5UX43EU05S",2025,"BMW","X5","PHEV",1,40
"5UXTA6C02P",2023,"BMW","X5","PHEV",1,30
"5UXTA6C08P",2023,"BMW","X5","PHEV",1,30
"5UXTA6C03N",2022,"BMW","X5","PHEV",1,30
"5UXTA6C03P",2023,"BMW","X5","PHEV",1,30
"5UX43EU06S",2025,"BMW","X5","PHEV",1,40
"5UXTA6C0XP",2023,"BMW","X5","PHEV",1,30
"5UX43EU05R",2024,"BMW","X5","PHEV",1,39
"5UX43EU08S",2025,"BMW","X5","PHEV",1,40
"5UX43EU05T",2026,"BMW","X5","PHEV",1,38
"5UXTA6C09N",2022,"BMW","X5","PHEV",1,30
"5UX43EU02R",2024,"BMW","X5","PHEV",1,39
"5UX43EU09R",2024,"BMW","X5","PHEV",1,39
"5UXTA6C06P",2023,"BMW","X5","PHEV",1,30
"5UXTA6C00N",2022,"BMW","X5","PHEV",1,30
"5UX43EU0XR",2024,"BMW","X5","PHEV",1,39
"5UX43EU07S",2025,"BMW","X5","PHEV",1,40
"5UX43EU01T",2026,"BMW","X5","PHEV",1,38
"5UXTA6C00M",2021,"BMW","X5","PHEV",1,30
"5UX43EU0XS",2025,"BMW","X5","PHEV",1,40
"5UXTA6C07N",2022,"BMW","X5","PHEV",1,30
"5UX43EU01S",2025,"BMW","X5","PHEV",1,40
"5UXTA6C05P",2023,"BMW","X5","PHEV",1,30
"5UX43EU08R",2024,"BMW","X5","PHEV",1,39
"5UXTA6C07P",2023,"BMW","X5","PHEV",1,30
"5UXTA6C08M",2021,"BMW","X5","PHEV",1,30
"5UXTA6C04M",2021,"BMW","X5","PHEV",1,30
"5UX43EU04S",2025,"BMW","X5","PHEV",1,40
"5UX43EU03S",2025,"BMW","X5","PHEV",1,40
"5UX43EU03R",2024,"BMW","X5","PHEV",1,39
"5UXTA6C09P",2023,"BMW","X5","PHEV",1,30
"5UXTA6C0XM",2021,"BMW","X5","PHEV",1,30
"5UX43EU07R",2024,"BMW","X5","PHEV",1,39
"5UX43EU01R",2024,"BMW","X5","PHEV",1,39
"5UX43EU02S",2025,"BMW","X5","PHEV",1,40
"5UXTA6C0XN",2022,"BMW","X5","PHEV",1,30
"5UXTA6C07M",2021,"BMW","X5","PHEV",1,30
"5UX43EU00T",2026,"BMW","X5","PHEV",1,38
"5UXTA6C01P",2023,"BMW","X5","PHEV",1,30
"5UX43EU0XT",2026,"BMW","X5","PHEV",1,38
"5UX43EU08T",2026,"BMW","X5","PHEV",1,38
"5UX43EU07T",2026,"BMW","X5","PHEV",1,38
"5UXTA6C00P",2023,"BMW","X5","PHEV",1,30
"5UX43EU06T",2026,"BMW","X5","PHEV",1,38
"5UXTA6C06N",2022,"BMW","X5","PHEV",1,30
"5UX43EU04T",2026,"BMW","X5","PHEV",1,38
"5UXTA6C05N",2022,"BMW","X5","PHEV",1,30
"5UXTA6C02N",2022,"BMW","X5","PHEV",1,30
"5UXTA6C09M",2021,"BMW","X5","PHEV",1,30
"5UXTA6C02M",2021,"BMW","X5","PHEV",1,30
"5UX43EU00R",2024,"BMW","X5","PHEV",1,39
"5UXTA6C05M",2021,"BMW","X5","PHEV",1,30
"WBA13FK06T",2026,"BMW","550E","PHEV",1,33
"5YM23CS0XR",2024,"BMW","XM","PHEV",1,31
"WBA13FK07S",2025,"BMW","550E","PHEV",1,40
"WBA13FK02S",2025,"BMW","550E","PHEV",1,40
"WBA13FK03T",2026,"BMW","550E","PHEV",1,33
"5YM33CS01S",2025,"BMW","XM","PHEV",1,31
"5YM33CS06R",2024,"BMW","XM","PHEV",1,31
"5YM23CS00S",2025,"BMW","XM","PHEV",1,31
"5YM33CS04R",2024,"BMW","XM","PHEV",1,31
"WBA13FK00S",2025,"BMW","550E","PHEV",1,40
"WBA43EH01R",2024,"BMW","750E","PHEV",1,36
"WBA13FK04S",2025,"BMW","550E","PHEV",1,40
"WBA13FK01T",2026,"BMW","550E","PHEV",1,33
"WBA43EH00S",2025,"BMW","750E","PHEV",1,33
"5YM23CS08R",2024,"BMW","XM","PHEV",1,31
"5YM23CS02R",2024,"BMW","XM","PHEV",1,31
"WBA43EH06R",2024,"BMW","750E","PHEV",1,36
"WBA13FK09S",2025,"BMW","550E","PHEV",1,40
"WBA13FK05T",2026,"BMW","550E","PHEV",1,33
"WBA13FK09T",2026,"BMW","550E","PHEV",1,33
"WBA13FK08T",2026,"BMW","550E","PHEV",1,33
"5YM23CS07R",2024,"BMW","XM","PHEV",1,31
"WBA43EH00R",2024,"BMW","750E","PHEV",1,36
"5YM23CS04S",2025,"BMW","XM","PHEV",1,31
"WBA43EH0XS",2025,"BMW","750E","PHEV",1,33
"WBA13FK06S",2025,"BMW","550E","PHEV",1,40
"WBA43EH07S",2025,"BMW","750E","PHEV",1,33
"5YM33CS08S",2025,"BMW","XM","PHEV",1,31
"5YM23CS02S",2025,"BMW","XM","PHEV",1,31
"5YM23CS00R",2024,"BMW","XM","PHEV",1,31
"5YM23CS03R",2024,"BMW","XM","PHEV",1,31
"5YM23CS09S",2025,"BMW","XM","PHEV",1,31
"WBA43EH04R",2024,"BMW","750E","PHEV",1,36
"5YM23CS04R",2024,"BMW","XM","PHEV",1,31
"WBA43EH05R",2024,"BMW","750E","PHEV",1,36
"5YM23CS01R",2024,"BMW","XM","PHEV",1,31
"WBA13FK04T",2026,"BMW","550E","PHEV",1,33
"WBA13FK03S",2025,"BMW","550E","PHEV",1,40
"WBA43EH02S",2025,"BMW","750E","PHEV",1,33
"WBA13FK00T",2026,"BMW","550E","PHEV",1,33
"WBA13FK08S",2025,"BMW","550E","PHEV",1,40
"WBA13FK02T",2026,"BMW","550E","PHEV",1,33
"5YM23CS08S",2025,"BMW","XM","PHEV",1,31
"5YM33CS0XS",2025,"BMW","XM","PHEV",1,31
"5YM23CS05S",2025,"BMW","XM","PHEV",1,31
"WBA13FK0XT",2026,"BMW","550E","PHEV",1,33
"5YM33CS08R",2024,"BMW","XM","PHEV",1,31
"5YM23CS06R",2024,"BMW","XM","PHEV",1,31
"5YM23CS0XS",2025,"BMW","XM","PHEV",1,31
"WBA43EH05S",2025,"BMW","750E","PHEV",1,33
"5YM33CS05R",2024,"BMW","XM","PHEV",1,31
"WBA43EH01S",2025,"BMW","750E","PHEV",1,33
"KNDRMDJH2S",2025,"KIA","SORENTO","PHEV",1,30
"KNDRJDJH9S",2025,"KIA","SORENTO","PHEV",1,30
"KNDRMDJH5S",2025,"KIA","SORENTO","PHEV",1,30
"KNDRJDJHXS",2025,"KIA","SORENTO","PHEV",1,30
"KNDRMDJH7S",2025,"KIA","SORENTO","PHEV",1,30
"KNDRMDJH1T",2026,"KIA","SORENTO","PHEV",1,30
"KNDRJDJHXT",2026,"KIA","SORENTO","PHEV",1,30
"KNDRMDJH4S",2025,"KIA","SORENTO","PHEV",1,30
"KNDRJDJH0S",2025,"KIA","SORENTO","PHEV",1,30
"KNDRMDJH9T",2026,"KIA","SORENTO","PHEV",1,30
"KNDRMDJH0T",2026,"KIA","SORENTO","PHEV",1,30
"KNDRJDJH5S",2025,"KIA","SORENTO","PHEV",1,30
"KNDRJDJH6S",2025,"KIA","SORENTO","PHEV",1,30
"KNDRJDJH4S",2025,"KIA","SORENTO","PHEV",1,30
"KNDRMDJH8S",2025,"KIA","SORENTO","PHEV",1,30
"KNDRMDJH6S",2025,"KIA","SORENTO","PHEV",1,30
"KNDRMDJH4T",2026,"KIA","SORENTO","PHEV",1,30
"KNDRMDJH0S",2025,"KIA","SORENTO","PHEV",1,30
"KNDRJDJH2T",2026,"KIA","SORENTO","PHEV",1,30
"KNDRMDJH5T",2026,"KIA","SORENTO","PHEV",1,30
"KNDRJDJH2S",2025,"KIA","SORENTO","PHEV",1,30
"KNDRJDJH3S",2025,"KIA","SORENTO","PHEV",1,30
"KNDRMDJH8T",2026,"KIA","SORENTO","PHEV",1,30
"KNDRJDJH7S",2025,"KIA","SORENTO","PHEV",1,30
"KNDRMDJH3S",2025,"KIA","SORENTO","PHEV",1,30
"KNDRMDJH6T",2026,"KIA","SORENTO","PHEV",1,30
"KNDRJDJH4T",2026,"KIA","SORENTO","PHEV",1,30
"KNDRMDJH2T",2026,"KIA","SORENTO","PHEV",1,30
"KNDRJDJH8S",2025,"KIA","SORENTO","PHEV",1,30
"KNDRMDJH9S",2025,"KIA","SORENTO","PHEV",1,30
"KNDRJDJH8T",2026,"KIA","SORENTO","PHEV",1,30
"KNDRMDJH1S",2025,"KIA","SORENTO","PHEV",1,30
"KNDRMDJHXS",2025,"KIA","SORENTO","PHEV",1,30
"KNDRJDJH5T",2026,"KIA","SORENTO","PHEV",1,30
"KNDRJDJH3T",2026,"KIA","SORENTO","PHEV",1,30
"KNDRMDJH3T",2026,"KIA","SORENTO","PHEV",1,30
"KNDRJDJH1S",2025,"KIA","SORENTO","PHEV",1,30
"KNDRJDJH9T",2026,"KIA","SORENTO","PHEV",1,30
"KNDRJDJH6T",2026,"KIA","SORENTO","PHEV",1,30
"KNDRMDJH7T",2026,"KIA","SORENTO","PHEV",1,30
"KNDRMDJHXT",2026,"KIA","SORENTO","PHEV",1,30
"KNDJP3AEXG",2016,"KIA","SOUL","BEV",1,93
"KNDJP3AE0G",2016,"KIA","SOUL","BEV",1,93
"KNDJP3AE3G",2016,"KIA","SOUL","BEV",1,93
"KNDJP3AE7H",2017,"KIA","SOUL","BEV",1,93
"KNDJX3AE8J",2018,"KIA","SOUL","BEV",1,111
"KNDJX3AE5G",2016,"KIA","SOUL","BEV",1,93
"KNDJX3AE6H",2017,"KIA","SOUL","BEV",1,93
"KNDJP3AE6G",2016,"KIA","SOUL","BEV",1,93
"KNDJX3AE9J",2018,"KIA","SOUL","BEV",1,111
"KNDJX3AE1H",2017,"KIA","SOUL","BEV",1,93
"KNDJP3AEXH",2017,"KIA","SOUL","BEV",1,93
"KNDJP3AE8G",2016,"KIA","SOUL","BEV",1,93
"KNDJX3AE7J",2018,"KIA","SOUL","BEV",1,111
"KNDJX3AE6J",2018,"KIA","SOUL","BEV",1,111
"KNDJX3AE3G",2016,"KIA","SOUL","BEV",1,93
"KNDJP3AE8H",2017,"KIA","SOUL","BEV",1,93
"KNDJX3AE8G",2016,"KIA","SOUL","BEV",1,93
"KNDJX3AE4G",2016,"KIA","SOUL","BEV",1,93
"KNDJP3AE9F",2015,"KIA","SOUL","BEV",1,93
"KNDJX3AEXG",2016,"KIA","SOUL","BEV",1,93
"KNDJX3AEXH",2017,"KIA","SOUL","BEV",1,93
"KNDJX3AE7G",2016,"KIA","SOUL","BEV",1,93
"KNDJX3AE9H",2017,"KIA","SOUL","BEV",1,93
"KNDJX3AE6G",2016,"KIA","SOUL","BEV",1,93
"KNDJX3AE3H",2017,"KIA","SOUL","BEV",1,93
"KNDJP3AE7G",2016,"KIA","SOUL","BEV",1,93
"KNDJX3AE1G",2016,"KIA","SOUL","BEV",1,93
"KNDJX3AE9G",2016,"KIA","SOUL","BEV",1,93
"KNDJX3AE4H",2017,"KIA","SOUL","BEV",1,93
"KNDJP3AE5H",2017,"KIA","SOUL","BEV",1,93
"KNDJP3AE4H",2017,"KIA","SOUL","BEV",1,93
"KNDJX3AE3J",2018,"KIA","SOUL","BEV",1,111
"KNDJX3AE2H",2017,"KIA","SOUL","BEV",1,93
"KNDJX3AE5J",2018,"KIA","SOUL","BEV",1,111
"KNDJP3AE1G",2016,"KIA","SOUL","BEV",1,93
"KNDJX3AE2G",2016,"KIA","SOUL","BEV",1,93
"KNDJP3AE5G",2016,"KIA","SOUL","BEV",1,93
"KNDJX3AE0H",2017,"KIA","SOUL","BEV",1,93
"KNDJP3AE4G",2016,"KIA","SOUL","BEV",1,93
"KNDJP3AE4J",2018,"KIA","SOUL","BEV",1,111
"KNDJP3AE9G",2016,"KIA","SOUL","BEV",1,93
"KNDJX3AEXJ",2018,"KIA","SOUL","BEV",1,111
"KNDJX3AE2F",2015,"KIA","SOUL","BEV",1,93
"KNDJX3AE5H",2017,"KIA","SOUL","BEV",1,93
"KNDJP3AE1H",2017,"KIA","SOUL","BEV",1,93
"KNDJX3AE0G",2016,"KIA","SOUL","BEV",1,93
"KNDJP3AE2G",2016,"KIA","SOUL","BEV",1,93
"KNDJP3AE9H",2017,"KIA","SOUL","BEV",1,93
"KNDJX3AE8F",2015,"KIA","SOUL","BEV",1,93
"KNDJX3AE7H",2017,"KIA","SOUL","BEV",1,93
"KNDJP3AE3H",2017,"KIA","SOUL","BEV",1,93
"KNDJP3AE0F",2015,"KIA","SOUL","BEV",1,93
"KNDJX3AE4J",2018,"KIA","SOUL","BEV",1,111
"KNDJX3AE0F",2015,"KIA","SOUL","BEV",1,93
"KNDJX3AE0J",2018,"KIA","SOUL","BEV",1,111
"KNDJP3AE6H",2017,"KIA","SOUL","BEV",1,93
"KNDJX3AE1J",2018,"KIA","SOUL","BEV",1,111
"KNDJX3AE2J",2018,"KIA","SOUL","BEV",1,111
"KNDJX3AE8H",2017,"KIA","SOUL","BEV",1,93
"KNDJP3AE2H",2017,"KIA","SOUL","BEV",1,93
"KNDJX3AEXF",2015,"KIA","SOUL","BEV",1,93
"KNDJP3AE3J",2018,"KIA","SOUL","BEV",1,111
"KNDJP3AE2J",2018,"KIA","SOUL","BEV",1,111
"KNDJP3AE0H",2017,"KIA","SOUL","BEV",1,93
"KNDJP3AE5J",2018,"KIA","SOUL","BEV",1,111
"KNDJX3AE7F",2015,"KIA","SOUL","BEV",1,93
"KNDJP3AE6F",2015,"KIA","SOUL","BEV",1,93
"KNDJX3AE6F",2015,"KIA","SOUL","BEV",1,93
"KNDJP3AE7J",2018,"KIA","SOUL","BEV",1,111
"KNDJP3AE1J",2018,"KIA","SOUL","BEV",1,111
"KNDJX3AE1F",2015,"KIA","SOUL","BEV",1,93
"KNDJP3AEXJ",2018,"KIA","SOUL","BEV",1,111
"KNDJX3AE9F",2015,"KIA","SOUL","BEV",1,93
"KNDJP3AE0J",2018,"KIA","SOUL","BEV",1,111
"KNDJP3AE9J",2018,"KIA","SOUL","BEV",1,111
"KNDJP3AE8J",2018,"KIA","SOUL","BEV",1,111
"KNDPZDDH4T",2026,"KIA","SPORTAGE","PHEV",1,33
"KNDPZDDH3T",2026,"KIA","SPORTAGE","PHEV",1,33
"KNDPYDDH2T",2026,"KIA","SPORTAGE","PHEV",1,33
"KNDPZDDH7T",2026,"KIA","SPORTAGE","PHEV",1,33
"KNDPYDDH4T",2026,"KIA","SPORTAGE","PHEV",1,33
"KNDPYDDH6T",2026,"KIA","SPORTAGE","PHEV",1,33
"KNDPYDDH9T",2026,"KIA","SPORTAGE","PHEV",1,33
"KNDPYDDH8T",2026,"KIA","SPORTAGE","PHEV",1,33
"KNDPZDDH5T",2026,"KIA","SPORTAGE","PHEV",1,33
"KNDPZDDH6T",2026,"KIA","SPORTAGE","PHEV",1,33
"KNDPYDDHXT",2026,"KIA","SPORTAGE","PHEV",1,33
"KNDPZDDH1T",2026,"KIA","SPORTAGE","PHEV",1,33
"KNDPYDDH0T",2026,"KIA","SPORTAGE","PHEV",1,33
"KNDPZDDH8T",2026,"KIA","SPORTAGE","PHEV",1,33
"KNDPYDDH3T",2026,"KIA","SPORTAGE","PHEV",1,33
"KNDPZDDH0T",2026,"KIA","SPORTAGE","PHEV",1,33
"KNDPZDDH2T",2026,"KIA","SPORTAGE","PHEV",1,33
"KNDPZDDH9T",2026,"KIA","SPORTAGE","PHEV",1,33
"KNDPYDDH1T",2026,"KIA","SPORTAGE","PHEV",1,33
"KNDPZDDHXT",2026,"KIA","SPORTAGE","PHEV",1,33
"KNDPZDDH8R",2024,"KIA","SPORTAGE","PHEV",1,34
"KNDPYDDH8S",2025,"KIA","SPORTAGE","PHEV",1,34
"KNDPZDDH2R",2024,"KIA","SPORTAGE","PHEV",1,34
"KNDPYDAH4P",2023,"KIA","SPORTAGE","PHEV",1,34
"KNDPZDDH9S",2025,"KIA","SPORTAGE","PHEV",1,34
"KNDPZDDH3S",2025,"KIA","SPORTAGE","PHEV",1,34
"KNDPYDDH1S",2025,"KIA","SPORTAGE","PHEV",1,34
"KNDPYDDH4S",2025,"KIA","SPORTAGE","PHEV",1,34
"KNDPYDAH0P",2023,"KIA","SPORTAGE","PHEV",1,34
"KNDPYDDH0R",2024,"KIA","SPORTAGE","PHEV",1,34
"KNDPZDDH3R",2024,"KIA","SPORTAGE","PHEV",1,34
"KNDPYDAH1P",2023,"KIA","SPORTAGE","PHEV",1,34
"KNDPZDDH1S",2025,"KIA","SPORTAGE","PHEV",1,34
"KNDPYDDH7R",2024,"KIA","SPORTAGE","PHEV",1,34
"KNDPZDDHXS",2025,"KIA","SPORTAGE","PHEV",1,34
"KNDPYDDHXS",2025,"KIA","SPORTAGE","PHEV",1,34
"KNDPZDDH0S",2025,"KIA","SPORTAGE","PHEV",1,34
"KNDPZDDH7S",2025,"KIA","SPORTAGE","PHEV",1,34
"KNDPZDAH8P",2023,"KIA","SPORTAGE","PHEV",1,34
"KNDPYDAH5P",2023,"KIA","SPORTAGE","PHEV",1,34
"KNDPZDDH9R",2024,"KIA","SPORTAGE","PHEV",1,34
"KNDPZDAH3P",2023,"KIA","SPORTAGE","PHEV",1,34
"KNDPZDAH1P",2023,"KIA","SPORTAGE","PHEV",1,34
"KNDPYDDH5R",2024,"KIA","SPORTAGE","PHEV",1,34
"KNDPZDDH6S",2025,"KIA","SPORTAGE","PHEV",1,34
"KNDPYDDH4R",2024,"KIA","SPORTAGE","PHEV",1,34
"KNDPZDDH4R",2024,"KIA","SPORTAGE","PHEV",1,34
"KNDPZDAH7P",2023,"KIA","SPORTAGE","PHEV",1,34
"KNDPYDDH6S",2025,"KIA","SPORTAGE","PHEV",1,34
"KNDPYDDH3R",2024,"KIA","SPORTAGE","PHEV",1,34
"KNDPYDAH8P",2023,"KIA","SPORTAGE","PHEV",1,34
"KNDPZDDH4S",2025,"KIA","SPORTAGE","PHEV",1,34
"KNDPZDDH7R",2024,"KIA","SPORTAGE","PHEV",1,34
"KNDPZDAH4P",2023,"KIA","SPORTAGE","PHEV",1,34
"KNDPYDDH2S",2025,"KIA","SPORTAGE","PHEV",1,34
"KNDPZDAH5P",2023,"KIA","SPORTAGE","PHEV",1,34
"KNDPYDDH2R",2024,"KIA","SPORTAGE","PHEV",1,34
"KNDPZDAH0P",2023,"KIA","SPORTAGE","PHEV",1,34
"KNDPZDDH0R",2024,"KIA","SPORTAGE","PHEV",1,34
"KNDPZDAH9P",2023,"KIA","SPORTAGE","PHEV",1,34
"KNDPZDDH6R",2024,"KIA","SPORTAGE","PHEV",1,34
"KNDPYDAH6P",2023,"KIA","SPORTAGE","PHEV",1,34
"KNDPYDDH6R",2024,"KIA","SPORTAGE","PHEV",1,34
"KNDPYDAH9P",2023,"KIA","SPORTAGE","PHEV",1,34
"KNDPYDAHXP",2023,"KIA","SPORTAGE","PHEV",1,34
"KNDPYDAH3P",2023,"KIA","SPORTAGE","PHEV",1,34
"KNDPYDAH7P",2023,"KIA","SPORTAGE","PHEV",1,34
"KNDPZDDHXR",2024,"KIA","SPORTAGE","PHEV",1,34
"KNDPZDDH1R",2024,"KIA","SPORTAGE","PHEV",1,34
"KNDPYDDH5S",2025,"KIA","SPORTAGE","PHEV",1,34
"KNDPZDDH5R",2024,"KIA","SPORTAGE","PHEV",1,34
"KNDPZDDH8S",2025,"KIA","SPORTAGE","PHEV",1,34
"KNDPZDDH5S",2025,"KIA","SPORTAGE","PHEV",1,34
"KNDPZDAH2P",2023,"KIA","SPORTAGE","PHEV",1,34
"KNDPYDDH0S",2025,"KIA","SPORTAGE","PHEV",1,34
"KNDPZDDH2S",2025,"KIA","SPORTAGE","PHEV",1,34
"KNDPYDDHXR",2024,"KIA","SPORTAGE","PHEV",1,34
"KNDPYDAH2P",2023,"KIA","SPORTAGE","PHEV",1,34
"KNDPYDDH8R",2024,"KIA","SPORTAGE","PHEV",1,34
"KNDPYDDH9S",2025,"KIA","SPORTAGE","PHEV",1,34
"KNDPYDDH1R",2024,"KIA","SPORTAGE","PHEV",1,34
"KNDPYDDH3S",2025,"KIA","SPORTAGE","PHEV",1,34
"KNDPYDDH7S",2025,"KIA","SPORTAGE","PHEV",1,34
"KNDPZDAH6P",2023,"KIA","SPORTAGE","PHEV",1,34
"KNDPZDAHXP",2023,"KIA","SPORTAGE","PHEV",1,34
"KNDPYDDH9R",2024,"KIA","SPORTAGE","PHEV",1,34
"KNDCE3LG8K",2019,"KIA","NIRO","BEV",1,239
"KNDCE3LG9K",2019,"KIA","NIRO","BEV",1,239
"KNDCC3LG7L",2020,"KIA","NIRO","BEV",1,239
"KNDCE3LGXL",2020,"KIA","NIRO","BEV",1,239
"KNDCE3LG5L",2020,"KIA","NIRO","BEV",1,239
"KNDCE3LG0L",2020,"KIA","NIRO","BEV",1,239
"KNDCE3LG7K",2019,"KIA","NIRO","BEV",1,239
"KNDCC3LGXL",2020,"KIA","NIRO","BEV",1,239
"KNDCC3LG6K",2019,"KIA","NIRO","BEV",1,239
"KNDCE3LG7L",2020,"KIA","NIRO","BEV",1,239
"KNDCC3LG2K",2019,"KIA","NIRO","BEV",1,239
"KNDCE3LG1K",2019,"KIA","NIRO","BEV",1,239
"KNDCC3LG1K",2019,"KIA","NIRO","BEV",1,239
"KNDCE3LG4K",2019,"KIA","NIRO","BEV",1,239
"KNDCE3LG5K",2019,"KIA","NIRO","BEV",1,239
"KNDCE3LG6K",2019,"KIA","NIRO","BEV",1,239
"KNDCC3LG8K",2019,"KIA","NIRO","BEV",1,239
"KNDCC3LG3K",2019,"KIA","NIRO","BEV",1,239
"KNDCE3LG3L",2020,"KIA","NIRO","BEV",1,239
"KNDCE3LG1L",2020,"KIA","NIRO","BEV",1,239
"KNDCC3LG8L",2020,"KIA","NIRO","BEV",1,239
"KNDCC3LG4K",2019,"KIA","NIRO","BEV",1,239
"KNDCC3LG0K",2019,"KIA","NIRO","BEV",1,239
"KNDCC3LG3L",2020,"KIA","NIRO","BEV",1,239
"KNDCE3LG2K",2019,"KIA","NIRO","BEV",1,239
"KNDCE3LG9L",2020,"KIA","NIRO","BEV",1,239
"KNDCC3LG2L",2020,"KIA","NIRO","BEV",1,239
"KNDCC3LG7K",2019,"KIA","NIRO","BEV",1,239
"KNDCC3LG5L",2020,"KIA","NIRO","BEV",1,239
"KNDCC3LGXK",2019,"KIA","NIRO","BEV",1,239
"KNDCC3LG0L",2020,"KIA","NIRO","BEV",1,239
"KNDCE3LG8L",2020,"KIA","NIRO","BEV",1,239
"KNDCE3LG0K",2019,"KIA","NIRO","BEV",1,239
"KNDCC3LG4L",2020,"KIA","NIRO","BEV",1,239
"KNDCE3LG4L",2020,"KIA","NIRO","BEV",1,239
"KNDCE3LG6L",2020,"KIA","NIRO","BEV",1,239
"KNDCC3LG1L",2020,"KIA","NIRO","BEV",1,239
"KNDCE3LG3K",2019,"KIA","NIRO","BEV",1,239
"KNDCC3LG9K",2019,"KIA","NIRO","BEV",1,239
"KNDCC3LG9L",2020,"KIA","NIRO","BEV",1,239
"KNDCC3LG6L",2020,"KIA","NIRO","BEV",1,239
"KNDCE3LG2L",2020,"KIA","NIRO","BEV",1,239
"KNDCE3LGXK",2019,"KIA","NIRO","BEV",1,239
"KNDCC3LG5K",2019,"KIA","NIRO","BEV",1,239
"KNDCR3LF8P",2023,"KIA","NIRO","PHEV",1,33
"KNDCS3LF4S",2025,"KIA","NIRO","PHEV",1,33
"KNDCS3LF2R",2024,"KIA","NIRO","PHEV",1,33
"KNDCS3LF9P",2023,"KIA","NIRO","PHEV",1,33
"KNDCS3LF3S",2025,"KIA","NIRO","PHEV",1,33
"KNDCS3LF2P",2023,"KIA","NIRO","PHEV",1,33
"KNDCS3LF5R",2024,"KIA","NIRO","PHEV",1,33
"KNDCS3LF3R",2024,"KIA","NIRO","PHEV",1,33
"KNDCS3LF0R",2024,"KIA","NIRO","PHEV",1,33
"KNDCS3LF4P",2023,"KIA","NIRO","PHEV",1,33
"KNDCR3LF1P",2023,"KIA","NIRO","PHEV",1,33
"KNDCS3LF1P",2023,"KIA","NIRO","PHEV",1,33
"KNDCS3LF7P",2023,"KIA","NIRO","PHEV",1,33
"KNDCR3LF1S",2025,"KIA","NIRO","PHEV",1,33
"KNDCR3LF7S",2025,"KIA","NIRO","PHEV",1,33
"KNDCR3LF6P",2023,"KIA","NIRO","PHEV",1,33
"KNDCR3LF3S",2025,"KIA","NIRO","PHEV",1,33
"KNDCS3LF8R",2024,"KIA","NIRO","PHEV",1,33
"KNDCR3LF7P",2023,"KIA","NIRO","PHEV",1,33
"KNDCS3LF3P",2023,"KIA","NIRO","PHEV",1,33
"KNDCS3LF6P",2023,"KIA","NIRO","PHEV",1,33
"KNDCR3LF9P",2023,"KIA","NIRO","PHEV",1,33
"KNDCR3LF0P",2023,"KIA","NIRO","PHEV",1,33
"KNDCS3LF9R",2024,"KIA","NIRO","PHEV",1,33
"KNDCR3LF4P",2023,"KIA","NIRO","PHEV",1,33
"KNDCR3LF8S",2025,"KIA","NIRO","PHEV",1,33
"KNDCS3LF0P",2023,"KIA","NIRO","PHEV",1,33
"KNDCS3LF7S",2025,"KIA","NIRO","PHEV",1,33
"KNDCR3LF5S",2025,"KIA","NIRO","PHEV",1,33
"KNDCS3LFXR",2024,"KIA","NIRO","PHEV",1,33
"KNDCR3LF6R",2024,"KIA","NIRO","PHEV",1,33
"KNDCS3LF2S",2025,"KIA","NIRO","PHEV",1,33
"KNDCR3LF9R",2024,"KIA","NIRO","PHEV",1,33
"KNDCR3LF5P",2023,"KIA","NIRO","PHEV",1,33
"KNDCS3LF0S",2025,"KIA","NIRO","PHEV",1,33
"KNDCR3LFXP",2023,"KIA","NIRO","PHEV",1,33
"KNDCS3LF6R",2024,"KIA","NIRO","PHEV",1,33
"KNDCS3LF1S",2025,"KIA","NIRO","PHEV",1,33
"KNDCS3LF4R",2024,"KIA","NIRO","PHEV",1,33
"KNDCS3LF6S",2025,"KIA","NIRO","PHEV",1,33
"KNDCS3LF8P",2023,"KIA","NIRO","PHEV",1,33
"KNDCS3LF5P",2023,"KIA","NIRO","PHEV",1,33
"KNDCS3LF7R",2024,"KIA","NIRO","PHEV",1,33
"KNDCS3LF8S",2025,"KIA","NIRO","PHEV",1,33
"KNDCR3LF0S",2025,"KIA","NIRO","PHEV",1,33
"KNDCS3LF5S",2025,"KIA","NIRO","PHEV",1,33
"KNDCR3LF2R",2024,"KIA","NIRO","PHEV",1,33
"KNDCR3LF7R",2024,"KIA","NIRO","PHEV",1,33
"KNDCR3LF5R",2024,"KIA","NIRO","PHEV",1,33
"KNDCS3LFXP",2023,"KIA","NIRO","PHEV",1,33
"KNDCR3LF3R",2024,"KIA","NIRO","PHEV",1,33
"KNDCS3LF9S",2025,"KIA","NIRO","PHEV",1,33
"KNDCS3LF1R",2024,"KIA","NIRO","PHEV",1,33
"KNDCR3LF1R",2024,"KIA","NIRO","PHEV",1,33
"KNDCR3LFXS",2025,"KIA","NIRO","PHEV",1,33
"KNDCR3LFXR",2024,"KIA","NIRO","PHEV",1,33
"KNDCS3LFXS",2025,"KIA","NIRO","PHEV",1,33
"KNDCR3LF4R",2024,"KIA","NIRO","PHEV",1,33
"KNDCR3LF9S",2025,"KIA","NIRO","PHEV",1,33
"KNDCR3LF6S",2025,"KIA","NIRO","PHEV",1,33
"KNDCR3LF0R",2024,"KIA","NIRO","PHEV",1,33
"KNDCR3LF2P",2023,"KIA","NIRO","PHEV",1,33
"KNDCR3LF3P",2023,"KIA","NIRO","PHEV",1,33
"KNDCR3LF4S",2025,"KIA","NIRO","PHEV",1,33
"KNDCR3LF8R",2024,"KIA","NIRO","PHEV",1,33
"JTMEB3FV0S",2025,"TOYOTA","RAV4 PRIME","PHEV",1,42
"JTMCB3FV3S",2025,"TOYOTA","RAV4 PRIME","PHEV",1,42
"JTMEB3FV8S",2025,"TOYOTA","RAV4 PRIME","PHEV",1,42
"JTMAB3FV8S",2025,"TOYOTA","RAV4 PRIME","PHEV",1,42
"JTMAB3FV6P",2023,"TOYOTA","RAV4 PRIME","PHEV",1,42
"JTMFB3FV6S",2025,"TOYOTA","RAV4 PRIME","PHEV",1,42
"JTMEB3FV3R",2024,"TOYOTA","RAV4 PRIME","PHEV",1,42
"JTMAB3FV6M",2021,"TOYOTA","RAV4 PRIME","PHEV",1,42
"JTMFB3FV9R",2024,"TOYOTA","RAV4 PRIME","PHEV",1,42
"JTMEB3FV1S",2025,"TOYOTA","RAV4 PRIME","PHEV",1,42
"JTMCB3FV1S",2025,"TOYOTA","RAV4 PRIME","PHEV",1,42
"JTMAB3FV2R",2024,"TOYOTA","RAV4 PRIME","PHEV",1,42
"JTMFB3FV5R",2024,"TOYOTA","RAV4 PRIME","PHEV",1,42
"JTMFB3FV9S",2025,"TOYOTA","RAV4 PRIME","PHEV",1,42
"JTMEB3FV5S",2025,"TOYOTA","RAV4 PRIME","PHEV",1,42
"JTMEB3FV8R",2024,"TOYOTA","RAV4 PRIME","PHEV",1,42
"JTMFB3FV7S",2025,"TOYOTA","RAV4 PRIME","PHEV",1,42
"JTMFB3FV6M",2021,"TOYOTA","RAV4 PRIME","PHEV",1,42
"JTMAB3FV4S",2025,"TOYOTA","RAV4 PRIME","PHEV",1,42
"JTMEB3FVXS",2025,"TOYOTA","RAV4 PRIME","PHEV",1,42
"JTMFB3FV2S",2025,"TOYOTA","RAV4 PRIME","PHEV",1,42
"JTMEB3FV9N",2022,"TOYOTA","RAV4 PRIME","PHEV",1,42
"JTMEB3FV7P",2023,"TOYOTA","RAV4 PRIME","PHEV",1,42
"JTMFB3FV3R",2024,"TOYOTA","RAV4 PRIME","PHEV",1,42
"JTMEB3FVXR",2024,"TOYOTA","RAV4 PRIME","PHEV",1,42
"JTMEB3FV0N",2022,"TOYOTA","RAV4 PRIME","PHEV",1,42
"JTMFB3FVXR",2024,"TOYOTA","RAV4 PRIME","PHEV",1,42
"JTMFB3FV3S",2025,"TOYOTA","RAV4 PRIME","PHEV",1,42
"JTMCB3FVXM",2021,"TOYOTA","RAV4 PRIME","PHEV",1,42
"JTMEB3FV5M",2021,"TOYOTA","RAV4 PRIME","PHEV",1,42
"JTMFB3FV1S",2025,"TOYOTA","RAV4 PRIME","PHEV",1,42
"JTMAB3FV3N",2022,"TOYOTA","RAV4 PRIME","PHEV",1,42
"JTMEB3FV6S",2025,"TOYOTA","RAV4 PRIME","PHEV",1,42
"JTMCB3FV8N",2022,"TOYOTA","RAV4 PRIME","PHEV",1,42
"JTMAB3FV4R",2024,"TOYOTA","RAV4 PRIME","PHEV",1,42
"JTMAB3FV2M",2021,"TOYOTA","RAV4 PRIME","PHEV",1,42
"JTMEB3FV5R",2024,"TOYOTA","RAV4 PRIME","PHEV",1,42
"JTMEB3FV9P",2023,"TOYOTA","RAV4 PRIME","PHEV",1,42
"JTMEB3FV4R",2024,"TOYOTA","RAV4 PRIME","PHEV",1,42
"JTMFB3FV2M",2021,"TOYOTA","RAV4 PRIME","PHEV",1,42
"JTMFB3FV4M",2021,"TOYOTA","RAV4 PRIME","PHEV",1,42
"JTMAB3FVXR",2024,"TOYOTA","RAV4 PRIME","PHEV",1,42
"JTMEB3FV8M",2021,"TOYOTA","RAV4 PRIME","PHEV",1,42
"JTMCB3FV4R",2024,"TOYOTA","RAV4 PRIME","PHEV",1,42
"JTMFB3FV2R",2024,"TOYOTA","RAV4 PRIME","PHEV",1,42
"JTMFB3FV1R",2024,"TOYOTA","RAV4 PRIME","PHEV",1,42
"JTMEB3FV0M",2021,"TOYOTA","RAV4 PRIME","PHEV",1,42
"JTMAB3FV9M",2021,"TOYOTA","RAV4 PRIME","PHEV",1,42
"JTMAB3FVXP",2023,"TOYOTA","RAV4 PRIME","PHEV",1,42
"JTMAB3FV5R",2024,"TOYOTA","RAV4 PRIME","PHEV",1,42
"JTMFB3FV7N",2022,"TOYOTA","RAV4 PRIME","PHEV",1,42
"JTMAB3FV0R",2024,"TOYOTA","RAV4 PRIME","PHEV",1,42
"JTMFB3FV0M",2021,"TOYOTA","RAV4 PRIME","PHEV",1,42
"JTMFB3FV4S",2025,"TOYOTA","RAV4 PRIME","PHEV",1,42
"JTMFB3FV0S",2025,"TOYOTA","RAV4 PRIME","PHEV",1,42
"JTMEB3FV7M",2021,"TOYOTA","RAV4 PRIME","PHEV",1,42
"JTMAB3FV6R",2024,"TOYOTA","RAV4 PRIME","PHEV",1,42
"JTMAB3FV4P",2023,"TOYOTA","RAV4 PRIME","PHEV",1,42
"JTMFB3FV4R",2024,"TOYOTA","RAV4 PRIME","PHEV",1,42
"JTMAB3FV1P",2023,"TOYOTA","RAV4 PRIME","PHEV",1,42
"JTMEB3FV1R",2024,"TOYOTA","RAV4 PRIME","PHEV",1,42
"JTMAB3FV6S",2025,"TOYOTA","RAV4 PRIME","PHEV",1,42
"JTMEB3FV4S",2025,"TOYOTA","RAV4 PRIME","PHEV",1,42
"JTMAB3FV8N",2022,"TOYOTA","RAV4 PRIME","PHEV",1,42
"JTMAB3FV5P",2023,"TOYOTA","RAV4 PRIME","PHEV",1,42
"JTMAB3FV4M",2021,"TOYOTA","RAV4 PRIME","PHEV",1,42
"JTMAB3FV7M",2021,"TOYOTA","RAV4 PRIME","PHEV",1,42
"JTMFB3FV0R",2024,"TOYOTA","RAV4 PRIME","PHEV",1,42
"JTMAB3FV8M",2021,"TOYOTA","RAV4 PRIME","PHEV",1,42
"JTMEB3FV4M",2021,"TOYOTA","RAV4 PRIME","PHEV",1,42
"JTMAB3FV7R",2024,"TOYOTA","RAV4 PRIME","PHEV",1,42
"JTMFB3FV0N",2022,"TOYOTA","RAV4 PRIME","PHEV",1,42
"JTMAB3FV9N",2022,"TOYOTA","RAV4 PRIME","PHEV",1,42
"JTMFB3FV8M",2021,"TOYOTA","RAV4 PRIME","PHEV",1,42
"JTMAB3FV7P",2023,"TOYOTA","RAV4 PRIME","PHEV",1,42
"JTMFB3FV8R",2024,"TOYOTA","RAV4 PRIME","PHEV",1,42
"JTMAB3FV3S",2025,"TOYOTA","RAV4 PRIME","PHEV",1,42
"JTMEB3FVXM",2021,"TOYOTA","RAV4 PRIME","PHEV",1,42
"JTMCB3FV5R",2024,"TOYOTA","RAV4 PRIME","PHEV",1,42
"JTMAB3FV2P",2023,"TOYOTA","RAV4 PRIME","PHEV",1,42
"JTMAB3FV1N",2022,"TOYOTA","RAV4 PRIME","PHEV",1,42
"JTMAB3FV0M",2021,"TOYOTA","RAV4 PRIME","PHEV",1,42
"JTMEB3FV6M",2021,"TOYOTA","RAV4 PRIME","PHEV",1,42
"JTMFB3FV8N",2022,"TOYOTA","RAV4 PRIME","PHEV",1,42
"JTMFB3FV8P",2023,"TOYOTA","RAV4 PRIME","PHEV",1,42
"JTMEB3FV3N",2022,"TOYOTA","RAV4 PRIME","PHEV",1,42
"JTMAB3FV0P",2023,"TOYOTA","RAV4 PRIME","PHEV",1,42
"JTMFB3FV6N",2022,"TOYOTA","RAV4 PRIME","PHEV",1,42
"JTMFB3FV6R",2024,"TOYOTA","RAV4 PRIME","PHEV",1,42
"JTMAB3FV1R",2024,"TOYOTA","RAV4 PRIME","PHEV",1,42
"JTMEB3FV8N",2022,"TOYOTA","RAV4 PRIME","PHEV",1,42
"JTMAB3FVXM",2021,"TOYOTA","RAV4 PRIME","PHEV",1,42
"JTMFB3FV3P",2023,"TOYOTA","RAV4 PRIME","PHEV",1,42
"JTMFB3FV7R",2024,"TOYOTA","RAV4 PRIME","PHEV",1,42
"JTMEB3FV6P",2023,"TOYOTA","RAV4 PRIME","PHEV",1,42
"JTMEB3FV7R",2024,"TOYOTA","RAV4 PRIME","PHEV",1,42
"JTMEB3FV6R",2024,"TOYOTA","RAV4 PRIME","PHEV",1,42
"JTMEB3FV2N",2022,"TOYOTA","RAV4 PRIME","PHEV",1,42
"JTMFB3FV5S",2025,"TOYOTA","RAV4 PRIME","PHEV",1,42
"JTMAB3FV7S",2025,"TOYOTA","RAV4 PRIME","PHEV",1,42
"JTMAB3FV8P",2023,"TOYOTA","RAV4 PRIME","PHEV",1,42
"JTMCB3FV2P",2023,"TOYOTA","RAV4 PRIME","PHEV",1,42
"JTMEB3FV0P",2023,"TOYOTA","RAV4 PRIME","PHEV",1,42
"JTMAB3FV3R",2024,"TOYOTA","RAV4 PRIME","PHEV",1,42
"JTMFB3FV5N",2022,"TOYOTA","RAV4 PRIME","PHEV",1,42
"JTMAB3FV7N",2022,"TOYOTA","RAV4 PRIME","PHEV",1,42
"JTMFB3FVXS",2025,"TOYOTA","RAV4 PRIME","PHEV",1,42
"JTMAB3FV1M",2021,"TOYOTA","RAV4 PRIME","PHEV",1,42
"JTMAB3FVXS",2025,"TOYOTA","RAV4 PRIME","PHEV",1,42
"JTMAB3FV2S",2025,"TOYOTA","RAV4 PRIME","PHEV",1,42
"JTMEB3FV9R",2024,"TOYOTA","RAV4 PRIME","PHEV",1,42
"JTMCB3FV7P",2023,"TOYOTA","RAV4 PRIME","PHEV",1,42
"JTMEB3FV1N",2022,"TOYOTA","RAV4 PRIME","PHEV",1,42
"JTMEB3FV2S",2025,"TOYOTA","RAV4 PRIME","PHEV",1,42
"JTMEB3FVXP",2023,"TOYOTA","RAV4 PRIME","PHEV",1,42
"JTMEB3FV0R",2024,"TOYOTA","RAV4 PRIME","PHEV",1,42
"JTMCB3FV3R",2024,"TOYOTA","RAV4 PRIME","PHEV",1,42
"JTMFB3FV8S",2025,"TOYOTA","RAV4 PRIME","PHEV",1,42
"JTMEB3FV3S",2025,"TOYOTA","RAV4 PRIME","PHEV",1,42
"JTMEB3FV1P",2023,"TOYOTA","RAV4 PRIME","PHEV",1,42
"JTMFB3FV9P",2023,"TOYOTA","RAV4 PRIME","PHEV",1,42
"JTMAB3FV5M",2021,"TOYOTA","RAV4 PRIME","PHEV",1,42
"JTMAB3FV9R",2024,"TOYOTA","RAV4 PRIME","PHEV",1,42
"JTMEB3FV7S",2025,"TOYOTA","RAV4 PRIME","PHEV",1,42
"JTMAB3FVXN",2022,"TOYOTA","RAV4 PRIME","PHEV",1,42
"JTMFB3FVXM",2021,"TOYOTA","RAV4 PRIME","PHEV",1,42
"JTMCB3FV4S",2025,"TOYOTA","RAV4 PRIME","PHEV",1,42
"JTMEB3FV7N",2022,"TOYOTA","RAV4 PRIME","PHEV",1,42
"JTMEB3FV8P",2023,"TOYOTA","RAV4 PRIME","PHEV",1,42
"JTMEB3FV5N",2022,"TOYOTA","RAV4 PRIME","PHEV",1,42
"JTMEB3FV6N",2022,"TOYOTA","RAV4 PRIME","PHEV",1,42
"JTMFB3FVXP",2023,"TOYOTA","RAV4 PRIME","PHEV",1,42
"JTMFB3FV1M",2021,"TOYOTA","RAV4 PRIME","PHEV",1,42
"JTMFB3FV3N",2022,"TOYOTA","RAV4 PRIME","PHEV",1,42
"JTMAB3FV0N",2022,"TOYOTA","RAV4 PRIME","PHEV",1,42
"JTMEB3FV5P",2023,"TOYOTA","RAV4 PRIME","PHEV",1,42
"JTMAB3FV4N",2022,"TOYOTA","RAV4 PRIME","PHEV",1,42
"JTMCB3FV7R",2024,"TOYOTA","RAV4 PRIME","PHEV",1,42
"JTMAB3FV6N",2022,"TOYOTA","RAV4 PRIME","PHEV",1,42
"JTMAB3FV0S",2025,"TOYOTA","RAV4 PRIME","PHEV",1,42
"JTMFB3FVXN",2022,"TOYOTA","RAV4 PRIME","PHEV",1,42
"JTMAB3FV3P",2023,"TOYOTA","RAV4 PRIME","PHEV",1,42
"JTMFB3FV2P",2023,"TOYOTA","RAV4 PRIME","PHEV",1,42
"JTMEB3FV2P",2023,"TOYOTA","RAV4 PRIME","PHEV",1,42
"JTMCB3FV2R",2024,"TOYOTA","RAV4 PRIME","PHEV",1,42
"JTMEB3FV9M",2021,"TOYOTA","RAV4 PRIME","PHEV",1,42
"JTMCB3FV8S",2025,"TOYOTA","RAV4 PRIME","PHEV",1,42
"JTMEB3FV2R",2024,"TOYOTA","RAV4 PRIME","PHEV",1,42
"JTMEB3FV3M",2021,"TOYOTA","RAV4 PRIME","PHEV",1,42
"JTMAB3FV2N",2022,"TOYOTA","RAV4 PRIME","PHEV",1,42
"JTMAB3FV5N",2022,"TOYOTA","RAV4 PRIME","PHEV",1,42
"JTMAB3FV3M",2021,"TOYOTA","RAV4 PRIME","PHEV",1,42
"JTMFB3FV9M",2021,"TOYOTA","RAV4 PRIME","PHEV",1,42
"JTMCB3FV1R",2024,"TOYOTA","RAV4 PRIME","PHEV",1,42
"JTMCB3FV1P",2023,"TOYOTA","RAV4 PRIME","PHEV",1,42
"JTMAB3FV8R",2024,"TOYOTA","RAV4 PRIME","PHEV",1,42
"JTMAB3FV9S",2025,"TOYOTA","RAV4 PRIME","PHEV",1,42
"JTMCB3FV3M",2021,"TOYOTA","RAV4 PRIME","PHEV",1,42
"JTMCB3FV8M",2021,"TOYOTA","RAV4 PRIME","PHEV",1,42
"JTMEB3FV3P",2023,"TOYOTA","RAV4 PRIME","PHEV",1,42
"JTMFB3FV0P",2023,"TOYOTA","RAV4 PRIME","PHEV",1,42
"JTMAB3FV9P",2023,"TOYOTA","RAV4 PRIME","PHEV",1,42
"JTMCB3FV4M",2021,"TOYOTA","RAV4 PRIME","PHEV",1,42
"JTMCB3FV6R",2024,"TOYOTA","RAV4 PRIME","PHEV",1,42
"JTMFB3FV5M",2021,"TOYOTA","RAV4 PRIME","PHEV",1,42
"JTMAB3FV1S",2025,"TOYOTA","RAV4 PRIME","PHEV",1,42
"JTMFB3FV6P",2023,"TOYOTA","RAV4 PRIME","PHEV",1,42
"JTMFB3FV7M",2021,"TOYOTA","RAV4 PRIME","PHEV",1,42
"JTMEB3FV2M",2021,"TOYOTA","RAV4 PRIME","PHEV",1,42
"JTMEB3FV9S",2025,"TOYOTA","RAV4 PRIME","PHEV",1,42
"JTMFB3FV9N",2022,"TOYOTA","RAV4 PRIME","PHEV",1,42
"JTMEB3FV4P",2023,"TOYOTA","RAV4 PRIME","PHEV",1,42
"JTMCB3FV0S",2025,"TOYOTA","RAV4 PRIME","PHEV",1,42
"JTMFB3FV3M",2021,"TOYOTA","RAV4 PRIME","PHEV",1,42
"JTMAB3FV5S",2025,"TOYOTA","RAV4 PRIME","PHEV",1,42
"JTMCB3FV4N",2022,"TOYOTA","RAV4 PRIME","PHEV",1,42
"JTMCB3FV9M",2021,"TOYOTA","RAV4 PRIME","PHEV",1,42
"JTMCB3FV5S",2025,"TOYOTA","RAV4 PRIME","PHEV",1,42
"JTMFB3FV1N",2022,"TOYOTA","RAV4 PRIME","PHEV",1,42
"JTMCB3FV5M",2021,"TOYOTA","RAV4 PRIME","PHEV",1,42
"JTMEB3FV1M",2021,"TOYOTA","RAV4 PRIME","PHEV",1,42
"JTMEB3FV4N",2022,"TOYOTA","RAV4 PRIME","PHEV",1,42
"JTMFB3FV4P",2023,"TOYOTA","RAV4 PRIME","PHEV",1,42
"JTMFB3FV5P",2023,"TOYOTA","RAV4 PRIME","PHEV",1,42
"JTMCB3FVXR",2024,"TOYOTA","RAV4 PRIME","PHEV",1,42
"JTMCB3FV8R",2024,"TOYOTA","RAV4 PRIME","PHEV",1,42
"JTMFB3FV7P",2023,"TOYOTA","RAV4 PRIME","PHEV",1,42
"JTMCB3FVXN",2022,"TOYOTA","RAV4 PRIME","PHEV",1,42
"JTMCB3FV6P",2023,"TOYOTA","RAV4 PRIME","PHEV",1,42
"JTMFB3FV1P",2023,"TOYOTA","RAV4 PRIME","PHEV",1,42
"JTMCB3FV3N",2022,"TOYOTA","RAV4 PRIME","PHEV",1,42
"JTMCB3FV9R",2024,"TOYOTA","RAV4 PRIME","PHEV",1,42
"JTMCB3FV4P",2023,"TOYOTA","RAV4 PRIME","PHEV",1,42
"JTMCB3FV7S",2025,"TOYOTA","RAV4 PRIME","PHEV",1,42
"JTMCB3FV3P",2023,"TOYOTA","RAV4 PRIME","PHEV",1,42
"JTMEB3FVXN",2022,"TOYOTA","RAV4 PRIME","PHEV",1,42
"JTMCB3FV1N",2022,"TOYOTA","RAV4 PRIME","PHEV",1,42
"JTMCB3FV0R",2024,"TOYOTA","RAV4 PRIME","PHEV",1,42
"JTMFB3FV2N",2022,"TOYOTA","RAV4 PRIME","PHEV",1,42
"JTMCB3FV6S",2025,"TOYOTA","RAV4 PRIME","PHEV",1,42
"JTMFB3FV4N",2022,"TOYOTA","RAV4 PRIME","PHEV",1,42
"JTMCB3FV6N",2022,"TOYOTA","RAV4 PRIME","PHEV",1,42
"JTMCB3FV2M",2021,"TOYOTA","RAV4 PRIME","PHEV",1,42
"JTMCB3FV6M",2021,"TOYOTA","RAV4 PRIME","PHEV",1,42
"JTMCB3FV2S",2025,"TOYOTA","RAV4 PRIME","PHEV",1,42
"JTMCB3FV5P",2023,"TOYOTA","RAV4 PRIME","PHEV",1,42
"JTMCB3FV1M",2021,"TOYOTA","RAV4 PRIME","PHEV",1,42
"JTMCB3FV0N",2022,"TOYOTA","RAV4 PRIME","PHEV",1,42
"JTMCB3FV0M",2021,"TOYOTA","RAV4 PRIME","PHEV",1,42
"JTMCB3FV5N",2022,"TOYOTA","RAV4 PRIME","PHEV",1,42
"JTMCB3FV7N",2022,"TOYOTA","RAV4 PRIME","PHEV",1,42
"JTMCB3FV2N",2022,"TOYOTA","RAV4 PRIME","PHEV",1,42
"JTMCB3FVXP",2023,"TOYOTA","RAV4 PRIME","PHEV",1,42
"JTMCB3FV9P",2023,"TOYOTA","RAV4 PRIME","PHEV",1,42
"JTMCB3FV9S",2025,"TOYOTA","RAV4 PRIME","PHEV",1,42
"JTMCB3FV7M",2021,"TOYOTA","RAV4 PRIME","PHEV",1,42
"JTDACACUXR",2024,"TOYOTA","PRIUS PRIME","PHEV",1,39
"JTDACACU9R",2024,"TOYOTA","PRIUS PRIME","PHEV",1,39
"JTDACACU7R",2024,"TOYOTA","PRIUS PRIME","PHEV",1,39
"JTDACACU2S",2025,"TOYOTA","PRIUS PRIME","PHEV",1,39
"JTDACACU4R",2024,"TOYOTA","PRIUS PRIME","PHEV",1,39
"JTDACACU5R",2024,"TOYOTA","PRIUS PRIME","PHEV",1,39
"JTDACACU3P",2023,"TOYOTA","PRIUS PRIME","PHEV",1,39
"JTDACACU6R",2024,"TOYOTA","PRIUS PRIME","PHEV",1,39
"JTDACACU6S",2025,"TOYOTA","PRIUS PRIME","PHEV",1,39
"JTDACACU3R",2024,"TOYOTA","PRIUS PRIME","PHEV",1,39
"JTDACACU8R",2024,"TOYOTA","PRIUS PRIME","PHEV",1,39
"2T3YL4DV5E",2014,"TOYOTA","RAV4","BEV",1,103
"JTDACACU0T",2026,"TOYOTA","PRIUS PRIME","PHEV",1,44
"JTDACACU9P",2023,"TOYOTA","PRIUS PRIME","PHEV",1,39
"JTDACACU1S",2025,"TOYOTA","PRIUS PRIME","PHEV",1,39
"JTDACACU5S",2025,"TOYOTA","PRIUS PRIME","PHEV",1,39
"2T3YL4DV0D",2013,"TOYOTA","RAV4","BEV",1,103
"JTDACACU0R",2024,"TOYOTA","PRIUS PRIME","PHEV",1,39
"JTDACACU7S",2025,"TOYOTA","PRIUS PRIME","PHEV",1,39
"JTDACACU8T",2026,"TOYOTA","PRIUS PRIME","PHEV",1,44
"JTDACACU4S",2025,"TOYOTA","PRIUS PRIME","PHEV",1,39
"2T3YL4DV7C",2012,"TOYOTA","RAV4","BEV",1,103
"JTDACACU9T",2026,"TOYOTA","PRIUS PRIME","PHEV",1,44
"JTDACACU1R",2024,"TOYOTA","PRIUS PRIME","PHEV",1,39
"JTDACACUXS",2025,"TOYOTA","PRIUS PRIME","PHEV",1,39
"2T3YL4DV9E",2014,"TOYOTA","RAV4","BEV",1,103
"JTDACACU6P",2023,"TOYOTA","PRIUS PRIME","PHEV",1,39
"2T3YL4DV7D",2013,"TOYOTA","RAV4","BEV",1,103
"JTDACACU5P",2023,"TOYOTA","PRIUS PRIME","PHEV",1,39
"JTDACACU2R",2024,"TOYOTA","PRIUS PRIME","PHEV",1,39
"JTDACACU4T",2026,"TOYOTA","PRIUS PRIME","PHEV",1,44
"JTDACACUXP",2023,"TOYOTA","PRIUS PRIME","PHEV",1,39
"JTDACACU6T",2026,"TOYOTA","PRIUS PRIME","PHEV",1,44
"JTDACACU2P",2023,"TOYOTA","PRIUS PRIME","PHEV",1,39
"JTDACACU3S",2025,"TOYOTA","PRIUS PRIME","PHEV",1,39
"JTDACACU0P",2023,"TOYOTA","PRIUS PRIME","PHEV",1,39
"JTDACACU0S",2025,"TOYOTA","PRIUS PRIME","PHEV",1,39
"JTDACACU8P",2023,"TOYOTA","PRIUS PRIME","PHEV",1,39
"2T3YL4DV0E",2014,"TOYOTA","RAV4","BEV",1,103
"JTDACACUXT",2026,"TOYOTA","PRIUS PRIME","PHEV",1,44
"JTDACACU9S",2025,"TOYOTA","PRIUS PRIME","PHEV",1,39
"JTDACACU7T",2026,"TOYOTA","PRIUS PRIME","PHEV",1,44
"JTDACACU4P",2023,"TOYOTA","PRIUS PRIME","PHEV",1,39
"JTDACACU5T",2026,"TOYOTA","PRIUS PRIME","PHEV",1,44
"JTDACACU1T",2026,"TOYOTA","PRIUS PRIME","PHEV",1,44
"2T3YL4DV4C",2012,"TOYOTA","RAV4","BEV",1,103
"JTDACACU8S",2025,"TOYOTA","PRIUS PRIME","PHEV",1,39
"2T3YL4DVXE",2014,"TOYOTA","RAV4","BEV",1,103
"2T3YL4DV3D",2013,"TOYOTA","RAV4","BEV",1,103
"2T3YL4DV2E",2014,"TOYOTA","RAV4","BEV",1,103
"2T3YL4DV3E",2014,"TOYOTA","RAV4","BEV",1,103
"2T3YL4DV8C",2012,"TOYOTA","RAV4","BEV",1,103
"2T3YL4DV4E",2014,"TOYOTA","RAV4","BEV",1,103
"2T3YL4DV8E",2014,"TOYOTA","RAV4","BEV",1,103
"2T3YL4DV6C",2012,"TOYOTA","RAV4","BEV",1,103
"JTDACACU2T",2026,"TOYOTA","PRIUS PRIME","PHEV",1,44
"JTDACACU3T",2026,"TOYOTA","PRIUS PRIME","PHEV",1,44
"2T3YL4DV0C",2012,"TOYOTA","RAV4","BEV",1,103
"2T3YL4DV2D",2013,"TOYOTA","RAV4","BEV",1,103
"JTDACACU7P",2023,"TOYOTA","PRIUS PRIME","PHEV",1,39
"2T3YL4DV6E",2014,"TOYOTA","RAV4","BEV",1,103
"JTDACACU1P",2023,"TOYOTA","PRIUS PRIME","PHEV",1,39
"2T3YL4DV3C",2012,"TOYOTA","RAV4","BEV",1,103
"2T3YL4DV1C",2012,"TOYOTA","RAV4","BEV",1,103
"2T3YL4DV5D",2013,"TOYOTA","RAV4","BEV",1,103
"2T3YL4DV8D",2013,"TOYOTA","RAV4","BEV",1,103
"2T3YL4DVXC",2012,"TOYOTA","RAV4","BEV",1,103
"2T3YL4DV7E",2014,"TOYOTA","RAV4","BEV",1,103
"2T3YL4DV1E",2014,"TOYOTA","RAV4","BEV",1,103
"2T3YL4DVXD",2013,"TOYOTA","RAV4","BEV",1,103
"2T3YL4DV1D",2013,"TOYOTA","RAV4","BEV",1,103
"JT3GS10VX3",2003,"TOYOTA","RAV4","BEV",1,95
"JT3GS10V02",2002,"TOYOTA","RAV4","BEV",1,95
"KM8K33AG5L",2020,"HYUNDAI","KONA","BEV",1,258
"KMHC75LJ6L",2020,"HYUNDAI","IONIQ","BEV",1,170
"KM8JBDD25R",2024,"HYUNDAI","TUCSON","PHEV",1,33
"KM8JFDD27R",2024,"HYUNDAI","TUCSON","PHEV",1,33
"KM8JFDD26R",2024,"HYUNDAI","TUCSON","PHEV",1,33
"KM8JFDA29P",2023,"HYUNDAI","TUCSON","PHEV",1,33
"KM8JFDD29R",2024,"HYUNDAI","TUCSON","PHEV",1,33
"KM8K53AG8L",2020,"HYUNDAI","KONA","BEV",1,258
"KMHC75LJ2L",2020,"HYUNDAI","IONIQ","BEV",1,170
"KMHC05LHXH",2017,"HYUNDAI","IONIQ","BEV",1,124
"KM8K33AG8L",2020,"HYUNDAI","KONA","BEV",1,258
"KM8JFDD28R",2024,"HYUNDAI","TUCSON","PHEV",1,33
"KMHC05LH0H",2017,"HYUNDAI","IONIQ","BEV",1,124
"KM8JFDD22R",2024,"HYUNDAI","TUCSON","PHEV",1,33
"KMHC85LJ4L",2020,"HYUNDAI","IONIQ","BEV",1,170
"KM8JFDD2XR",2024,"HYUNDAI","TUCSON","PHEV",1,33
"KM8K33AG7K",2019,"HYUNDAI","KONA","BEV",1,258
"KM8JBDD26R",2024,"HYUNDAI","TUCSON","PHEV",1,33
"KM8JFDD25R",2024,"HYUNDAI","TUCSON","PHEV",1,33
"KM8K33AG1K",2019,"HYUNDAI","KONA","BEV",1,258
"KM8S7DA26P",2023,"HYUNDAI","SANTA FE","PHEV",1,30
"KM8JBDD23R",2024,"HYUNDAI","TUCSON","PHEV",1,33
"KMHC85LJ3L",2020,"HYUNDAI","IONIQ","BEV",1,170
"KM8K53AG2K",2019,"HYUNDAI","KONA","BEV",1,258
"KM8S6DA26P",2023,"HYUNDAI","SANTA FE","PHEV",1,30
"KM8K23AG6L",2020,"HYUNDAI","KONA","BEV",1,258
"KM8JBDD21R",2024,"HYUNDAI","TUCSON","PHEV",1,33
"KM8S6DA22P",2023,"HYUNDAI","SANTA FE","PHEV",1,30
"KM8JBDD28R",2024,"HYUNDAI","TUCSON","PHEV",1,33
"KM8S7DA24P",2023,"HYUNDAI","SANTA FE","PHEV",1,30
"KM8JBDD2XR",2024,"HYUNDAI","TUCSON","PHEV",1,33
"KM8JBDD27R",2024,"HYUNDAI","TUCSON","PHEV",1,33
"KM8JFDA25P",2023,"HYUNDAI","TUCSON","PHEV",1,33
"KM8K53AG9L",2020,"HYUNDAI","KONA","BEV",1,258
"KM8JBDD29R",2024,"HYUNDAI","TUCSON","PHEV",1,33
"KM8JFDD23R",2024,"HYUNDAI","TUCSON","PHEV",1,33
"KM8S6DA26N",2022,"HYUNDAI","SANTA FE","PHEV",1,31
"KM8JBDA2XN",2022,"HYUNDAI","TUCSON","PHEV",1,33
"KM8K33AG2L",2020,"HYUNDAI","KONA","BEV",1,258
"KM8K53AG7L",2020,"HYUNDAI","KONA","BEV",1,258
"KM8S7DA23P",2023,"HYUNDAI","SANTA FE","PHEV",1,30
"KM8JBDD22R",2024,"HYUNDAI","TUCSON","PHEV",1,33
"KMHC05LH6H",2017,"HYUNDAI","IONIQ","BEV",1,124
"KM8JBDD24R",2024,"HYUNDAI","TUCSON","PHEV",1,33
"KM8K53AG6L",2020,"HYUNDAI","KONA","BEV",1,258
"KM8K53AG8K",2019,"HYUNDAI","KONA","BEV",1,258
"KM8JFDA24P",2023,"HYUNDAI","TUCSON","PHEV",1,33
"KM8K23AG2L",2020,"HYUNDAI","KONA","BEV",1,258
"KM8JFDA20N",2022,"HYUNDAI","TUCSON","PHEV",1,33
"KM8S7DA2XN",2022,"HYUNDAI","SANTA FE","PHEV",1,31
"KM8S7DA26N",2022,"HYUNDAI","SANTA FE","PHEV",1,31
"KM8S7DA28P",2023,"HYUNDAI","SANTA FE","PHEV",1,30
"KM8S7DA27N",2022,"HYUNDAI","SANTA FE","PHEV",1,31
"KM8K53AGXL",2020,"HYUNDAI","KONA","BEV",1,258
"KMHC75LJ9L",2020,"HYUNDAI","IONIQ","BEV",1,170
"KMHC85LJ2L",2020,"HYUNDAI","IONIQ","BEV",1,170
"KM8K23AG3L",2020,"HYUNDAI","KONA","BEV",1,258
"KM8JFDD21R",2024,"HYUNDAI","TUCSON","PHEV",1,33
"KM8S6DA24P",2023,"HYUNDAI","SANTA FE","PHEV",1,30
"KM8JFDA21P",2023,"HYUNDAI","TUCSON","PHEV",1,33
"KM8K33AG9L",2020,"HYUNDAI","KONA","BEV",1,258
"KM8JFDA23P",2023,"HYUNDAI","TUCSON","PHEV",1,33
"KM8K33AG6L",2020,"HYUNDAI","KONA","BEV",1,258
"KM8K33AG7L",2020,"HYUNDAI","KONA","BEV",1,258
"KM8JBDA23N",2022,"HYUNDAI","TUCSON","PHEV",1,33
"KM8JFDA2XP",2023,"HYUNDAI","TUCSON","PHEV",1,33
"KMHC75LJ3L",2020,"HYUNDAI","IONIQ","BEV",1,170
"KM8S7DA29P",2023,"HYUNDAI","SANTA FE","PHEV",1,30
"KM8S6DA27P",2023,"HYUNDAI","SANTA FE","PHEV",1,30
"KM8K53AG1L",2020,"HYUNDAI","KONA","BEV",1,258
"KM8S7DA2XP",2023,"HYUNDAI","SANTA FE","PHEV",1,30
"KM8K33AG3L",2020,"HYUNDAI","KONA","BEV",1,258
"KM8S6DA21P",2023,"HYUNDAI","SANTA FE","PHEV",1,30
"KM8JFDD24R",2024,"HYUNDAI","TUCSON","PHEV",1,33
"KM8JBDD20R",2024,"HYUNDAI","TUCSON","PHEV",1,33
"KM8S6DA27N",2022,"HYUNDAI","SANTA FE","PHEV",1,31
"KM8K53AG3L",2020,"HYUNDAI","KONA","BEV",1,258
"KM8S7DA22N",2022,"HYUNDAI","SANTA FE","PHEV",1,31
"KM8S7DA29N",2022,"HYUNDAI","SANTA FE","PHEV",1,31
"KM8S6DA29N",2022,"HYUNDAI","SANTA FE","PHEV",1,31
"KM8JBDA21N",2022,"HYUNDAI","TUCSON","PHEV",1,33
"KM8JFDA29N",2022,"HYUNDAI","TUCSON","PHEV",1,33
"KM8K33AG6K",2019,"HYUNDAI","KONA","BEV",1,258
"KMHC85LJ7L",2020,"HYUNDAI","IONIQ","BEV",1,170
"KM8S7DA21P",2023,"HYUNDAI","SANTA FE","PHEV",1,30
"KM8S7DA28N",2022,"HYUNDAI","SANTA FE","PHEV",1,31
"KM8K53AG4L",2020,"HYUNDAI","KONA","BEV",1,258
"KM8S6DA28N",2022,"HYUNDAI","SANTA FE","PHEV",1,31
"KM8JFDA22P",2023,"HYUNDAI","TUCSON","PHEV",1,33
"KM8S6DA20N",2022,"HYUNDAI","SANTA FE","PHEV",1,31
"KM8S6DA23P",2023,"HYUNDAI","SANTA FE","PHEV",1,30
"KM8K53AG0L",2020,"HYUNDAI","KONA","BEV",1,258
"KM8JFDA22N",2022,"HYUNDAI","TUCSON","PHEV",1,33
"KM8JBDA20N",2022,"HYUNDAI","TUCSON","PHEV",1,33
"KM8S7DA27P",2023,"HYUNDAI","SANTA FE","PHEV",1,30
"KM8K33AGXL",2020,"HYUNDAI","KONA","BEV",1,258
"KM8S7DA22P",2023,"HYUNDAI","SANTA FE","PHEV",1,30
"KM8S7DA20P",2023,"HYUNDAI","SANTA FE","PHEV",1,30
"KMHC05LH3K",2019,"HYUNDAI","IONIQ","BEV",1,124
"KM8JFDA28P",2023,"HYUNDAI","TUCSON","PHEV",1,33
"KM8JBDA29P",2023,"HYUNDAI","TUCSON","PHEV",1,33
"KM8JBDA28P",2023,"HYUNDAI","TUCSON","PHEV",1,33
"KM8S6DA28P",2023,"HYUNDAI","SANTA FE","PHEV",1,30
"KMHC05LH8K",2019,"HYUNDAI","IONIQ","BEV",1,124
"KM8S7DA25P",2023,"HYUNDAI","SANTA FE","PHEV",1,30
"KM8JFDD20R",2024,"HYUNDAI","TUCSON","PHEV",1,33
"KMHC05LH9H",2017,"HYUNDAI","IONIQ","BEV",1,124
"KM8JFDA25N",2022,"HYUNDAI","TUCSON","PHEV",1,33
"KMHC05LH0K",2019,"HYUNDAI","IONIQ","BEV",1,124
"KM8JBDA26N",2022,"HYUNDAI","TUCSON","PHEV",1,33
"KM8S7DA25N",2022,"HYUNDAI","SANTA FE","PHEV",1,31
"KM8JBDA2XP",2023,"HYUNDAI","TUCSON","PHEV",1,33
"KM8JFDA27N",2022,"HYUNDAI","TUCSON","PHEV",1,33
"KM8K23AGXL",2020,"HYUNDAI","KONA","BEV",1,258
"KM8JFDA21N",2022,"HYUNDAI","TUCSON","PHEV",1,33
"KM8S6DA25N",2022,"HYUNDAI","SANTA FE","PHEV",1,31
"KM8K23AG8L",2020,"HYUNDAI","KONA","BEV",1,258
"KM8K23AG8K",2019,"HYUNDAI","KONA","BEV",1,258
"KMHC85LJ0L",2020,"HYUNDAI","IONIQ","BEV",1,170
"KM8JFDA20P",2023,"HYUNDAI","TUCSON","PHEV",1,33
"KMHC85LJ6L",2020,"HYUNDAI","IONIQ","BEV",1,170
"KM8S6DA2XP",2023,"HYUNDAI","SANTA FE","PHEV",1,30
"KMHC75LJ8L",2020,"HYUNDAI","IONIQ","BEV",1,170
"KM8JBDA29N",2022,"HYUNDAI","TUCSON","PHEV",1,33
"KM8K53AG2L",2020,"HYUNDAI","KONA","BEV",1,258
"KM8K23AG5L",2020,"HYUNDAI","KONA","BEV",1,258
"KM8K23AG9K",2019,"HYUNDAI","KONA","BEV",1,258
"KM8K33AG0L",2020,"HYUNDAI","KONA","BEV",1,258
"KM8K53AG3K",2019,"HYUNDAI","KONA","BEV",1,258
"KM8JFDA24N",2022,"HYUNDAI","TUCSON","PHEV",1,33
"KM8K53AG9K",2019,"HYUNDAI","KONA","BEV",1,258
"KM8K23AG9L",2020,"HYUNDAI","KONA","BEV",1,258
"KM8S6DA25P",2023,"HYUNDAI","SANTA FE","PHEV",1,30
"KM8JBDA24P",2023,"HYUNDAI","TUCSON","PHEV",1,33
"KM8K33AG3K",2019,"HYUNDAI","KONA","BEV",1,258
"KMHC05LH5K",2019,"HYUNDAI","IONIQ","BEV",1,124
"KM8K33AG4L",2020,"HYUNDAI","KONA","BEV",1,258
"KM8K33AG4K",2019,"HYUNDAI","KONA","BEV",1,258
"KM8K53AG1K",2019,"HYUNDAI","KONA","BEV",1,258
"KM8K33AG2K",2019,"HYUNDAI","KONA","BEV",1,258
"KM8JFDA27P",2023,"HYUNDAI","TUCSON","PHEV",1,33
"KM8K23AG0L",2020,"HYUNDAI","KONA","BEV",1,258
"KM8K53AG5K",2019,"HYUNDAI","KONA","BEV",1,258
"KMHC85LJ8L",2020,"HYUNDAI","IONIQ","BEV",1,170
"KM8JBDA26P",2023,"HYUNDAI","TUCSON","PHEV",1,33
"KM8S6DA20P",2023,"HYUNDAI","SANTA FE","PHEV",1,30
"KM8K23AG4L",2020,"HYUNDAI","KONA","BEV",1,258
"KMHC85LJXL",2020,"HYUNDAI","IONIQ","BEV",1,170
"KMHC75LJ1L",2020,"HYUNDAI","IONIQ","BEV",1,170
"KM8S6DA23N",2022,"HYUNDAI","SANTA FE","PHEV",1,31
"KM8JFDA26N",2022,"HYUNDAI","TUCSON","PHEV",1,33
"KM8JBDA25P",2023,"HYUNDAI","TUCSON","PHEV",1,33
"KM8JBDA23P",2023,"HYUNDAI","TUCSON","PHEV",1,33
"KM8K53AG5L",2020,"HYUNDAI","KONA","BEV",1,258
"KM8S6DA2XN",2022,"HYUNDAI","SANTA FE","PHEV",1,31
"KMHC05LH9K",2019,"HYUNDAI","IONIQ","BEV",1,124
"KMHC05LH1H",2017,"HYUNDAI","IONIQ","BEV",1,124
"KM8K53AG7K",2019,"HYUNDAI","KONA","BEV",1,258
"KM8JBDA21P",2023,"HYUNDAI","TUCSON","PHEV",1,33
"KM8S7DA20N",2022,"HYUNDAI","SANTA FE","PHEV",1,31
"KMHC75LJ4L",2020,"HYUNDAI","IONIQ","BEV",1,170
"KM8JBDA20P",2023,"HYUNDAI","TUCSON","PHEV",1,33
"KM8S7DA24N",2022,"HYUNDAI","SANTA FE","PHEV",1,31
"KMHC75LJ7L",2020,"HYUNDAI","IONIQ","BEV",1,170
"KM8K33AG1L",2020,"HYUNDAI","KONA","BEV",1,258
"KM8K33AG0K",2019,"HYUNDAI","KONA","BEV",1,258
"KM8K33AG8K",2019,"HYUNDAI","KONA","BEV",1,258
"KMHC05LH1K",2019,"HYUNDAI","IONIQ","BEV",1,124
"KMHC75LH7H",2017,"HYUNDAI","IONIQ","BEV",1,124
"KMHC75LH5H",2017,"HYUNDAI","IONIQ","BEV",1,124
"KMHC85LJ9L",2020,"HYUNDAI","IONIQ","BEV",1,170
"KM8S6DA21N",2022,"HYUNDAI","SANTA FE","PHEV",1,31
"KM8JFDA28N",2022,"HYUNDAI","TUCSON","PHEV",1,33
"KM8JFDA23N",2022,"HYUNDAI","TUCSON","PHEV",1,33
"KM8JFDA26P",2023,"HYUNDAI","TUCSON","PHEV",1,33
"KM8K23AG1L",2020,"HYUNDAI","KONA","BEV",1,258
"KM8S6DA22N",2022,"HYUNDAI","SANTA FE","PHEV",1,31
"KM8K23AGXK",2019,"HYUNDAI","KONA","BEV",1,258
"KM8K33AGXK",2019,"HYUNDAI","KONA","BEV",1,258
"KM8S6DA29P",2023,"HYUNDAI","SANTA FE","PHEV",1,30
"KMHC75LH5J",2018,"HYUNDAI","IONIQ","BEV",1,124
"KM8K53AG0K",2019,"HYUNDAI","KONA","BEV",1,258
"KM8S7DA21N",2022,"HYUNDAI","SANTA FE","PHEV",1,31
"KMHC75LH7J",2018,"HYUNDAI","IONIQ","BEV",1,124
"KMHC05LH4K",2019,"HYUNDAI","IONIQ","BEV",1,124
"KM8JFDA2XN",2022,"HYUNDAI","TUCSON","PHEV",1,33
"KM8K23AG7L",2020,"HYUNDAI","KONA","BEV",1,258
"KM8JBDA27P",2023,"HYUNDAI","TUCSON","PHEV",1,33
"KM8K33AG9K",2019,"HYUNDAI","KONA","BEV",1,258
"KM8K53AG4K",2019,"HYUNDAI","KONA","BEV",1,258
"KMHC05LH6K",2019,"HYUNDAI","IONIQ","BEV",1,124
"KMHC75LH3J",2018,"HYUNDAI","IONIQ","BEV",1,124
"KM8K23AG6K",2019,"HYUNDAI","KONA","BEV",1,258
"KMHC75LJ0L",2020,"HYUNDAI","IONIQ","BEV",1,170
"KM8S6DA24N",2022,"HYUNDAI","SANTA FE","PHEV",1,31
"KM8JBDA27N",2022,"HYUNDAI","TUCSON","PHEV",1,33
"KM8K33AG5K",2019,"HYUNDAI","KONA","BEV",1,258
"KMHC85LJ5L",2020,"HYUNDAI","IONIQ","BEV",1,170
"KMHC75LH9H",2017,"HYUNDAI","IONIQ","BEV",1,124
"KMHC85LH7H",2017,"HYUNDAI","IONIQ","BEV",1,124
"KMHC75LJ5L",2020,"HYUNDAI","IONIQ","BEV",1,170
"KM8K53AGXK",2019,"HYUNDAI","KONA","BEV",1,258
"KMHC05LH2H",2017,"HYUNDAI","IONIQ","BEV",1,124
"KMHC85LH9H",2017,"HYUNDAI","IONIQ","BEV",1,124
"KMHC05LHXK",2019,"HYUNDAI","IONIQ","BEV",1,124
"KMHC85LJ1L",2020,"HYUNDAI","IONIQ","BEV",1,170
"KM8JBDA22N",2022,"HYUNDAI","TUCSON","PHEV",1,33
"KMHC05LH7K",2019,"HYUNDAI","IONIQ","BEV",1,124
"KMHC85LH3H",2017,"HYUNDAI","IONIQ","BEV",1,124
"KM8K23AG1K",2019,"HYUNDAI","KONA","BEV",1,258
"W1NKM5GBXT",2026,"MERCEDES-BENZ","GLC-CLASS","PHEV",1,54
"W1NKM5GB6S",2025,"MERCEDES-BENZ","GLC-CLASS","PHEV",1,54
"4JGFB4GB9S",2025,"MERCEDES-BENZ","GLE-CLASS","PHEV",1,49
"WDDVP9AB0F",2015,"MERCEDES-BENZ","B-CLASS","BEV",1,87
"W1NKM5GB9S",2025,"MERCEDES-BENZ","GLC-CLASS","PHEV",1,54
"W1NKM5GB0S",2025,"MERCEDES-BENZ","GLC-CLASS","PHEV",1,54
"W1NKM5GB1S",2025,"MERCEDES-BENZ","GLC-CLASS","PHEV",1,54
"4JGFB4GB6R",2024,"MERCEDES-BENZ","GLE-CLASS","PHEV",1,48
"W1NKM5GB6T",2026,"MERCEDES-BENZ","GLC-CLASS","PHEV",1,54
"4JGFB4GB0R",2024,"MERCEDES-BENZ","GLE-CLASS","PHEV",1,48
"WDDVP9AB7E",2014,"MERCEDES-BENZ","B-CLASS","BEV",1,87
"W1NKM5GB7S",2025,"MERCEDES-BENZ","GLC-CLASS","PHEV",1,54
"W1KLF6DB0T",2026,"MERCEDES-BENZ","E-CLASS","PHEV",1,43
"W1NKM5GB2S",2025,"MERCEDES-BENZ","GLC-CLASS","PHEV",1,54
"WDDVP9AB5G",2016,"MERCEDES-BENZ","B-CLASS","BEV",1,87
"4JGFB4GB4S",2025,"MERCEDES-BENZ","GLE-CLASS","PHEV",1,49
"4JGFB4GBXS",2025,"MERCEDES-BENZ","GLE-CLASS","PHEV",1,49
"4JGFB4GB7S",2025,"MERCEDES-BENZ","GLE-CLASS","PHEV",1,49
"4JGFB4GB0S",2025,"MERCEDES-BENZ","GLE-CLASS","PHEV",1,49
"W1NKM5GB5S",2025,"MERCEDES-BENZ","GLC-CLASS","PHEV",1,54
"W1NKM5GB0T",2026,"MERCEDES-BENZ","GLC-CLASS","PHEV",1,54
"4JGFB4GB8S",2025,"MERCEDES-BENZ","GLE-CLASS","PHEV",1,49
"4JGFB4GB2S",2025,"MERCEDES-BENZ","GLE-CLASS","PHEV",1,49
"4JGFB4GB3R",2024,"MERCEDES-BENZ","GLE-CLASS","PHEV",1,48
"WDDVP9AB3E",2014,"MERCEDES-BENZ","B-CLASS","BEV",1,87
"W1NKM5GB3S",2025,"MERCEDES-BENZ","GLC-CLASS","PHEV",1,54
"W1NKM5GB8S",2025,"MERCEDES-BENZ","GLC-CLASS","PHEV",1,54
"4JGFB4GB9T",2026,"MERCEDES-BENZ","GLE-CLASS","PHEV",1,49
"4JGFB4GB3S",2025,"MERCEDES-BENZ","GLE-CLASS","PHEV",1,49
"W1NKM5GBXS",2025,"MERCEDES-BENZ","GLC-CLASS","PHEV",1,54
"4JGFB4GBXT",2026,"MERCEDES-BENZ","GLE-CLASS","PHEV",1,49
"4JGFB4GB8R",2024,"MERCEDES-BENZ","GLE-CLASS","PHEV",1,48
"W1K6G6KB2S",2025,"MERCEDES-BENZ","S-CLASS","PHEV",1,47
"4JGFB4GB6S",2025,"MERCEDES-BENZ","GLE-CLASS","PHEV",1,49
"4JGFB4GB4R",2024,"MERCEDES-BENZ","GLE-CLASS","PHEV",1,48
"W1NKM5GB2T",2026,"MERCEDES-BENZ","GLC-CLASS","PHEV",1,54
"4JGFB4GB5R",2024,"MERCEDES-BENZ","GLE-CLASS","PHEV",1,48
"4JGFB4GB2R",2024,"MERCEDES-BENZ","GLE-CLASS","PHEV",1,48
"W1NKM5GB3T",2026,"MERCEDES-BENZ","GLC-CLASS","PHEV",1,54
"W1KLF6DB5S",2025,"MERCEDES-BENZ","E-CLASS","PHEV",1,43
"4JGFB4GB7R",2024,"MERCEDES-BENZ","GLE-CLASS","PHEV",1,48
"WDDVP9AB7H",2017,"MERCEDES-BENZ","B-CLASS","BEV",1,87
"4JGFB4GB5S",2025,"MERCEDES-BENZ","GLE-CLASS","PHEV",1,49
"WDDVP9AB9G",2016,"MERCEDES-BENZ","B-CLASS","BEV",1,87
"W1KLF6DB6S",2025,"MERCEDES-BENZ","E-CLASS","PHEV",1,43
"WDDVP9AB9F",2015,"MERCEDES-BENZ","B-CLASS","BEV",1,87
"W1NKM5GB4T",2026,"MERCEDES-BENZ","GLC-CLASS","PHEV",1,54
"WDDVP9AB8H",2017,"MERCEDES-BENZ","B-CLASS","BEV",1,87
"W1NKM5GB5T",2026,"MERCEDES-BENZ","GLC-CLASS","PHEV",1,54
"W1NKM5GB9T",2026,"MERCEDES-BENZ","GLC-CLASS","PHEV",1,54
"W1NKM5GB4S",2025,"MERCEDES-BENZ","GLC-CLASS","PHEV",1,54
"4JGFB4GB8T",2026,"MERCEDES-BENZ","GLE-CLASS","PHEV",1,49
"W1K6G6KB2R",2024,"MERCEDES-BENZ","S-CLASS","PHEV",1,46
"W1KLF6DB8S",2025,"MERCEDES-BENZ","E-CLASS","PHEV",1,43
"W1NKM5GB8T",2026,"MERCEDES-BENZ","GLC-CLASS","PHEV",1,54
"4JGFB4GB9R",2024,"MERCEDES-BENZ","GLE-CLASS","PHEV",1,48
"W1KLF6DB0S",2025,"MERCEDES-BENZ","E-CLASS","PHEV",1,43
"WDDVP9AB8E",2014,"MERCEDES-BENZ","B-CLASS","BEV",1,87
"WDDVP9AB0G",2016,"MERCEDES-BENZ","B-CLASS","BEV",1,87
"4JGFB4GB1R",2024,"MERCEDES-BENZ","GLE-CLASS","PHEV",1,48
"WDDVP9AB7G",2016,"MERCEDES-BENZ","B-CLASS","BEV",1,87
"WDDVP9AB3F",2015,"MERCEDES-BENZ","B-CLASS","BEV",1,87
"WDDVP9AB2F",2015,"MERCEDES-BENZ","B-CLASS","BEV",1,87
"4JGFB4GBXR",2024,"MERCEDES-BENZ","GLE-CLASS","PHEV",1,48
"WDDVP9ABXE",2014,"MERCEDES-BENZ","B-CLASS","BEV",1,87
"WDDVP9AB4H",2017,"MERCEDES-BENZ","B-CLASS","BEV",1,87
"W1KLF6DB9S",2025,"MERCEDES-BENZ","E-CLASS","PHEV",1,43
"W1KLH6DB8T",2026,"MERCEDES-BENZ","E-CLASS","PHEV",1,43
"WDDVP9AB6F",2015,"MERCEDES-BENZ","B-CLASS","BEV",1,87
"W1K6G6KB9R",2024,"MERCEDES-BENZ","S-CLASS","PHEV",1,46
"4JGFB4GB1S",2025,"MERCEDES-BENZ","GLE-CLASS","PHEV",1,49
"W1KLF6DB5T",2026,"MERCEDES-BENZ","E-CLASS","PHEV",1,43
"W1KLF6DB3S",2025,"MERCEDES-BENZ","E-CLASS","PHEV",1,43
"W1K6G6KB4R",2024,"MERCEDES-BENZ","S-CLASS","PHEV",1,46
"WDDVP9AB7F",2015,"MERCEDES-BENZ","B-CLASS","BEV",1,87
"WDDVP9ABXH",2017,"MERCEDES-BENZ","B-CLASS","BEV",1,87
"WDDVP9AB1G",2016,"MERCEDES-BENZ","B-CLASS","BEV",1,87
"4JGFB4GB3T",2026,"MERCEDES-BENZ","GLE-CLASS","PHEV",1,49
"W1NKM5GB1T",2026,"MERCEDES-BENZ","GLC-CLASS","PHEV",1,54
"WDDVP9AB5E",2014,"MERCEDES-BENZ","B-CLASS","BEV",1,87
"WDDVP9ABXF",2015,"MERCEDES-BENZ","B-CLASS","BEV",1,87
"W1K6G6KB0R",2024,"MERCEDES-BENZ","S-CLASS","PHEV",1,46
"W1KLF6DB2T",2026,"MERCEDES-BENZ","E-CLASS","PHEV",1,43
"W1KLF6DB1S",2025,"MERCEDES-BENZ","E-CLASS","PHEV",1,43
"W1KLF6DB7T",2026,"MERCEDES-BENZ","E-CLASS","PHEV",1,43
"WDDVP9AB4F",2015,"MERCEDES-BENZ","B-CLASS","BEV",1,87
"W1K6G6KB7S",2025,"MERCEDES-BENZ","S-CLASS","PHEV",1,47
"WDDVP9AB5F",2015,"MERCEDES-BENZ","B-CLASS","BEV",1,87
"4JGFB4GB4T",2026,"MERCEDES-BENZ","GLE-CLASS","PHEV",1,49
"W1KLF6DB4S",2025,"MERCEDES-BENZ","E-CLASS","PHEV",1,43
"W1K6G6KB3R",2024,"MERCEDES-BENZ","S-CLASS","PHEV",1,46
"WDDVP9AB3H",2017,"MERCEDES-BENZ","B-CLASS","BEV",1,87
"W1KLH6DB1T",2026,"MERCEDES-BENZ","E-CLASS","PHEV",1,43
"W1KLF6DB2S",2025,"MERCEDES-BENZ","E-CLASS","PHEV",1,43
"4JGFB4GB5T",2026,"MERCEDES-BENZ","GLE-CLASS","PHEV",1,49
"WDDVP9AB2E",2014,"MERCEDES-BENZ","B-CLASS","BEV",1,87
"WDDVP9AB4E",2014,"MERCEDES-BENZ","B-CLASS","BEV",1,87
"W1KLF6DB7S",2025,"MERCEDES-BENZ","E-CLASS","PHEV",1,43
"WDDVP9AB2G",2016,"MERCEDES-BENZ","B-CLASS","BEV",1,87
"WDDVP9AB6G",2016,"MERCEDES-BENZ","B-CLASS","BEV",1,87
"WDDVP9AB1E",2014,"MERCEDES-BENZ","B-CLASS","BEV",1,87
"W1K6G6KB0S",2025,"MERCEDES-BENZ","S-CLASS","PHEV",1,47
"W1NKM5GB7T",2026,"MERCEDES-BENZ","GLC-CLASS","PHEV",1,54
"WDDVP9AB6H",2017,"MERCEDES-BENZ","B-CLASS","BEV",1,87
"WDDVP9AB0E",2014,"MERCEDES-BENZ","B-CLASS","BEV",1,87
"W1KLH6DB0T",2026,"MERCEDES-BENZ","E-CLASS","PHEV",1,43
"W1K6G6KB8R",2024,"MERCEDES-BENZ","S-CLASS","PHEV",1,46
"WDDVP9ABXG",2016,"MERCEDES-BENZ","B-CLASS","BEV",1,87
"WDDVP9AB8G",2016,"MERCEDES-BENZ","B-CLASS","BEV",1,87
"W1K6G6KB9S",2025,"MERCEDES-BENZ","S-CLASS","PHEV",1,47
"4JGFB4GB7T",2026,"MERCEDES-BENZ","GLE-CLASS","PHEV",1,49
"W1NKJ8AB0T",2026,"MERCEDES-BENZ","GLC-CLASS","PHEV",1,54
"4JGFB4GB0T",2026,"MERCEDES-BENZ","GLE-CLASS","PHEV",1,49
"W1K6G6KB7R",2024,"MERCEDES-BENZ","S-CLASS","PHEV",1,46
"WDDVP9AB6E",2014,"MERCEDES-BENZ","B-CLASS","BEV",1,87
"W1KLF6DB8T",2026,"MERCEDES-BENZ","E-CLASS","PHEV",1,43
"W1K6G6KB6S",2025,"MERCEDES-BENZ","S-CLASS","PHEV",1,47
"4JGFB4GB2T",2026,"MERCEDES-BENZ","GLE-CLASS","PHEV",1,49
"W1KLF6DBXS",2025,"MERCEDES-BENZ","E-CLASS","PHEV",1,43
"W1KLF6DBXT",2026,"MERCEDES-BENZ","E-CLASS","PHEV",1,43
"W1KLF6DB3T",2026,"MERCEDES-BENZ","E-CLASS","PHEV",1,43
"WDDVP9AB3G",2016,"MERCEDES-BENZ","B-CLASS","BEV",1,87
"W1KLF6DB6T",2026,"MERCEDES-BENZ","E-CLASS","PHEV",1,43
"WDDVP9AB1H",2017,"MERCEDES-BENZ","B-CLASS","BEV",1,87
"W1KLH6DB9T",2026,"MERCEDES-BENZ","E-CLASS","PHEV",1,43
"WDDVP9AB9H",2017,"MERCEDES-BENZ","B-CLASS","BEV",1,87
"WA12AAGE5M",2021,"AUDI","E-TRON SPORTBACK","BEV",1,218
"WA13ABGE6M",2021,"AUDI","E-TRON SPORTBACK","BEV",1,218
"WA11AAGE3M",2021,"AUDI","E-TRON SPORTBACK","BEV",1,218
"WA12ABGE4L",2020,"AUDI","E-TRON SPORTBACK","BEV",1,218
"WA12AAGE4M",2021,"AUDI","E-TRON SPORTBACK","BEV",1,218
"WA12AAGE1M",2021,"AUDI","E-TRON SPORTBACK","BEV",1,218
"WA13ABGE9M",2021,"AUDI","E-TRON SPORTBACK","BEV",1,218
"WA13ABGE8M",2021,"AUDI","E-TRON SPORTBACK","BEV",1,218
"WA11AAGE0M",2021,"AUDI","E-TRON SPORTBACK","BEV",1,218
"WA13ABGE4M",2021,"AUDI","E-TRON SPORTBACK","BEV",1,218
"WA12AAGE0M",2021,"AUDI","E-TRON SPORTBACK","BEV",1,218
"WA13ABGE2M",2021,"AUDI","E-TRON SPORTBACK","BEV",1,218
"WA13ABGEXM",2021,"AUDI","E-TRON SPORTBACK","BEV",1,218
"WA12ABGEXL",2020,"AUDI","E-TRON SPORTBACK","BEV",1,218
"WA13ABGEXL",2020,"AUDI","E-TRON SPORTBACK","BEV",1,218
"WA13ABGE4L",2020,"AUDI","E-TRON SPORTBACK","BEV",1,218
"WA13ABGE3M",2021,"AUDI","E-TRON SPORTBACK","BEV",1,218
"WA12AAGE3M",2021,"AUDI","E-TRON SPORTBACK","BEV",1,218
"WA11AAGE5M",2021,"AUDI","E-TRON SPORTBACK","BEV",1,218
"WA12ABGE5L",2020,"AUDI","E-TRON SPORTBACK","BEV",1,218
"WA12ABGE8L",2020,"AUDI","E-TRON SPORTBACK","BEV",1,218
"WA11AAGE6M",2021,"AUDI","E-TRON SPORTBACK","BEV",1,218
"WA12AAGE2M",2021,"AUDI","E-TRON SPORTBACK","BEV",1,218
"WA12ABGE2L",2020,"AUDI","E-TRON SPORTBACK","BEV",1,218
"WA13ABGE7M",2021,"AUDI","E-TRON SPORTBACK","BEV",1,218
"WA13ABGE9L",2020,"AUDI","E-TRON SPORTBACK","BEV",1,218
"WA13ABGE5M",2021,"AUDI","E-TRON SPORTBACK","BEV",1,218
"WA11AAGE1M",2021,"AUDI","E-TRON SPORTBACK","BEV",1,218
"WA12AAGEXM",2021,"AUDI","E-TRON SPORTBACK","BEV",1,218
"WA12ABGE9L",2020,"AUDI","E-TRON SPORTBACK","BEV",1,218
"WA12AAGE8M",2021,"AUDI","E-TRON SPORTBACK","BEV",1,218
"WA13ABGE2L",2020,"AUDI","E-TRON SPORTBACK","BEV",1,218
"WA11AAGEXM",2021,"AUDI","E-TRON SPORTBACK","BEV",1,218
"WA12AAGE6M",2021,"AUDI","E-TRON SPORTBACK","BEV",1,218
"WA13ABGE5L",2020,"AUDI","E-TRON SPORTBACK","BEV",1,218
"WA11AAGE2M",2021,"AUDI","E-TRON SPORTBACK","BEV",1,218
"WA12ABGE0L",2020,"AUDI","E-TRON SPORTBACK","BEV",1,218
"WA13ABGE8L",2020,"AUDI","E-TRON SPORTBACK","BEV",1,218
"WA13ABGE1L",2020,"AUDI","E-TRON SPORTBACK","BEV",1,218
"WA13ABGE7L",2020,"AUDI","E-TRON SPORTBACK","BEV",1,218
"WA11AAGE9M",2021,"AUDI","E-TRON SPORTBACK","BEV",1,218
"WA1LAAGE7M",2021,"AUDI","E-TRON","BEV",1,222
"WA1LAAGE5K",2019,"AUDI","E-TRON","BEV",1,204
"WA1VAAGE4K",2019,"AUDI","E-TRON","BEV",1,204
"WA1VAAGE7K",2019,"AUDI","E-TRON","BEV",1,204
"WA1VABGEXK",2019,"AUDI","E-TRON","BEV",1,204
"WA1VAAGE5K",2019,"AUDI","E-TRON","BEV",1,204
"WA1VAAGE0K",2019,"AUDI","E-TRON","BEV",1,204
"WA1VABGE7K",2019,"AUDI","E-TRON","BEV",1,204
"WA1VABGE2K",2019,"AUDI","E-TRON","BEV",1,204
"WA1LAAGE0K",2019,"AUDI","E-TRON","BEV",1,204
"WA1LAAGE2K",2019,"AUDI","E-TRON","BEV",1,204
"WA1VAAGE6K",2019,"AUDI","E-TRON","BEV",1,204
"WA1VAAGEXK",2019,"AUDI","E-TRON","BEV",1,204
"WA1LAAGE1K",2019,"AUDI","E-TRON","BEV",1,204
"WA1LAAGE3M",2021,"AUDI","E-TRON","BEV",1,222
"WA1VABGE8K",2019,"AUDI","E-TRON","BEV",1,204
"WA1AAAGE3M",2021,"AUDI","E-TRON","BEV",1,222
"WA1VAAGE3K",2019,"AUDI","E-TRON","BEV",1,204
"WA1VABGEXM",2021,"AUDI","E-TRON","BEV",1,222
"WA1VABGE6K",2019,"AUDI","E-TRON","BEV",1,204
"WA1VABGE1K",2019,"AUDI","E-TRON","BEV",1,204
"WA1VAAGE1K",2019,"AUDI","E-TRON","BEV",1,204
"WA1VABGE4K",2019,"AUDI","E-TRON","BEV",1,204
"WA1AAAGE7M",2021,"AUDI","E-TRON","BEV",1,222
"WA1AAAGE0M",2021,"AUDI","E-TRON","BEV",1,222
"WA1LAAGE0M",2021,"AUDI","E-TRON","BEV",1,222
"WA1LAAGE3K",2019,"AUDI","E-TRON","BEV",1,204
"WA1AAAGE9M",2021,"AUDI","E-TRON","BEV",1,222
"WA1LAAGE4K",2019,"AUDI","E-TRON","BEV",1,204
"WA1VABGE9K",2019,"AUDI","E-TRON","BEV",1,204
"WA1AAAGE5M",2021,"AUDI","E-TRON","BEV",1,222
"WA1VAAGE9K",2019,"AUDI","E-TRON","BEV",1,204
"WA1LAAGE1M",2021,"AUDI","E-TRON","BEV",1,222
"WA1LABGE0K",2019,"AUDI","E-TRON","BEV",1,204
"WA1VAAGE2K",2019,"AUDI","E-TRON","BEV",1,204
"WA1VABGE5M",2021,"AUDI","E-TRON","BEV",1,222
"WA1AAAGE4M",2021,"AUDI","E-TRON","BEV",1,222
"WA1VAAGE8K",2019,"AUDI","E-TRON","BEV",1,204
"WA1VABGE3K",2019,"AUDI","E-TRON","BEV",1,204
"WA1LAAGE9K",2019,"AUDI","E-TRON","BEV",1,204
"WA1LAAGE8K",2019,"AUDI","E-TRON","BEV",1,204
"WA1AAAGE6M",2021,"AUDI","E-TRON","BEV",1,222
"WA1VABGE0K",2019,"AUDI","E-TRON","BEV",1,204
"WA1LABGE3K",2019,"AUDI","E-TRON","BEV",1,204
"WA1LABGEXK",2019,"AUDI","E-TRON","BEV",1,204
"WA1LAAGEXK",2019,"AUDI","E-TRON","BEV",1,204
"WA1AAAGE8M",2021,"AUDI","E-TRON","BEV",1,222
"WA1AAAGEXM",2021,"AUDI","E-TRON","BEV",1,222
"WA1LAAGE7K",2019,"AUDI","E-TRON","BEV",1,204
"WA1VABGE5K",2019,"AUDI","E-TRON","BEV",1,204
"WA1LAAGE9M",2021,"AUDI","E-TRON","BEV",1,222
"WA1AAAGE2M",2021,"AUDI","E-TRON","BEV",1,222
"WA1VABGE3M",2021,"AUDI","E-TRON","BEV",1,222
"WA1AAAGE1M",2021,"AUDI","E-TRON","BEV",1,222
"WA1VABGE1M",2021,"AUDI","E-TRON","BEV",1,222
"WA1LAAGE5M",2021,"AUDI","E-TRON","BEV",1,222
"WA1VABGE2M",2021,"AUDI","E-TRON","BEV",1,222
"WA1LAAGE2M",2021,"AUDI","E-TRON","BEV",1,222
"WA1LABGE5K",2019,"AUDI","E-TRON","BEV",1,204
"WA1LAAGE4M",2021,"AUDI","E-TRON","BEV",1,222
"WA1LABGE1K",2019,"AUDI","E-TRON","BEV",1,204
"WA1LAAGE8M",2021,"AUDI","E-TRON","BEV",1,222
"WA1LABGE6K",2019,"AUDI","E-TRON","BEV",1,204
"WA1LAAGE6K",2019,"AUDI","E-TRON","BEV",1,204
"WA1LABGE9K",2019,"AUDI","E-TRON","BEV",1,204
"WA1VABGE8M",2021,"AUDI","E-TRON","BEV",1,222
"WA1LAAGE6M",2021,"AUDI","E-TRON","BEV",1,222
"WA1VABGE4M",2021,"AUDI","E-TRON","BEV",1,222
"WA1LABGE7K",2019,"AUDI","E-TRON","BEV",1,204
"WA1VABGE6M",2021,"AUDI","E-TRON","BEV",1,222
"WA1VABGE0M",2021,"AUDI","E-TRON","BEV",1,222
"WA1LAAGEXM",2021,"AUDI","E-TRON","BEV",1,222
"WA1LABGE2K",2019,"AUDI","E-TRON","BEV",1,204
"WA1LABGE8K",2019,"AUDI","E-TRON","BEV",1,204
"WA1VABGE9M",2021,"AUDI","E-TRON","BEV",1,222
"WA1VABGE7M",2021,"AUDI","E-TRON","BEV",1,222
"WA1LABGE4K",2019,"AUDI","E-TRON","BEV",1,204
"WP0AC2Y1XL",2020,"PORSCHE","TAYCAN","BEV",1,192
"WP0AC2Y12M",2021,"PORSCHE","TAYCAN","BEV",1,192
"WP0AC2Y16L",2020,"PORSCHE","TAYCAN","BEV",1,192
"WP0AC2Y19L",2020,"PORSCHE","TAYCAN","BEV",1,192
"WP1AE2AY2R",2024,"PORSCHE","CAYENNE","PHEV",1,56
"WP0AB2Y10M",2021,"PORSCHE","TAYCAN","BEV",1,203
"WP0AC2Y13L",2020,"PORSCHE","TAYCAN","BEV",1,192
"WP1AA2XA8R",2024,"PORSCHE","MACAN","BEV",1,308
"WP0AB2Y16L",2020,"PORSCHE","TAYCAN","BEV",1,203
"WP0AB2Y16M",2021,"PORSCHE","TAYCAN","BEV",1,203
"WP0AB2Y18L",2020,"PORSCHE","TAYCAN","BEV",1,203
"WP1BN2AY3R",2024,"PORSCHE","CAYENNE","PHEV",1,55
"WP1AA2XA4R",2024,"PORSCHE","MACAN","BEV",1,308
"WP0AB2Y11M",2021,"PORSCHE","TAYCAN","BEV",1,203
"WP0AB2Y11L",2020,"PORSCHE","TAYCAN","BEV",1,203
"WP0AC2Y16M",2021,"PORSCHE","TAYCAN","BEV",1,192
"WP1AC2XA8R",2024,"PORSCHE","MACAN","BEV",1,288
"WP0AB2Y17M",2021,"PORSCHE","TAYCAN","BEV",1,203
"WP0AB2Y10L",2020,"PORSCHE","TAYCAN","BEV",1,203
"WP0AB2Y17L",2020,"PORSCHE","TAYCAN","BEV",1,203
"WP1AA2XA9R",2024,"PORSCHE","MACAN","BEV",1,308
"WP1AM2AY6R",2024,"PORSCHE","CAYENNE","PHEV",1,43
"WP0AB2Y15L",2020,"PORSCHE","TAYCAN","BEV",1,203
"WP0AB2Y12M",2021,"PORSCHE","TAYCAN","BEV",1,203
"WP1BN2AY1R",2024,"PORSCHE","CAYENNE","PHEV",1,55
"WP0AB2Y15M",2021,"PORSCHE","TAYCAN","BEV",1,203
"WP0AC2Y17L",2020,"PORSCHE","TAYCAN","BEV",1,192
"WP1AA2XAXR",2024,"PORSCHE","MACAN","BEV",1,308
"WP1AC2XAXR",2024,"PORSCHE","MACAN","BEV",1,288
"WP1AA2XA2R",2024,"PORSCHE","MACAN","BEV",1,308
"WP0AB2Y1XL",2020,"PORSCHE","TAYCAN","BEV",1,203
"WP0AC2Y10M",2021,"PORSCHE","TAYCAN","BEV",1,192
"WP0AB2Y13L",2020,"PORSCHE","TAYCAN","BEV",1,203
"WP1BE2AY0R",2024,"PORSCHE","CAYENNE","PHEV",1,56
"WP1AC2XA6R",2024,"PORSCHE","MACAN","BEV",1,288
"WP1AA2XA7R",2024,"PORSCHE","MACAN","BEV",1,308
"WP1AA2XA6R",2024,"PORSCHE","MACAN","BEV",1,308
"WP1AC2XA1R",2024,"PORSCHE","MACAN","BEV",1,288
"WP0AB2Y13M",2021,"PORSCHE","TAYCAN","BEV",1,203
"WP0AC2Y11M",2021,"PORSCHE","TAYCAN","BEV",1,192
"WP0AB2Y1XM",2021,"PORSCHE","TAYCAN","BEV",1,203
"WP0AC2Y14M",2021,"PORSCHE","TAYCAN","BEV",1,192
"WP1BN2AY4R",2024,"PORSCHE","CAYENNE","PHEV",1,55
"WP1AC2XA7R",2024,"PORSCHE","MACAN","BEV",1,288
"WP0AB2Y14L",2020,"PORSCHE","TAYCAN","BEV",1,203
"WP0AB2Y14M",2021,"PORSCHE","TAYCAN","BEV",1,203
"WP1AA2XA1R",2024,"PORSCHE","MACAN","BEV",1,308
"WP1AE2AY7R",2024,"PORSCHE","CAYENNE","PHEV",1,56
"WP0AC2Y17M",2021,"PORSCHE","TAYCAN","BEV",1,192
"WP0AB2Y19M",2021,"PORSCHE","TAYCAN","BEV",1,203
"WP1AA2XA3R",2024,"PORSCHE","MACAN","BEV",1,308
"WP1AM2AY9R",2024,"PORSCHE","CAYENNE","PHEV",1,43
"WP0AC2Y11L",2020,"PORSCHE","TAYCAN","BEV",1,192
"WP1AC2XA3R",2024,"PORSCHE","MACAN","BEV",1,288
"WP0AC2Y15M",2021,"PORSCHE","TAYCAN","BEV",1,192
"WP1BM2AY4R",2024,"PORSCHE","CAYENNE","PHEV",1,43
"WP1AA2XA0R",2024,"PORSCHE","MACAN","BEV",1,308
"WP1AC2XA0R",2024,"PORSCHE","MACAN","BEV",1,288
"WP1AE2AY8R",2024,"PORSCHE","CAYENNE","PHEV",1,56
"WP1AE2AY5R",2024,"PORSCHE","CAYENNE","PHEV",1,56
"WP1AA2XA5R",2024,"PORSCHE","MACAN","BEV",1,308
"WP0AC2Y15L",2020,"PORSCHE","TAYCAN","BEV",1,192
"WP0AC2Y10L",2020,"PORSCHE","TAYCAN","BEV",1,192
"WP1AN2AY6R",2024,"PORSCHE","CAYENNE","PHEV",1,56
"WP0AC2Y18L",2020,"PORSCHE","TAYCAN","BEV",1,192
"WP0AB2Y18M",2021,"PORSCHE","TAYCAN","BEV",1,203
"WP1AE2AY1R",2024,"PORSCHE","CAYENNE","PHEV",1,56
"WP1AC2XA2R",2024,"PORSCHE","MACAN","BEV",1,288
"WP1AE2AY9R",2024,"PORSCHE","CAYENNE","PHEV",1,56
"WP1BM2AYXR",2024,"PORSCHE","CAYENNE","PHEV",1,43
"WP0AB2Y19L",2020,"PORSCHE","TAYCAN","BEV",1,203
"WP1AE2AY4R",2024,"PORSCHE","CAYENNE","PHEV",1,56
"WP1AE2AY6R",2024,"PORSCHE","CAYENNE","PHEV",1,56
"WP0AB2Y12L",2020,"PORSCHE","TAYCAN","BEV",1,203
"WP1BE2AYXR",2024,"PORSCHE","CAYENNE","PHEV",1,56
"WP1BN2AY8R",2024,"PORSCHE","CAYENNE","PHEV",1,55
"WP0AC2Y12L",2020,"PORSCHE","TAYCAN","BEV",1,192
"WP0AC2Y14L",2020,"PORSCHE","TAYCAN","BEV",1,192
"WP1AN2AY3R",2024,"PORSCHE","CAYENNE","PHEV",1,56
"WP0AC2Y19M",2021,"PORSCHE","TAYCAN","BEV",1,192
"WP1AM2AY5R",2024,"PORSCHE","CAYENNE","PHEV",1,43
"WP1AN2AY0R",2024,"PORSCHE","CAYENNE","PHEV",1,56
"WP1BE2AY7R",2024,"PORSCHE","CAYENNE","PHEV",1,56
"WP1BM2AY1R",2024,"PORSCHE","CAYENNE","PHEV",1,43
"WP1BN2AY0R",2024,"PORSCHE","CAYENNE","PHEV",1,55
"WP1BN2AY5R",2024,"PORSCHE","CAYENNE","PHEV",1,55
"WP1AC2XA5R",2024,"PORSCHE","MACAN","BEV",1,288
"WP0AC2Y13M",2021,"PORSCHE","TAYCAN","BEV",1,192
"WP0AC2Y18M",2021,"PORSCHE","TAYCAN","BEV",1,192
"WP1AE2AYXR",2024,"PORSCHE","CAYENNE","PHEV",1,56
"WP1BN2AYXR",2024,"PORSCHE","CAYENNE","PHEV",1,55
"WP1BE2AY3R",2024,"PORSCHE","CAYENNE","PHEV",1,56
"WP1BM2AY8R",2024,"PORSCHE","CAYENNE","PHEV",1,43
"WP1AM2AY2R",2024,"PORSCHE","CAYENNE","PHEV",1,43
"WP0AC2Y1XM",2021,"PORSCHE","TAYCAN","BEV",1,192
"WP1AE2AY0R",2024,"PORSCHE","CAYENNE","PHEV",1,56
"WP1AN2AY5R",2024,"PORSCHE","CAYENNE","PHEV",1,56
"WP1AN2AY8R",2024,"PORSCHE","CAYENNE","PHEV",1,56
"WP1AN2AY9R",2024,"PORSCHE","CAYENNE","PHEV",1,56
"WP1AM2AYXR",2024,"PORSCHE","CAYENNE","PHEV",1,43
"SADHD2S17L",2020,"JAGUAR","I-PACE","BEV",1,234
"JA3215H15C",2012,"MITSUBISHI","I-MIEV","BEV",1,62
"53TBH2MC0B",2011,"TH!NK","CITY","BEV",1,100
"LPSED3KA1M",2021,"POLESTAR","PS2","BEV",1,233
"1G6RL1E48G",2016,"CADILLAC","ELR","PHEV",1,40
"SADHC2S15L",2020,"JAGUAR","I-PACE","BEV",1,234
"LREKK5RX0J",2018,"CADILLAC","CT6","PHEV",1,31
"LREKK5RX6H",2017,"CADILLAC","CT6","PHEV",1,31
"SAL1L9E42S",2025,"LAND ROVER","RANGE ROVER SPORT","PHEV",1,60
"WMEEJ9AAXG",2016,"SMART","FORTWO","BEV",1,68
"WMEEJ9AA2F",2015,"SMART","FORTWO ELECTRIC DRIVE","BEV",1,68
"WMEEJ9AA9G",2016,"SMART","FORTWO","BEV",1,68
"SAL119F44R",2024,"LAND ROVER","RANGE ROVER SPORT","PHEV",1,59
"SAL1L9E43S",2025,"LAND ROVER","RANGE ROVER SPORT","PHEV",1,60
"SAL1L9E44S",2025,"LAND ROVER","RANGE ROVER SPORT","PHEV",1,60
"LPSED3KA3M",2021,"POLESTAR","PS2","BEV",1,233
"SADHD2S17K",2019,"JAGUAR","I-PACE","BEV",1,234
"SADHD2S14K",2019,"JAGUAR","I-PACE","BEV",1,234
"JA3215H19C",2012,"MITSUBISHI","I-MIEV","BEV",1,62
"SADHD2S16L",2020,"JAGUAR","I-PACE","BEV",1,234
"SALK19F44R",2024,"LAND ROVER","RANGE ROVER","PHEV",1,59
"WMWXP3C08M",2021,"MINI","HARDTOP","BEV",1,110
"SALK19F41R",2024,"LAND ROVER","RANGE ROVER","PHEV",1,59
"SADHC2S17L",2020,"JAGUAR","I-PACE","BEV",1,234
"LPSED3KA7M",2021,"POLESTAR","PS2","BEV",1,233
"WMWXP3C02M",2021,"MINI","HARDTOP","BEV",1,110
"SADHD2S10L",2020,"JAGUAR","I-PACE","BEV",1,234
"LPSED3KAXM",2021,"POLESTAR","PS2","BEV",1,233
"LPSED3KA4M",2021,"POLESTAR","PS2","BEV",1,233
"SAL119F4XR",2024,"LAND ROVER","RANGE ROVER SPORT","PHEV",1,59
"WMWXP3C03M",2021,"MINI","HARDTOP","BEV",1,110
"SADHB2S18L",2020,"JAGUAR","I-PACE","BEV",1,234
"WMWXP3C07M",2021,"MINI","HARDTOP","BEV",1,110
"LPSED3KA5M",2021,"POLESTAR","PS2","BEV",1,233
"WMWXP3C00M",2021,"MINI","HARDTOP","BEV",1,110
"JA3215H48G",2016,"MITSUBISHI","I-MIEV","BEV",1,62
"SAL1L9E49S",2025,"LAND ROVER","RANGE ROVER SPORT","PHEV",1,60
"WMWXP3C01M",2021,"MINI","HARDTOP","BEV",1,110
"SADHD2S12L",2020,"JAGUAR","I-PACE","BEV",1,234
"SADHB2S17L",2020,"JAGUAR","I-PACE","BEV",1,234
"JA3215H45G",2016,"MITSUBISHI","I-MIEV","BEV",1,62
"LPSED3KA9M",2021,"POLESTAR","PS2","BEV",1,233
"JA3215H18C",2012,"MITSUBISHI","I-MIEV","BEV",1,62
"SADHB2S10L",2020,"JAGUAR","I-PACE","BEV",1,234
"SADHC2S16L",2020,"JAGUAR","I-PACE","BEV",1,234
"SADHB2S12L",2020,"JAGUAR","I-PACE","BEV",1,234
"WMWXP3C0XM",2021,"MINI","HARDTOP","BEV",1,110
"LPSED3KA6M",2021,"POLESTAR","PS2","BEV",1,233
"WMEEJ9AA7D",2013,"SMART","FORTWO ELECTRIC DRIVE","BEV",1,68
"LPSED3KA0M",2021,"POLESTAR","PS2","BEV",1,233
"WMWXP3C09M",2021,"MINI","HARDTOP","BEV",1,110
"WMEEJ9AA6D",2013,"SMART","FORTWO ELECTRIC DRIVE","BEV",1,68
"SADHB2S16L",2020,"JAGUAR","I-PACE","BEV",1,234
"JA3215H45E",2014,"MITSUBISHI","I-MIEV","BEV",1,62
"WMEEJ9AA0D",2013,"SMART","FORTWO ELECTRIC DRIVE","BEV",1,68
"WMEEJ9AA6F",2015,"SMART","FORTWO ELECTRIC DRIVE","BEV",1,68
"1W9WL21B6A",2010,"WHEEGO ELECTRIC CARS","WHEEGO","PHEV",1,100
"SADHC2S18L",2020,"JAGUAR","I-PACE","BEV",1,234
"LPSED3KA2M",2021,"POLESTAR","PS2","BEV",1,233
"WMEEJ9AA7F",2015,"SMART","FORTWO ELECTRIC DRIVE","BEV",1,68
"SAL1L9E46S",2025,"LAND ROVER","RANGE ROVER SPORT","PHEV",1,60
"WMEEJ9AA5D",2013,"SMART","FORTWO ELECTRIC DRIVE","BEV",1,68
"SADHB2S11L",2020,"JAGUAR","I-PACE","BEV",1,234
"WMEEJ9AA4G",2016,"SMART","FORTWO","BEV",1,68
"JA3215H47G",2016,"MITSUBISHI","I-MIEV","BEV",1,62
"SADHD2S19L",2020,"JAGUAR","I-PACE","BEV",1,234
"SADHD2S14L",2020,"JAGUAR","I-PACE","BEV",1,234
"SADHD2S18L",2020,"JAGUAR","I-PACE","BEV",1,234
"LREKK5RX2J",2018,"CADILLAC","CT6","PHEV",1,31
"LPSED3KA8M",2021,"POLESTAR","PS2","BEV",1,233
"1G6RM1E45G",2016,"CADILLAC","ELR","PHEV",1,36
"JA3215H1XC",2012,"MITSUBISHI","I-MIEV","BEV",1,62
"WMEEJ9AA9D",2013,"SMART","FORTWO ELECTRIC DRIVE","BEV",1,68
"SAL1L9E40S",2025,"LAND ROVER","RANGE ROVER SPORT","PHEV",1,60
"1G6RL1E41G",2016,"CADILLAC","ELR","PHEV",1,40
"537LS7D49B",2011,"AZURE DYNAMICS","TRANSIT CONNECT ELECTRIC","BEV",1,56
"SAL1L9E4XS",2025,"LAND ROVER","RANGE ROVER SPORT","PHEV",1,60
"WMEEJ9AA8G",2016,"SMART","FORTWO","BEV",1,68
"SAL119F49R",2024,"LAND ROVER","RANGE ROVER SPORT","PHEV",1,59
"SAL1L9E41S",2025,"LAND ROVER","RANGE ROVER SPORT","PHEV",1,60
"1G6RL1E46G",2016,"CADILLAC","ELR","PHEV",1,40
"WMEEJ9AA0F",2015,"SMART","FORTWO ELECTRIC DRIVE","BEV",1,68
"JA3215H13C",2012,"MITSUBISHI","I-MIEV","BEV",1,62
"WMEEJ9AA1F",2015,"SMART","FORTWO ELECTRIC DRIVE","BEV",1,68
"LREKK5RX2H",2017,"CADILLAC","CT6","PHEV",1,31
"WMEEJ9AA3G",2016,"SMART","FORTWO","BEV",1,68
"JA3215H42G",2016,"MITSUBISHI","I-MIEV","BEV",1,62
"WMWXP3C04M",2021,"MINI","HARDTOP","BEV",1,110
"WMEEJ9AA9F",2015,"SMART","FORTWO ELECTRIC DRIVE","BEV",1,68
"WMWXP3C05M",2021,"MINI","HARDTOP","BEV",1,110
"WMEEJ9AA0G",2016,"SMART","FORTWO","BEV",1,68
"SADHC2S12L",2020,"JAGUAR","I-PACE","BEV",1,234
"SADHD2S15K",2019,"JAGUAR","I-PACE","BEV",1,234
"SADHD2S16K",2019,"JAGUAR","I-PACE","BEV",1,234
"WMEFK9BA9H",2017,"SMART","FORTWO","BEV",1,57
"WMEEK9AA1E",2014,"SMART","FORTWO ELECTRIC DRIVE","BEV",1,68
"SAL119F42R",2024,"LAND ROVER","RANGE ROVER SPORT","PHEV",1,59
"SADHD2S15L",2020,"JAGUAR","I-PACE","BEV",1,234
"WMEEJ9AAXF",2015,"SMART","FORTWO ELECTRIC DRIVE","BEV",1,68
"SADHB2S14L",2020,"JAGUAR","I-PACE","BEV",1,234
"WMWXP3C06M",2021,"MINI","HARDTOP","BEV",1,110
"1G6RL1E47G",2016,"CADILLAC","ELR","PHEV",1,40
"SCBBR6ZG9S",2025,"BENTLEY","FLYING SPUR","PHEV",1,45
"SALKP9F4XT",2026,"LAND ROVER","RANGE ROVER","PHEV",1,50
"1G6RM1E43G",2016,"CADILLAC","ELR","PHEV",1,36
"JA3215H10C",2012,"MITSUBISHI","I-MIEV","BEV",1,62
"SAL1L9E47S",2025,"LAND ROVER","RANGE ROVER SPORT","PHEV",1,60
"1G6RL1E4XG",2016,"CADILLAC","ELR","PHEV",1,40
"SAL119F46R",2024,"LAND ROVER","RANGE ROVER SPORT","PHEV",1,59
"SALK19F48R",2024,"LAND ROVER","RANGE ROVER","PHEV",1,59
"SAL1L9E48S",2025,"LAND ROVER","RANGE ROVER SPORT","PHEV",1,60
"SADHD2S1XK",2019,"JAGUAR","I-PACE","BEV",1,234
"JA3215H49G",2016,"MITSUBISHI","I-MIEV","BEV",1,62
"LREKK5RX6J",2018,"CADILLAC","CT6","PHEV",1,31
"JA3215H17C",2012,"MITSUBISHI","I-MIEV","BEV",1,62
"SADHD2S13K",2019,"JAGUAR","I-PACE","BEV",1,234
"WMEEJ9AA4D",2013,"SMART","FORTWO ELECTRIC DRIVE","BEV",1,68
"SADHD2S18K",2019,"JAGUAR","I-PACE","BEV",1,234
"LREKK5RX1H",2017,"CADILLAC","CT6","PHEV",1,31
"WMEEJ9AA5F",2015,"SMART","FORTWO ELECTRIC DRIVE","BEV",1,68
"SADHD2S13L",2020,"JAGUAR","I-PACE","BEV",1,234
"1G6RM1E48G",2016,"CADILLAC","ELR","PHEV",1,36
"1W9WL21BXA",2010,"WHEEGO ELECTRIC CARS","WHEEGO","PHEV",1,100
"LREKK5RX5J",2018,"CADILLAC","CT6","PHEV",1,31
"1G6RL1E40G",2016,"CADILLAC","ELR","PHEV",1,40
"WMEEJ9AAXD",2013,"SMART","FORTWO ELECTRIC DRIVE","BEV",1,68
"JA3215H4XG",2016,"MITSUBISHI","I-MIEV","BEV",1,62
"WMEEJ9AA4F",2015,"SMART","FORTWO ELECTRIC DRIVE","BEV",1,68
"1G6RL1E45G",2016,"CADILLAC","ELR","PHEV",1,40
"SADHD2S19K",2019,"JAGUAR","I-PACE","BEV",1,234
"SALKP9F47P",2023,"LAND ROVER","RANGE ROVER","PHEV",1,51
"JA3215H47E",2014,"MITSUBISHI","I-MIEV","BEV",1,62
"SALK19F49R",2024,"LAND ROVER","RANGE ROVER","PHEV",1,59
"SADHD2S11L",2020,"JAGUAR","I-PACE","BEV",1,234
"SAL1L9E45S",2025,"LAND ROVER","RANGE ROVER SPORT","PHEV",1,60
"SADHD2S10K",2019,"JAGUAR","I-PACE","BEV",1,234
"53TBH2MC3B",2011,"TH!NK","CITY","BEV",1,100
"WMEEJ9AA1G",2016,"SMART","FORTWO","BEV",1,68
"SADHC2S11L",2020,"JAGUAR","I-PACE","BEV",1,234
"JA3215H41G",2016,"MITSUBISHI","I-MIEV","BEV",1,62
"SADHB2S19L",2020,"JAGUAR","I-PACE","BEV",1,234
"SADHD2S1XL",2020,"JAGUAR","I-PACE","BEV",1,234
"JA3215H48E",2014,"MITSUBISHI","I-MIEV","BEV",1,62
"SALK19F42R",2024,"LAND ROVER","RANGE ROVER","PHEV",1,59
"SCBCR2ZG3S",2025,"BENTLEY","CONTINENTAL","PHEV",1,50
"SADHC2S1XL",2020,"JAGUAR","I-PACE","BEV",1,234
"SADHB2S13L",2020,"JAGUAR","I-PACE","BEV",1,234
"JA3215H16C",2012,"MITSUBISHI","I-MIEV","BEV",1,62
"LREKK5RX9J",2018,"CADILLAC","CT6","PHEV",1,31
"JA3215H11C",2012,"MITSUBISHI","I-MIEV","BEV",1,62
"SADHD2S11K",2019,"JAGUAR","I-PACE","BEV",1,234
"SALKP9F4XP",2023,"LAND ROVER","RANGE ROVER","PHEV",1,51
"1G6RM1E4XG",2016,"CADILLAC","ELR","PHEV",1,36
"LREKK5RX3J",2018,"CADILLAC","CT6","PHEV",1,31
"SADHC2S14L",2020,"JAGUAR","I-PACE","BEV",1,234
"WMEEJ9AA5G",2016,"SMART","FORTWO","BEV",1,68
"JA3215H43E",2014,"MITSUBISHI","I-MIEV","BEV",1,62
"53TBH2MC4B",2011,"TH!NK","CITY","BEV",1,100
"SADHB2S15L",2020,"JAGUAR","I-PACE","BEV",1,234
"537LS7D48B",2011,"AZURE DYNAMICS","TRANSIT CONNECT ELECTRIC","BEV",1,56
"JA3215H4XE",2014,"MITSUBISHI","I-MIEV","BEV",1,62
"SAL119F41R",2024,"LAND ROVER","RANGE ROVER SPORT","PHEV",1,59
"WMEFK9BA8H",2017,"SMART","FORTWO","BEV",1,57
"1G6RM1E47G",2016,"CADILLAC","ELR","PHEV",1,36
"SCBDR4ZG8S",2025,"BENTLEY","CONTINENTAL","PHEV",1,30
"WMEEJ9AA3D",2013,"SMART","FORTWO ELECTRIC DRIVE","BEV",1,68
"SAL119F40R",2024,"LAND ROVER","RANGE ROVER SPORT","PHEV",1,59
"WMEEJ9AA2D",2013,"SMART","FORTWO ELECTRIC DRIVE","BEV",1,68
"ZPBUD6ZL5T",2026,"LAMBORGHINI","URUS","PHEV",1,35
"SADHB2S1XL",2020,"JAGUAR","I-PACE","BEV",1,234
"SALKP9F40P",2023,"LAND ROVER","RANGE ROVER","PHEV",1,51
"WMEEJ9AA3F",2015,"SMART","FORTWO ELECTRIC DRIVE","BEV",1,68
"1G6RM1E42G",2016,"CADILLAC","ELR","PHEV",1,36
"SCBBR6ZG3S",2025,"BENTLEY","FLYING SPUR","PHEV",1,45
"JA3215H41E",2014,"MITSUBISHI","I-MIEV","BEV",1,62
"1FTZR0813X",1999,"FORD","RANGER","BEV",1,74
"53TBH2MC9B",2011,"TH!NK","CITY","BEV",1,100
"1FTZR0812X",1999,"FORD","RANGER","BEV",1,74
"LREKK5RX4H",2017,"CADILLAC","CT6","PHEV",1,31
"JA3215H45H",2017,"MITSUBISHI","I-MIEV","BEV",1,59
"WMEEK9AA0E",2014,"SMART","FORTWO ELECTRIC DRIVE","BEV",1,68
"LREKK5RX8J",2018,"CADILLAC","CT6","PHEV",1,31
"SADHC2S10L",2020,"JAGUAR","I-PACE","BEV",1,234
"WMEEJ9AA6G",2016,"SMART","FORTWO","BEV",1,68
"SALK19F47R",2024,"LAND ROVER","RANGE ROVER","PHEV",1,59
"SADHC2S15K",2019,"JAGUAR","I-PACE","BEV",1,234
"1FADP3R46H",2017,"FORD","FOCUS","BEV",1,100
"1FADP3R43G",2016,"FORD","FOCUS","BEV",1,76
"1FADP3R4XH",2017,"FORD","FOCUS","BEV",1,100
"1FADP3R48D",2013,"FORD","FOCUS","BEV",1,76
"1FADP3R4XE",2014,"FORD","FOCUS","BEV",1,76
"1FADP3R41E",2014,"FORD","FOCUS","BEV",1,76
"1FADP3R45E",2014,"FORD","FOCUS","BEV",1,76
"1FADP3R42G",2016,"FORD","FOCUS","BEV",1,76
"1FADP3R46D",2013,"FORD","FOCUS","BEV",1,76
"1FADP3R48G",2016,"FORD","FOCUS","BEV",1,76
"1FADP3R41F",2015,"FORD","FOCUS","BEV",1,76
"1FADP3R44F",2015,"FORD","FOCUS","BEV",1,76
"1FADP3R41D",2013,"FORD","FOCUS","BEV",1,76
"1FADP3R4XD",2013,"FORD","FOCUS","BEV",1,76
"1FADP3R42F",2015,"FORD","FOCUS","BEV",1,76
"1FADP3R49D",2013,"FORD","FOCUS","BEV",1,76
"1FADP3R42E",2014,"FORD","FOCUS","BEV",1,76
"1FADP3R4XG",2016,"FORD","FOCUS","BEV",1,76
"1FADP3R47E",2014,"FORD","FOCUS","BEV",1,76
"1FAHP3R41C",2012,"FORD","FOCUS","BEV",1,76
"1FADP3R40F",2015,"FORD","FOCUS","BEV",1,76
"1FADP3R49G",2016,"FORD","FOCUS","BEV",1,76
"1FADP3R40D",2013,"FORD","FOCUS","BEV",1,76
"1FADP3R43E",2014,"FORD","FOCUS","BEV",1,76
"1FAHP3R43C",2012,"FORD","FOCUS","BEV",1,76
"1FAHP3R46C",2012,"FORD","FOCUS","BEV",1,76
"1FADP3R43J",2018,"FORD","FOCUS","BEV",1,100
"1FADP3R47D",2013,"FORD","FOCUS","BEV",1,76
"1FADP3R45F",2015,"FORD","FOCUS","BEV",1,76
"1FADP3R42D",2013,"FORD","FOCUS","BEV",1,76
"1FADP3R49H",2017,"FORD","FOCUS","BEV",1,100
"1FAHP3R47C",2012,"FORD","FOCUS","BEV",1,76
"1FADP3R49E",2014,"FORD","FOCUS","BEV",1,76
"1FADP3R47F",2015,"FORD","FOCUS","BEV",1,76
"1FADP3R45G",2016,"FORD","FOCUS","BEV",1,76
"1FADP3R47G",2016,"FORD","FOCUS","BEV",1,76
"1FADP3R41H",2017,"FORD","FOCUS","BEV",1,100
"1FADP3R40H",2017,"FORD","FOCUS","BEV",1,100
"1FADP3R46F",2015,"FORD","FOCUS","BEV",1,76
"1FAHP3R48C",2012,"FORD","FOCUS","BEV",1,76
"1FADP3R48E",2014,"FORD","FOCUS","BEV",1,76
"1FADP3R42H",2017,"FORD","FOCUS","BEV",1,100
"1FADP3R44H",2017,"FORD","FOCUS","BEV",1,100
"1FADP3R44G",2016,"FORD","FOCUS","BEV",1,76
"1FADP3R46E",2014,"FORD","FOCUS","BEV",1,76
"1FADP3R49J",2018,"FORD","FOCUS","BEV",1,100
"1FADP3R44E",2014,"FORD","FOCUS","BEV",1,76
"1FADP3R49F",2015,"FORD","FOCUS","BEV",1,76
"1FADP3R45H",2017,"FORD","FOCUS","BEV",1,100
"1FADP3R44D",2013,"FORD","FOCUS","BEV",1,76
"1FADP3R41J",2018,"FORD","FOCUS","BEV",1,100
"1FADP3R40E",2014,"FORD","FOCUS","BEV",1,76
"1FADP3R45D",2013,"FORD","FOCUS","BEV",1,76
"1FAHP3R4XC",2012,"FORD","FOCUS","BEV",1,76
"1FADP3R47H",2017,"FORD","FOCUS","BEV",1,100
"1FADP3R44J",2018,"FORD","FOCUS","BEV",1,100
"1FADP3R48H",2017,"FORD","FOCUS","BEV",1,100
"1FADP3R43D",2013,"FORD","FOCUS","BEV",1,76
"1FADP3R40G",2016,"FORD","FOCUS","BEV",1,76
"1FADP3R4XF",2015,"FORD","FOCUS","BEV",1,76
"1FADP3R48F",2015,"FORD","FOCUS","BEV",1,76
"1FADP3R41G",2016,"FORD","FOCUS","BEV",1,76
"1FADP3R40J",2018,"FORD","FOCUS","BEV",1,100
"1FAHP3R42C",2012,"FORD","FOCUS","BEV",1,76
"1FADP3R43F",2015,"FORD","FOCUS","BEV",1,76
"1FADP3R48J",2018,"FORD","FOCUS","BEV",1,100
"WMEFJ9BA2H",2017,"SMART","FORTWO","BEV",1,58
"WMEFJ9BA2J",2018,"SMART","EQ FORTWO","BEV",1,58
"SAL119F43S",2025,"LAND ROVER","RANGE ROVER SPORT","PHEV",1,58
"WMEEJ9AA6E",2014,"SMART","FORTWO ELECTRIC DRIVE","BEV",1,58
"SALKP9F48S",2025,"LAND ROVER","RANGE ROVER","PHEV",1,58
"WMEEJ9AA4E",2014,"SMART","FORTWO ELECTRIC DRIVE","BEV",1,58
"WMEFJ9BAXJ",2018,"SMART","EQ FORTWO","BEV",1,58
"WMEEJ9AA7E",2014,"SMART","FORTWO ELECTRIC DRIVE","BEV",1,58
"WMEEJ9AA0E",2014,"SMART","FORTWO ELECTRIC DRIVE","BEV",1,58
"WMEFJ9BA0H",2017,"SMART","FORTWO","BEV",1,58
"WMEFK9BAXJ",2018,"SMART","EQ FORTWO","BEV",1,58
"SALKP9F49S",2025,"LAND ROVER","RANGE ROVER","PHEV",1,58
"WMEEJ9AA8E",2014,"SMART","FORTWO ELECTRIC DRIVE","BEV",1,58
"SALK19F46S",2025,"LAND ROVER","RANGE ROVER","PHEV",1,58
"SAL119F47S",2025,"LAND ROVER","RANGE ROVER SPORT","PHEV",1,58
"SAL119F42S",2025,"LAND ROVER","RANGE ROVER SPORT","PHEV",1,58
"WMEFJ9BA7J",2018,"SMART","EQ FORTWO","BEV",1,58
"1FTZR0819Y",2000,"FORD","RANGER","BEV",1,58
"SALKP9F47S",2025,"LAND ROVER","RANGE ROVER","PHEV",1,58
"SAL119F48S",2025,"LAND ROVER","RANGE ROVER SPORT","PHEV",1,58
"WMEEJ9AA5E",2014,"SMART","FORTWO ELECTRIC DRIVE","BEV",1,58
"SAL119F49S",2025,"LAND ROVER","RANGE ROVER SPORT","PHEV",1,58
"SALKP9F44S",2025,"LAND ROVER","RANGE ROVER","PHEV",1,58
"WMEFJ9BA9H",2017,"SMART","FORTWO","BEV",1,58
"WMEEJ9AA3E",2014,"SMART","FORTWO ELECTRIC DRIVE","BEV",1,58
"WMEFK9BA3J",2018,"SMART","EQ FORTWO","BEV",1,58
"SAL119F46S",2025,"LAND ROVER","RANGE ROVER SPORT","PHEV",1,58
"SAL119F44S",2025,"LAND ROVER","RANGE ROVER SPORT","PHEV",1,58
"WMEFK9BA1J",2018,"SMART","EQ FORTWO","BEV",1,58
"SALKP9F46S",2025,"LAND ROVER","RANGE ROVER","PHEV",1,58
"WMEFJ9BA5H",2017,"SMART","FORTWO","BEV",1,58
"1FTZR0879Y",2000,"FORD","RANGER","BEV",1,58
"WMEFJ9BAXH",2017,"SMART","FORTWO","BEV",1,58
"WMEFJ9BA1J",2018,"SMART","EQ FORTWO","BEV",1,58
"SALK19F43S",2025,"LAND ROVER","RANGE ROVER","PHEV",1,58
"WMEFJ9BA8J",2018,"SMART","EQ FORTWO","BEV",1,58
"WMEFJ9BA1K",2019,"SMART","EQ FORTWO","BEV",1,58
"SAL119F40S",2025,"LAND ROVER","RANGE ROVER SPORT","PHEV",1,58
"WMEFJ9BA5K",2019,"SMART","EQ FORTWO","BEV",1,58
"SALK19F41S",2025,"LAND ROVER","RANGE ROVER","PHEV",1,58
"WMEFJ9BA9J",2018,"SMART","EQ FORTWO","BEV",1,58
"WMEFJ9BA0J",2018,"SMART","EQ FORTWO","BEV",1,58
"SALK19F45S",2025,"LAND ROVER","RANGE ROVER","PHEV",1,58
"WMEFJ9BA3H",2017,"SMART","FORTWO","BEV",1,58
"WMEEJ9AA9E",2014,"SMART","FORTWO ELECTRIC DRIVE","BEV",1,58
"SALKP9F42S",2025,"LAND ROVER","RANGE ROVER","PHEV",1,58
"WMEEJ9AA1E",2014,"SMART","FORTWO ELECTRIC DRIVE","BEV",1,58
"1FTZR0870Y",2000,"FORD","RANGER","BEV",1,58
"WMEEJ9AA2E",2014,"SMART","FORTWO ELECTRIC DRIVE","BEV",1,58
"WMEEJ9AABE",2014,"SMART","FORTWO ELECTRIC DRIVE","BEV",1,58
"SALK19F44S",2025,"LAND ROVER","RANGE ROVER","PHEV",1,58
"WMEFJ9BA7H",2017,"SMART","FORTWO","BEV",1,58
"SALKP9F45S",2025,"LAND ROVER","RANGE ROVER","PHEV",1,58
"SALK19F48S",2025,"LAND ROVER","RANGE ROVER","PHEV",1,58
"WMEFJ9BA5J",2018,"SMART","EQ FORTWO","BEV",1,58
"SALKP9F4XS",2025,"LAND ROVER","RANGE ROVER","PHEV",1,58
"SALKP9F43S",2025,"LAND ROVER","RANGE ROVER","PHEV",1,58
"WMEFK9BA4J",2018,"SMART","EQ FORTWO","BEV",1,58
"SALKP9F40S",2025,"LAND ROVER","RANGE ROVER","PHEV",1,58
"WMEFJ9BA6H",2017,"SMART","FORTWO","BEV",1,58
"SAL119F41S",2025,"LAND ROVER","RANGE ROVER SPORT","PHEV",1,58
"SALK19F4XS",2025,"LAND ROVER","RANGE ROVER","PHEV",1,58
"WMEFJ9BA6J",2018,"SMART","EQ FORTWO","BEV",1,58
"SALK19F42S",2025,"LAND ROVER","RANGE ROVER","PHEV",1,58
"WMEFK9BA0J",2018,"SMART","EQ FORTWO","BEV",1,58
"SALK19F49S",2025,"LAND ROVER","RANGE ROVER","PHEV",1,58
"1FTZR0817Y",2000,"FORD","RANGER","BEV",1,58
"WMEFJ9BA4H",2017,"SMART","FORTWO","BEV",1,58
"SALKP9F41S",2025,"LAND ROVER","RANGE ROVER","PHEV",1,58
"WMEEJ9AAXE",2014,"SMART","FORTWO ELECTRIC DRIVE","BEV",1,58
"WMEFJ9BA4K",2019,"SMART","EQ FORTWO","BEV",1,58
"1FTZR0816Y",2000,"FORD","RANGER","BEV",1,58
"WMEFJ9BA8H",2017,"SMART","FORTWO","BEV",1,58
"SAL119F4XS",2025,"LAND ROVER","RANGE ROVER SPORT","PHEV",1,58
"WMEFJ9BA2K",2019,"SMART","EQ FORTWO","BEV",1,58
"WMEFJ9BA3J",2018,"SMART","EQ FORTWO","BEV",1,58
"WMEFJ9BA3K",2019,"SMART","EQ FORTWO","BEV",1,58
"SALK19F47S",2025,"LAND ROVER","RANGE ROVER","PHEV",1,58
"WMEFK9BA7J",2018,"SMART","EQ FORTWO","BEV",1,58
"SAL119F45S",2025,"LAND ROVER","RANGE ROVER SPORT","PHEV",1,58
"3C3CFFGE5F",2015,"FIAT","500","BEV",1,87
"3C3CFFGE6G",2016,"FIAT","500","BEV",1,84
"3C3CFFGE4F",2015,"FIAT","500","BEV",1,87
"3C3CFFGE0G",2016,"FIAT","500","BEV",1,84
"3C3CFFGEXG",2016,"FIAT","500","BEV",1,84
"3C3CFFGE0D",2013,"FIAT","500","BEV",1,87
"3C3CFFGE4H",2017,"FIAT","500","BEV",1,84
"3C3CFFGE2F",2015,"FIAT","500","BEV",1,87
"3C3CFFGE9F",2015,"FIAT","500","BEV",1,87
"3C3CFFGEXF",2015,"FIAT","500","BEV",1,87
"3C3CFFGE1G",2016,"FIAT","500","BEV",1,84
"3C3CFFGE7H",2017,"FIAT","500","BEV",1,84
"3C3CFFGE3G",2016,"FIAT","500","BEV",1,84
"3C3CFFGE9H",2017,"FIAT","500","BEV",1,84
"3C3CFFGEXE",2014,"FIAT","500","BEV",1,87
"3C3CFFGE8F",2015,"FIAT","500","BEV",1,87
"3C3CFFGE9E",2014,"FIAT","500","BEV",1,87
"3C3CFFGE5H",2017,"FIAT","500","BEV",1,84
"3C3CFFGE2D",2013,"FIAT","500","BEV",1,87
"3C3CFFGE9G",2016,"FIAT","500","BEV",1,84
"3C3CFFGE0F",2015,"FIAT","500","BEV",1,87
"3C3CFFGE6F",2015,"FIAT","500","BEV",1,87
"3C3CFFGE8E",2014,"FIAT","500","BEV",1,87
"3C3CFFGEXH",2017,"FIAT","500","BEV",1,84
"3C3CFFGEXD",2013,"FIAT","500","BEV",1,87
"3C3CFFGE4G",2016,"FIAT","500","BEV",1,84
"3C3CFFGE7G",2016,"FIAT","500","BEV",1,84
"3C3CFFGE3D",2013,"FIAT","500","BEV",1,87
"3C3CFFGE8G",2016,"FIAT","500","BEV",1,84
"3C3CFFGE5D",2013,"FIAT","500","BEV",1,87
"3C3CFFGE0K",2019,"FIAT","500","BEV",1,84
"3C3CFFGE8J",2018,"FIAT","500","BEV",1,84
"3C3CFFGE7D",2013,"FIAT","500","BEV",1,87
"3C3CFFGE4E",2014,"FIAT","500","BEV",1,87
"3C3CFFGE8D",2013,"FIAT","500","BEV",1,87
"3C3CFFGE0J",2018,"FIAT","500","BEV",1,84
"3C3CFFGE4D",2013,"FIAT","500","BEV",1,87
"3C3CFFGE1F",2015,"FIAT","500","BEV",1,87
"3C3CFFGE7F",2015,"FIAT","500","BEV",1,87
"3C3CFFGE2G",2016,"FIAT","500","BEV",1,84
"3C3CFFGE1H",2017,"FIAT","500","BEV",1,84
"3C3CFFGE3H",2017,"FIAT","500","BEV",1,84
"3C3CFFGEXJ",2018,"FIAT","500","BEV",1,84
"3C3CFFGE2E",2014,"FIAT","500","BEV",1,87
"3C3CFFGE3E",2014,"FIAT","500","BEV",1,87
"3C3CFFGE7E",2014,"FIAT","500","BEV",1,87
"3C3CFFGE1E",2014,"FIAT","500","BEV",1,87
"3C3CFFGE0H",2017,"FIAT","500","BEV",1,84
"3C3CFFGE1D",2013,"FIAT","500","BEV",1,87
"3C3CFFGE5G",2016,"FIAT","500","BEV",1,84
"3C3CFFGE1J",2018,"FIAT","500","BEV",1,84
"3C3CFFGE7J",2018,"FIAT","500","BEV",1,84
"3C3CFFGE3F",2015,"FIAT","500","BEV",1,87
"3C3CFFGE9D",2013,"FIAT","500","BEV",1,87
"3C3CFFGE9J",2018,"FIAT","500","BEV",1,84
"3C3CFFGE0E",2014,"FIAT","500","BEV",1,87
"3C3CFFGE2K",2019,"FIAT","500","BEV",1,84
"3C3CFFGE6E",2014,"FIAT","500","BEV",1,87
"3C3CFFGE1K",2019,"FIAT","500","BEV",1,84
"3C3CFFGE8K",2019,"FIAT","500","BEV",1,84
"3C3CFFGE5J",2018,"FIAT","500","BEV",1,84
"3C3CFFGE2H",2017,"FIAT","500","BEV",1,84
"3C3CFFGE7K",2019,"FIAT","500","BEV",1,84
"3C3CFFGE4K",2019,"FIAT","500","BEV",1,84
"3C3CFFGE8H",2017,"FIAT","500","BEV",1,84
"3C3CFFGE2J",2018,"FIAT","500","BEV",1,84
"3C3CFFGE6H",2017,"FIAT","500","BEV",1,84
"3C3CFFGE6J",2018,"FIAT","500","BEV",1,84
"3C3CFFGE5E",2014,"FIAT","500","BEV",1,87
"3C3CFFGE6D",2013,"FIAT","500","BEV",1,87
"3C3CFFGE3K",2019,"FIAT","500","BEV",1,84
"3C3CFFGE3J",2018,"FIAT","500","BEV",1,84
"3C3CFFGEXK",2019,"FIAT","500","BEV",1,84
"JHMZC5F16M",2021,"HONDA","CLARITY","PHEV",1,48
"JHMZC5F19M",2021,"HONDA","CLARITY","PHEV",1,48
"JHMZC5F10M",2021,"HONDA","CLARITY","PHEV",1,48
"JHMZC5F18M",2021,"HONDA","CLARITY","PHEV",1,48
"JHMZC5F17M",2021,"HONDA","CLARITY","PHEV",1,48
"JHMZC5F12M",2021,"HONDA","CLARITY","PHEV",1,48
"JHMZC5F15M",2021,"HONDA","CLARITY","PHEV",1,48
"JHMZC5F19K",2019,"HONDA","CLARITY","PHEV",1,47
"JHMZC5F13J",2018,"HONDA","CLARITY","PHEV",1,47
"JHMZC5F34J",2018,"HONDA","CLARITY","PHEV",1,47
"JHMZC5F14J",2018,"HONDA","CLARITY","PHEV",1,47
"JHMZC5F12J",2018,"HONDA","CLARITY","PHEV",1,47
"JHMZC5F17K",2019,"HONDA","CLARITY","PHEV",1,47
"JHMZC5F15J",2018,"HONDA","CLARITY","PHEV",1,47
"JHMZC5F39J",2018,"HONDA","CLARITY","PHEV",1,47
"JHMZC5F3XJ",2018,"HONDA","CLARITY","PHEV",1,47
"JHMZC5F31J",2018,"HONDA","CLARITY","PHEV",1,47
"JHMZC5F37J",2018,"HONDA","CLARITY","PHEV",1,47
"JHMZC5F30J",2018,"HONDA","CLARITY","PHEV",1,47
"JHMZC5F36J",2018,"HONDA","CLARITY","PHEV",1,47
"JHMZC5F18J",2018,"HONDA","CLARITY","PHEV",1,47
"JHMZC5F16L",2020,"HONDA","CLARITY","PHEV",1,47
"JHMZC5F14K",2019,"HONDA","CLARITY","PHEV",1,47
"JHMZC5F16J",2018,"HONDA","CLARITY","PHEV",1,47
"JHMZC5F31K",2019,"HONDA","CLARITY","PHEV",1,47
"JHMZC5F3XM",2021,"HONDA","CLARITY","PHEV",1,47
"JHMZC5F11J",2018,"HONDA","CLARITY","PHEV",1,47
"JHMZC5F10J",2018,"HONDA","CLARITY","PHEV",1,47
"JHMZC5F10L",2020,"HONDA","CLARITY","PHEV",1,47
"JHMZC5F38J",2018,"HONDA","CLARITY","PHEV",1,47
"JHMZC5F12K",2019,"HONDA","CLARITY","PHEV",1,47
"JHMZC5F3XL",2020,"HONDA","CLARITY","PHEV",1,47
"JHMZC5F32K",2019,"HONDA","CLARITY","PHEV",1,47
"JHMZC5F10K",2019,"HONDA","CLARITY","PHEV",1,47
"JHMZC5F19J",2018,"HONDA","CLARITY","PHEV",1,47
"JHMZC5F1XK",2019,"HONDA","CLARITY","PHEV",1,47
"JHMZC5F18K",2019,"HONDA","CLARITY","PHEV",1,47
"JHMZC5F35J",2018,"HONDA","CLARITY","PHEV",1,47
"JHMZC5F32J",2018,"HONDA","CLARITY","PHEV",1,47
"JHMZC5F13K",2019,"HONDA","CLARITY","PHEV",1,47
"JHMZC5F37L",2020,"HONDA","CLARITY","PHEV",1,47
"JHMZC5F32M",2021,"HONDA","CLARITY","PHEV",1,47
"JHMZC5F38L",2020,"HONDA","CLARITY","PHEV",1,47
"JHMZC5F17L",2020,"HONDA","CLARITY","PHEV",1,47
"JHMZC5F33J",2018,"HONDA","CLARITY","PHEV",1,47
"JHMZC5F36K",2019,"HONDA","CLARITY","PHEV",1,47
"JHMZC5F15K",2019,"HONDA","CLARITY","PHEV",1,47
"JHMZC5F16K",2019,"HONDA","CLARITY","PHEV",1,47
"JHMZC5F17J",2018,"HONDA","CLARITY","PHEV",1,47
"JHMZC5F30M",2021,"HONDA","CLARITY","PHEV",1,47
"JHMZC5F1XL",2020,"HONDA","CLARITY","PHEV",1,47
"JHMZC5F15L",2020,"HONDA","CLARITY","PHEV",1,47
"JHMZC5F31M",2021,"HONDA","CLARITY","PHEV",1,47
"JHMZC5F11K",2019,"HONDA","CLARITY","PHEV",1,47
"JHMZC5F12L",2020,"HONDA","CLARITY","PHEV",1,47
"JHMZC5F19L",2020,"HONDA","CLARITY","PHEV",1,47
"JHMZC5F30K",2019,"HONDA","CLARITY","PHEV",1,47
"JHMZC5F38K",2019,"HONDA","CLARITY","PHEV",1,47
"JHMZC5F37K",2019,"HONDA","CLARITY","PHEV",1,47
"JHMZC5F36L",2020,"HONDA","CLARITY","PHEV",1,47
"JHMZC5F33L",2020,"HONDA","CLARITY","PHEV",1,47
"JHMZC5F32L",2020,"HONDA","CLARITY","PHEV",1,47
"JHMZC5F1XJ",2018,"HONDA","CLARITY","PHEV",1,47
"JHMZC5F39K",2019,"HONDA","CLARITY","PHEV",1,47
"JHMZC5F11L",2020,"HONDA","CLARITY","PHEV",1,47
"JHMZC5F33K",2019,"HONDA","CLARITY","PHEV",1,47
"JHMZC5F36M",2021,"HONDA","CLARITY","PHEV",1,47
"JHMZC5F39M",2021,"HONDA","CLARITY","PHEV",1,47
"JHMZC5F35M",2021,"HONDA","CLARITY","PHEV",1,47
"JHMZC5F30L",2020,"HONDA","CLARITY","PHEV",1,47
"JHMZC5F39L",2020,"HONDA","CLARITY","PHEV",1,47
"JHMZC5F34K",2019,"HONDA","CLARITY","PHEV",1,47
"JHMZC5F3XK",2019,"HONDA","CLARITY","PHEV",1,47
"JHMZC5F37M",2021,"HONDA","CLARITY","PHEV",1,47
"JHMZC5F13L",2020,"HONDA","CLARITY","PHEV",1,47
"JHMZC5F14L",2020,"HONDA","CLARITY","PHEV",1,47
"JHMZC5F34M",2021,"HONDA","CLARITY","PHEV",1,47
"JHMZC5F34L",2020,"HONDA","CLARITY","PHEV",1,47
"JHMZC5F18L",2020,"HONDA","CLARITY","PHEV",1,47
"JHMZC5F38M",2021,"HONDA","CLARITY","PHEV",1,47
"JHMZC5F31L",2020,"HONDA","CLARITY","PHEV",1,47
"JHMZC5F35K",2019,"HONDA","CLARITY","PHEV",1,47
"JHMZC5F35L",2020,"HONDA","CLARITY","PHEV",1,47
"YH4K14AA0C",2012,"FISKER","KARMA","PHEV",1,33
"ZASPATCW1R",2024,"ALFA ROMEO","TONALE","PHEV",1,33
"2C4RC1N72J",2018,"CHRYSLER","PACIFICA","PHEV",1,33
"2C4RC1N77J",2018,"CHRYSLER","PACIFICA","PHEV",1,33
"2C4RC1L7XJ",2018,"CHRYSLER","PACIFICA","PHEV",1,33
"2C4RC1L72J",2018,"CHRYSLER","PACIFICA","PHEV",1,33
"ZASPATDW7R",2024,"ALFA ROMEO","TONALE","PHEV",1,33
"2C4RC1L71J",2018,"CHRYSLER","PACIFICA","PHEV",1,33
"2C4RC1N76H",2017,"CHRYSLER","PACIFICA","PHEV",1,33
"2C4RC1L76J",2018,"CHRYSLER","PACIFICA","PHEV",1,33
"2C4RC1N70J",2018,"CHRYSLER","PACIFICA","PHEV",1,33
"ZASPATDW1R",2024,"ALFA ROMEO","TONALE","PHEV",1,33
"2C4RC1L75J",2018,"CHRYSLER","PACIFICA","PHEV",1,33
"5TDACAC65S",2025,"LEXUS","TX","PHEV",1,33
"2C4RC1N79J",2018,"CHRYSLER","PACIFICA","PHEV",1,33
"2C4RC1N75J",2018,"CHRYSLER","PACIFICA","PHEV",1,33
"2C4RC1N71J",2018,"CHRYSLER","PACIFICA","PHEV",1,33
"5TDACAC66R",2024,"LEXUS","TX","PHEV",1,33
"ZASPATDWXR",2024,"ALFA ROMEO","TONALE","PHEV",1,33
"2C4RC1N73J",2018,"CHRYSLER","PACIFICA","PHEV",1,33
"ZASPATDW6R",2024,"ALFA ROMEO","TONALE","PHEV",1,33
"2C4RC1H71J",2018,"CHRYSLER","PACIFICA","PHEV",1,33
"2C4RC1L79J",2018,"CHRYSLER","PACIFICA","PHEV",1,33
"2C4RC1N70H",2017,"CHRYSLER","PACIFICA","PHEV",1,33
"ZASPATDW4R",2024,"ALFA ROMEO","TONALE","PHEV",1,33
"2C4RC1L78J",2018,"CHRYSLER","PACIFICA","PHEV",1,33
"2C4RC1L77J",2018,"CHRYSLER","PACIFICA","PHEV",1,33
"5TDACAC69S",2025,"LEXUS","TX","PHEV",1,33
"2C4RC1H72J",2018,"CHRYSLER","PACIFICA","PHEV",1,33
"2C4RC1N79H",2017,"CHRYSLER","PACIFICA","PHEV",1,33
"2C4RC1N74J",2018,"CHRYSLER","PACIFICA","PHEV",1,33
"2C4RC1L74J",2018,"CHRYSLER","PACIFICA","PHEV",1,33
"2C4RC1H73J",2018,"CHRYSLER","PACIFICA","PHEV",1,33
"2C4RC1N77H",2017,"CHRYSLER","PACIFICA","PHEV",1,33
"ZASPATDW9R",2024,"ALFA ROMEO","TONALE","PHEV",1,33
"2C4RC1N7XJ",2018,"CHRYSLER","PACIFICA","PHEV",1,33
"2C4RC1N76J",2018,"CHRYSLER","PACIFICA","PHEV",1,33
"2C4RC1H76J",2018,"CHRYSLER","PACIFICA","PHEV",1,33
"2C4RC1H75J",2018,"CHRYSLER","PACIFICA","PHEV",1,33
"2C4RC1L70J",2018,"CHRYSLER","PACIFICA","PHEV",1,33
"5TDACAC64T",2026,"LEXUS","TX","PHEV",1,33
"ZASPATCW0R",2024,"ALFA ROMEO","TONALE","PHEV",1,33
"ZASPATCWXR",2024,"ALFA ROMEO","TONALE","PHEV",1,33
"5TDACAC68S",2025,"LEXUS","TX","PHEV",1,33
"5TDACAC66T",2026,"LEXUS","TX","PHEV",1,33
"2C4RC1L73J",2018,"CHRYSLER","PACIFICA","PHEV",1,33
"ZASPATAW9S",2025,"ALFA ROMEO","TONALE","PHEV",1,33
"2C4RC1N75H",2017,"CHRYSLER","PACIFICA","PHEV",1,33
"ZASPATCW7R",2024,"ALFA ROMEO","TONALE","PHEV",1,33
"5TDACAC68R",2024,"LEXUS","TX","PHEV",1,33
"5TDACAC61T",2026,"LEXUS","TX","PHEV",1,33
"2C4RC1N78J",2018,"CHRYSLER","PACIFICA","PHEV",1,33
"5TDACAC6XS",2025,"LEXUS","TX","PHEV",1,33
"ZASPATCW9R",2024,"ALFA ROMEO","TONALE","PHEV",1,33
"2C4RC1H7XJ",2018,"CHRYSLER","PACIFICA","PHEV",1,33
"5TDACAC67T",2026,"LEXUS","TX","PHEV",1,33
"5TDACAC69R",2024,"LEXUS","TX","PHEV",1,33
"2C4RC1N7XH",2017,"CHRYSLER","PACIFICA","PHEV",1,33
"5TDACAC62T",2026,"LEXUS","TX","PHEV",1,33
"2C4RC1H79J",2018,"CHRYSLER","PACIFICA","PHEV",1,33
"2C4RC1L71H",2017,"CHRYSLER","PACIFICA","PHEV",1,33
"ZASPATCW8R",2024,"ALFA ROMEO","TONALE","PHEV",1,33
"ZASPATDW5R",2024,"ALFA ROMEO","TONALE","PHEV",1,33
"ZASPATDW8R",2024,"ALFA ROMEO","TONALE","PHEV",1,33
"5TDACAC63R",2024,"LEXUS","TX","PHEV",1,33
"2C4RC1N71H",2017,"CHRYSLER","PACIFICA","PHEV",1,33
"2C4RC1N73H",2017,"CHRYSLER","PACIFICA","PHEV",1,33
"2C4RC1L78H",2017,"CHRYSLER","PACIFICA","PHEV",1,33
"2C4RC1N72H",2017,"CHRYSLER","PACIFICA","PHEV",1,33
"5TDACAC6XR",2024,"LEXUS","TX","PHEV",1,33
"5TDACAC64R",2024,"LEXUS","TX","PHEV",1,33
"5TDACAC67R",2024,"LEXUS","TX","PHEV",1,33
"2C4RC1N74H",2017,"CHRYSLER","PACIFICA","PHEV",1,33
"2C4RC1H70J",2018,"CHRYSLER","PACIFICA","PHEV",1,33
"ZASPATCW5R",2024,"ALFA ROMEO","TONALE","PHEV",1,33
"5TDACAC6XT",2026,"LEXUS","TX","PHEV",1,33
"2C4RC1H78J",2018,"CHRYSLER","PACIFICA","PHEV",1,33
"ZASPATDW3R",2024,"ALFA ROMEO","TONALE","PHEV",1,33
"2C4RC1L77H",2017,"CHRYSLER","PACIFICA","PHEV",1,33
"2C4RC1H77J",2018,"CHRYSLER","PACIFICA","PHEV",1,33
"2C4RC1L70H",2017,"CHRYSLER","PACIFICA","PHEV",1,33
"ZASPATDW2R",2024,"ALFA ROMEO","TONALE","PHEV",1,33
"5TDACAC67S",2025,"LEXUS","TX","PHEV",1,33
"ZASPATDW0R",2024,"ALFA ROMEO","TONALE","PHEV",1,33
"2C4RC1H74J",2018,"CHRYSLER","PACIFICA","PHEV",1,33
"ZASPATCW3R",2024,"ALFA ROMEO","TONALE","PHEV",1,33
"YH4K16AA9C",2012,"FISKER","KARMA","PHEV",1,33
"ZASPATAW4S",2025,"ALFA ROMEO","TONALE","PHEV",1,33
"ZASPATCW4R",2024,"ALFA ROMEO","TONALE","PHEV",1,33
"2C4RC1L75H",2017,"CHRYSLER","PACIFICA","PHEV",1,33
"5TDACAC69T",2026,"LEXUS","TX","PHEV",1,33
"5TDACAC64S",2025,"LEXUS","TX","PHEV",1,33
"2C4RC1N78H",2017,"CHRYSLER","PACIFICA","PHEV",1,33
"ZASPATCW6R",2024,"ALFA ROMEO","TONALE","PHEV",1,33
"5TDACAC60R",2024,"LEXUS","TX","PHEV",1,33
"2C4RC1L7XH",2017,"CHRYSLER","PACIFICA","PHEV",1,33
"5TDACAC62S",2025,"LEXUS","TX","PHEV",1,33
"2C4RC1L72H",2017,"CHRYSLER","PACIFICA","PHEV",1,33
"YH4K12AA9C",2012,"FISKER","KARMA","PHEV",1,33
"YH4K14AA5C",2012,"FISKER","KARMA","PHEV",1,33
"5TDACAC62R",2024,"LEXUS","TX","PHEV",1,33
"5TDACAC65R",2024,"LEXUS","TX","PHEV",1,33
"5TDACAC60S",2025,"LEXUS","TX","PHEV",1,33
"YH4K16AA7C",2012,"FISKER","KARMA","PHEV",1,33
"5TDACAC65T",2026,"LEXUS","TX","PHEV",1,33
"5TDACAC66S",2025,"LEXUS","TX","PHEV",1,33
"YH4K10BA2C",2012,"FISKER","KARMA","PHEV",1,33
"ZASPATCW2R",2024,"ALFA ROMEO","TONALE","PHEV",1,33
"2C4RC1L74H",2017,"CHRYSLER","PACIFICA","PHEV",1,33
"YH4K14AA6C",2012,"FISKER","KARMA","PHEV",1,33
"ZASPATTW3S",2025,"ALFA ROMEO","TONALE","PHEV",1,33
"WVWKR7AUXK",2019,"VOLKSWAGEN","E-GOLF","BEV",1,125
"WVWPR7AU6K",2019,"VOLKSWAGEN","E-GOLF","BEV",1,125
"WVWPR7AU4K",2019,"VOLKSWAGEN","E-GOLF","BEV",1,125
"WVWPR7AU1K",2019,"VOLKSWAGEN","E-GOLF","BEV",1,125
"WVWKR7AU8J",2018,"VOLKSWAGEN","E-GOLF","BEV",1,125
"WVWKP7AU2G",2016,"VOLKSWAGEN","E-GOLF","BEV",1,83
"WVWPP7AU4G",2016,"VOLKSWAGEN","E-GOLF","BEV",1,83
"WVWPP7AU1F",2015,"VOLKSWAGEN","E-GOLF","BEV",1,83
"WVWPP7AU6F",2015,"VOLKSWAGEN","E-GOLF","BEV",1,83
"WVWKP7AU4G",2016,"VOLKSWAGEN","E-GOLF","BEV",1,83
"WVWPP7AU4F",2015,"VOLKSWAGEN","E-GOLF","BEV",1,83
"WVWPP7AU9G",2016,"VOLKSWAGEN","E-GOLF","BEV",1,83
"WVWPR7AU0K",2019,"VOLKSWAGEN","E-GOLF","BEV",1,125
"WVWKR7AU9K",2019,"VOLKSWAGEN","E-GOLF","BEV",1,125
"WVWKR7AU0K",2019,"VOLKSWAGEN","E-GOLF","BEV",1,125
"WVWKR7AU8H",2017,"VOLKSWAGEN","E-GOLF","BEV",1,125
"WVWKP7AU7F",2015,"VOLKSWAGEN","E-GOLF","BEV",1,83
"WVWKP7AU5G",2016,"VOLKSWAGEN","E-GOLF","BEV",1,83
"WVWKR7AU6K",2019,"VOLKSWAGEN","E-GOLF","BEV",1,125
"WVWKR7AU4H",2017,"VOLKSWAGEN","E-GOLF","BEV",1,125
"WVWKR7AU2K",2019,"VOLKSWAGEN","E-GOLF","BEV",1,125
"WVWKP7AU8G",2016,"VOLKSWAGEN","E-GOLF","BEV",1,83
"WVWKR7AU1K",2019,"VOLKSWAGEN","E-GOLF","BEV",1,125
"WVWKR7AU3K",2019,"VOLKSWAGEN","E-GOLF","BEV",1,125
"WVWKP7AU6G",2016,"VOLKSWAGEN","E-GOLF","BEV",1,83
"WVWPP7AU5G",2016,"VOLKSWAGEN","E-GOLF","BEV",1,83
"WVWPP7AU1G",2016,"VOLKSWAGEN","E-GOLF","BEV",1,83
"WVWKP7AU9G",2016,"VOLKSWAGEN","E-GOLF","BEV",1,83
"WVWKR7AU5H",2017,"VOLKSWAGEN","E-GOLF","BEV",1,125
"WVWPR7AU8K",2019,"VOLKSWAGEN","E-GOLF","BEV",1,125
"WVWKR7AU2J",2018,"VOLKSWAGEN","E-GOLF","BEV",1,125
"WVWKP7AU3G",2016,"VOLKSWAGEN","E-GOLF","BEV",1,83
"WVWKP7AU7G",2016,"VOLKSWAGEN","E-GOLF","BEV",1,83
"WVWPR7AU9K",2019,"VOLKSWAGEN","E-GOLF","BEV",1,125
"WVWKP7AU1G",2016,"VOLKSWAGEN","E-GOLF","BEV",1,83
"WVWPR7AUXK",2019,"VOLKSWAGEN","E-GOLF","BEV",1,125
"WVWKR7AU1J",2018,"VOLKSWAGEN","E-GOLF","BEV",1,125
"WVWKP7AU0G",2016,"VOLKSWAGEN","E-GOLF","BEV",1,83
"WVWPR7AU3K",2019,"VOLKSWAGEN","E-GOLF","BEV",1,125
"WVWPR7AU2K",2019,"VOLKSWAGEN","E-GOLF","BEV",1,125
"WVWKR7AU8K",2019,"VOLKSWAGEN","E-GOLF","BEV",1,125
"WVWPP7AU9F",2015,"VOLKSWAGEN","E-GOLF","BEV",1,83
"WVWPR7AUXJ",2018,"VOLKSWAGEN","E-GOLF","BEV",1,125
"WVWPR7AU5K",2019,"VOLKSWAGEN","E-GOLF","BEV",1,125
"WVWKR7AU6J",2018,"VOLKSWAGEN","E-GOLF","BEV",1,125
"WVWKR7AU5K",2019,"VOLKSWAGEN","E-GOLF","BEV",1,125
"WVWPP7AU6G",2016,"VOLKSWAGEN","E-GOLF","BEV",1,83
"WVWKR7AU1H",2017,"VOLKSWAGEN","E-GOLF","BEV",1,125
"WVWKP7AU3F",2015,"VOLKSWAGEN","E-GOLF","BEV",1,83
"WVWPR7AU1J",2018,"VOLKSWAGEN","E-GOLF","BEV",1,125
"WVWPP7AU5F",2015,"VOLKSWAGEN","E-GOLF","BEV",1,83
"WVWKR7AU0H",2017,"VOLKSWAGEN","E-GOLF","BEV",1,125
"WVWPP7AU0F",2015,"VOLKSWAGEN","E-GOLF","BEV",1,83
"WVWPP7AUXF",2015,"VOLKSWAGEN","E-GOLF","BEV",1,83
"WVWKP7AU8F",2015,"VOLKSWAGEN","E-GOLF","BEV",1,83
"WVWKP7AUXG",2016,"VOLKSWAGEN","E-GOLF","BEV",1,83
"WVWPP7AU8G",2016,"VOLKSWAGEN","E-GOLF","BEV",1,83
"WVWPP7AU7F",2015,"VOLKSWAGEN","E-GOLF","BEV",1,83
"WVWKR7AU7H",2017,"VOLKSWAGEN","E-GOLF","BEV",1,125
"WVWPR7AU7K",2019,"VOLKSWAGEN","E-GOLF","BEV",1,125
"WVWPP7AU0G",2016,"VOLKSWAGEN","E-GOLF","BEV",1,83
"WVWKP7AU4F",2015,"VOLKSWAGEN","E-GOLF","BEV",1,83
"WVWKP7AU9F",2015,"VOLKSWAGEN","E-GOLF","BEV",1,83
"WVWKR7AU7K",2019,"VOLKSWAGEN","E-GOLF","BEV",1,125
"WVWKR7AUXJ",2018,"VOLKSWAGEN","E-GOLF","BEV",1,125
"WVWKR7AU4K",2019,"VOLKSWAGEN","E-GOLF","BEV",1,125
"WVWPP7AU7G",2016,"VOLKSWAGEN","E-GOLF","BEV",1,83
"WVWKR7AUXH",2017,"VOLKSWAGEN","E-GOLF","BEV",1,125
"WVWPP7AU8F",2015,"VOLKSWAGEN","E-GOLF","BEV",1,83
"WVWPR7AU6H",2017,"VOLKSWAGEN","E-GOLF","BEV",1,125
"WVWPR7AU8H",2017,"VOLKSWAGEN","E-GOLF","BEV",1,125
"WVWKR7AU3H",2017,"VOLKSWAGEN","E-GOLF","BEV",1,125
"WVWKP7AU2F",2015,"VOLKSWAGEN","E-GOLF","BEV",1,83
"WVWKR7AU7J",2018,"VOLKSWAGEN","E-GOLF","BEV",1,125
"WVWPP7AUXG",2016,"VOLKSWAGEN","E-GOLF","BEV",1,83
"WVWKR7AU3J",2018,"VOLKSWAGEN","E-GOLF","BEV",1,125
"WVWPP7AU2F",2015,"VOLKSWAGEN","E-GOLF","BEV",1,83
"WVWPR7AU0J",2018,"VOLKSWAGEN","E-GOLF","BEV",1,125
"WVWKP7AU5F",2015,"VOLKSWAGEN","E-GOLF","BEV",1,83
"WVWKP7AU0F",2015,"VOLKSWAGEN","E-GOLF","BEV",1,83
"WVWPP7AU2G",2016,"VOLKSWAGEN","E-GOLF","BEV",1,83
"WVWPR7AU3H",2017,"VOLKSWAGEN","E-GOLF","BEV",1,125
"WVWPP7AU3G",2016,"VOLKSWAGEN","E-GOLF","BEV",1,83
"WVWPR7AU9J",2018,"VOLKSWAGEN","E-GOLF","BEV",1,125
"WVWKR7AU2H",2017,"VOLKSWAGEN","E-GOLF","BEV",1,125
"WVWKR7AU4J",2018,"VOLKSWAGEN","E-GOLF","BEV",1,125
"WVWPR7AU2H",2017,"VOLKSWAGEN","E-GOLF","BEV",1,125
"WVWPP7AU3F",2015,"VOLKSWAGEN","E-GOLF","BEV",1,83
"WVWKR7AU5J",2018,"VOLKSWAGEN","E-GOLF","BEV",1,125
"WVWPR7AU7J",2018,"VOLKSWAGEN","E-GOLF","BEV",1,125
"WVWKR7AU9H",2017,"VOLKSWAGEN","E-GOLF","BEV",1,125
"WVWKR7AU9J",2018,"VOLKSWAGEN","E-GOLF","BEV",1,125
"WVWKP7AU1F",2015,"VOLKSWAGEN","E-GOLF","BEV",1,83
"WVWPR7AU4J",2018,"VOLKSWAGEN","E-GOLF","BEV",1,125
"WVWPR7AU0H",2017,"VOLKSWAGEN","E-GOLF","BEV",1,125
"WVWPR7AU4H",2017,"VOLKSWAGEN","E-GOLF","BEV",1,125
"WVWKP7AUXF",2015,"VOLKSWAGEN","E-GOLF","BEV",1,83
"WVWPR7AU8J",2018,"VOLKSWAGEN","E-GOLF","BEV",1,125
"WVWPR7AU3J",2018,"VOLKSWAGEN","E-GOLF","BEV",1,125
"WVWPR7AUXH",2017,"VOLKSWAGEN","E-GOLF","BEV",1,125
"WVWPR7AU7H",2017,"VOLKSWAGEN","E-GOLF","BEV",1,125
"WVWKP7AU6F",2015,"VOLKSWAGEN","E-GOLF","BEV",1,83
"JA4T5WA92R",2024,"MITSUBISHI","OUTLANDER","PHEV",1,38
"JA4T5VA9XP",2023,"MITSUBISHI","OUTLANDER","PHEV",1,38
"JA4T5UA94P",2023,"MITSUBISHI","OUTLANDER","PHEV",1,38
"JA4T5WA91S",2025,"MITSUBISHI","OUTLANDER","PHEV",1,38
"JA4T5WA96S",2025,"MITSUBISHI","OUTLANDER","PHEV",1,38
"JA4T5WA93S",2025,"MITSUBISHI","OUTLANDER","PHEV",1,38
"JA4T5WA93R",2024,"MITSUBISHI","OUTLANDER","PHEV",1,38
"JA4T5VA98S",2025,"MITSUBISHI","OUTLANDER","PHEV",1,38
"JA4T5UA90P",2023,"MITSUBISHI","OUTLANDER","PHEV",1,38
"JA4T5WA90S",2025,"MITSUBISHI","OUTLANDER","PHEV",1,38
"JA4T5VA97R",2024,"MITSUBISHI","OUTLANDER","PHEV",1,38
"JA4T5VA93S",2025,"MITSUBISHI","OUTLANDER","PHEV",1,38
"JA4T5UA93P",2023,"MITSUBISHI","OUTLANDER","PHEV",1,38
"JA4T5WA98S",2025,"MITSUBISHI","OUTLANDER","PHEV",1,38
"JA4T5VA96S",2025,"MITSUBISHI","OUTLANDER","PHEV",1,38
"JA4T5UA96P",2023,"MITSUBISHI","OUTLANDER","PHEV",1,38
"JA4T5WA90R",2024,"MITSUBISHI","OUTLANDER","PHEV",1,38
"JA4T5WA97S",2025,"MITSUBISHI","OUTLANDER","PHEV",1,38
"JA4T5WA9XS",2025,"MITSUBISHI","OUTLANDER","PHEV",1,38
"JA4T5VA99R",2024,"MITSUBISHI","OUTLANDER","PHEV",1,38
"JA4T5WA96R",2024,"MITSUBISHI","OUTLANDER","PHEV",1,38
"JA4T5VA99S",2025,"MITSUBISHI","OUTLANDER","PHEV",1,38
"JA4T5UA97P",2023,"MITSUBISHI","OUTLANDER","PHEV",1,38
"JA4T5VA92R",2024,"MITSUBISHI","OUTLANDER","PHEV",1,38
"JA4T5VA93P",2023,"MITSUBISHI","OUTLANDER","PHEV",1,38
"JA4T5WA94R",2024,"MITSUBISHI","OUTLANDER","PHEV",1,38
"JA4T5VA91R",2024,"MITSUBISHI","OUTLANDER","PHEV",1,38
"JA4T5VA9XR",2024,"MITSUBISHI","OUTLANDER","PHEV",1,38
"JA4T5VA98P",2023,"MITSUBISHI","OUTLANDER","PHEV",1,38
"JA4T5WA95S",2025,"MITSUBISHI","OUTLANDER","PHEV",1,38
"JA4T5VA94S",2025,"MITSUBISHI","OUTLANDER","PHEV",1,38
"JA4T5VA96P",2023,"MITSUBISHI","OUTLANDER","PHEV",1,38
"JA4T5VA95P",2023,"MITSUBISHI","OUTLANDER","PHEV",1,38
"JA4T5UA92P",2023,"MITSUBISHI","OUTLANDER","PHEV",1,38
"JA4T5WA91R",2024,"MITSUBISHI","OUTLANDER","PHEV",1,38
"JA4T5WA92S",2025,"MITSUBISHI","OUTLANDER","PHEV",1,38
"JA4T5VA98R",2024,"MITSUBISHI","OUTLANDER","PHEV",1,38
"JA4T5VA9XS",2025,"MITSUBISHI","OUTLANDER","PHEV",1,38
"JA4T5UA9XP",2023,"MITSUBISHI","OUTLANDER","PHEV",1,38
"JA4T5VA91S",2025,"MITSUBISHI","OUTLANDER","PHEV",1,38
"JA4T5VA95S",2025,"MITSUBISHI","OUTLANDER","PHEV",1,38
"JA4T5VA97P",2023,"MITSUBISHI","OUTLANDER","PHEV",1,38
"JA4T5VA90S",2025,"MITSUBISHI","OUTLANDER","PHEV",1,38
"JA4T5VA92S",2025,"MITSUBISHI","OUTLANDER","PHEV",1,38
"JA4T5VA94P",2023,"MITSUBISHI","OUTLANDER","PHEV",1,38
"JA4T5WA98R",2024,"MITSUBISHI","OUTLANDER","PHEV",1,38
"JA4T5WA94S",2025,"MITSUBISHI","OUTLANDER","PHEV",1,38
"JA4T5VA90P",2023,"MITSUBISHI","OUTLANDER","PHEV",1,38
"JA4T5UA95P",2023,"MITSUBISHI","OUTLANDER","PHEV",1,38
"JA4T5UA91S",2025,"MITSUBISHI","OUTLANDER","PHEV",1,38
"JA4T5WA99S",2025,"MITSUBISHI","OUTLANDER","PHEV",1,38
"JA4T5VA97S",2025,"MITSUBISHI","OUTLANDER","PHEV",1,38
"JA4T5VA95R",2024,"MITSUBISHI","OUTLANDER","PHEV",1,38
"JA4T5WA99R",2024,"MITSUBISHI","OUTLANDER","PHEV",1,38
"JA4T5VA92P",2023,"MITSUBISHI","OUTLANDER","PHEV",1,38
"JA4T5WA9XR",2024,"MITSUBISHI","OUTLANDER","PHEV",1,38
"JA4T5UA91P",2023,"MITSUBISHI","OUTLANDER","PHEV",1,38
"JA4T5VA91P",2023,"MITSUBISHI","OUTLANDER","PHEV",1,38
"JA4T5WA97R",2024,"MITSUBISHI","OUTLANDER","PHEV",1,38
"JA4T5UA98R",2024,"MITSUBISHI","OUTLANDER","PHEV",1,38
"JA4T5UA99P",2023,"MITSUBISHI","OUTLANDER","PHEV",1,38
"JA4T5WA95R",2024,"MITSUBISHI","OUTLANDER","PHEV",1,38
"JA4T5VA99P",2023,"MITSUBISHI","OUTLANDER","PHEV",1,38
"JA4T5VA93R",2024,"MITSUBISHI","OUTLANDER","PHEV",1,38
"JA4T5UA98P",2023,"MITSUBISHI","OUTLANDER","PHEV",1,38
"JA4T5VA90R",2024,"MITSUBISHI","OUTLANDER","PHEV",1,38
"JA4T5UA90R",2024,"MITSUBISHI","OUTLANDER","PHEV",1,38
"JA4T5VA94R",2024,"MITSUBISHI","OUTLANDER","PHEV",1,38
"JA4T5TA95P",2023,"MITSUBISHI","OUTLANDER","PHEV",1,38
"JA4T5TA91P",2023,"MITSUBISHI","OUTLANDER","PHEV",1,38
"JA4T5UA97R",2024,"MITSUBISHI","OUTLANDER","PHEV",1,38
"JA4T5UA95R",2024,"MITSUBISHI","OUTLANDER","PHEV",1,38
"JA4T5UA99S",2025,"MITSUBISHI","OUTLANDER","PHEV",1,38
"JA4T5VA96R",2024,"MITSUBISHI","OUTLANDER","PHEV",1,38
"JA4T5UA90S",2025,"MITSUBISHI","OUTLANDER","PHEV",1,38
"JA4T5UA9BP",2023,"MITSUBISHI","OUTLANDER","PHEV",1,38
"1FMCU0EZ8N",2022,"FORD","ESCAPE","PHEV",1,38
"1FMCU0LZXN",2022,"FORD","ESCAPE","PHEV",1,38
"1FMCU0KZ9N",2022,"FORD","ESCAPE","PHEV",1,38
"1FMCU0KZ7N",2022,"FORD","ESCAPE","PHEV",1,38
"JTJCJMGA5T",2026,"LEXUS","RX","PHEV",1,38
"JTJCJMGA7T",2026,"LEXUS","RX","PHEV",1,38
"1FMCU0LZ9N",2022,"FORD","ESCAPE","PHEV",1,38
"1FMCU0KZXN",2022,"FORD","ESCAPE","PHEV",1,38
"1FMCU0LZ2N",2022,"FORD","ESCAPE","PHEV",1,38
"1FMCU0KZ8N",2022,"FORD","ESCAPE","PHEV",1,38
"JTJCJMGA9T",2026,"LEXUS","RX","PHEV",1,38
"1FMCU0EZ9N",2022,"FORD","ESCAPE","PHEV",1,38
"1FMCU0LZ6M",2021,"FORD","ESCAPE","PHEV",1,38
"1FMCU0LZ1N",2022,"FORD","ESCAPE","PHEV",1,38
"JTJCJMGA1T",2026,"LEXUS","RX","PHEV",1,38
"JTJCJMGAXT",2026,"LEXUS","RX","PHEV",1,38
"1FMCU0EZ5N",2022,"FORD","ESCAPE","PHEV",1,38
"1FMCU0EZ4N",2022,"FORD","ESCAPE","PHEV",1,38
"1FMCU0LZ4M",2021,"FORD","ESCAPE","PHEV",1,38
"1FMCU0LZ4N",2022,"FORD","ESCAPE","PHEV",1,38
"1FMCU0EZ2N",2022,"FORD","ESCAPE","PHEV",1,38
"JTJCJMGA0T",2026,"LEXUS","RX","PHEV",1,38
"1FMCU0LZ8N",2022,"FORD","ESCAPE","PHEV",1,38
"1FMCU0KZ6N",2022,"FORD","ESCAPE","PHEV",1,38
"1FMCU0LZ3N",2022,"FORD","ESCAPE","PHEV",1,38
"1FMCU0KZ4N",2022,"FORD","ESCAPE","PHEV",1,38
"JTJCJMGA4T",2026,"LEXUS","RX","PHEV",1,38
"1FMCU0EZ9M",2021,"FORD","ESCAPE","PHEV",1,38
"1FMCU0EZ1N",2022,"FORD","ESCAPE","PHEV",1,38
"1FMCU0LZ8M",2021,"FORD","ESCAPE","PHEV",1,38
"1FMCU0KZ3N",2022,"FORD","ESCAPE","PHEV",1,38
"JTJCJMGA2T",2026,"LEXUS","RX","PHEV",1,38
"1FMCU0KZ7M",2021,"FORD","ESCAPE","PHEV",1,38
"1FMCU0LZ3M",2021,"FORD","ESCAPE","PHEV",1,38
"1FMCU0KZ1M",2021,"FORD","ESCAPE","PHEV",1,38
"1FMCU0LZ2M",2021,"FORD","ESCAPE","PHEV",1,38
"1FMCU0EZXN",2022,"FORD","ESCAPE","PHEV",1,38
"1FMCU0KZ3M",2021,"FORD","ESCAPE","PHEV",1,38
"JTJCJMGA3T",2026,"LEXUS","RX","PHEV",1,38
"1FMCU0LZ7N",2022,"FORD","ESCAPE","PHEV",1,38
"1FMCU0LZ7M",2021,"FORD","ESCAPE","PHEV",1,38
"1FMCU0LZ0M",2021,"FORD","ESCAPE","PHEV",1,38
"1FMCU0KZ1N",2022,"FORD","ESCAPE","PHEV",1,38
"1FMCU0LZ0N",2022,"FORD","ESCAPE","PHEV",1,38
"1FMCU0EZXM",2021,"FORD","ESCAPE","PHEV",1,38
"1FMCU0LZXM",2021,"FORD","ESCAPE","PHEV",1,38
"1FMCU0EZ7N",2022,"FORD","ESCAPE","PHEV",1,38
"1FMCU0EZ3N",2022,"FORD","ESCAPE","PHEV",1,38
"1FMCU0KZ5N",2022,"FORD","ESCAPE","PHEV",1,38
"1FMCU0KZ8M",2021,"FORD","ESCAPE","PHEV",1,38
"1FMCU0EZ6N",2022,"FORD","ESCAPE","PHEV",1,38
"1FMCU0LZ5N",2022,"FORD","ESCAPE","PHEV",1,38
"1FMCU0KZ2N",2022,"FORD","ESCAPE","PHEV",1,38
"1FMCU0EZ8M",2021,"FORD","ESCAPE","PHEV",1,38
"JTJCJMGA6T",2026,"LEXUS","RX","PHEV",1,38
"1FMCU0EZ0N",2022,"FORD","ESCAPE","PHEV",1,38
"1FMCU0EZ0M",2021,"FORD","ESCAPE","PHEV",1,38
"1FMCU0LZ6N",2022,"FORD","ESCAPE","PHEV",1,38
"1FMCU0KZ0N",2022,"FORD","ESCAPE","PHEV",1,38
"1FMCU0KZ9M",2021,"FORD","ESCAPE","PHEV",1,38
"1FMCU0EZ7M",2021,"FORD","ESCAPE","PHEV",1,38
"JTJCJMGA8T",2026,"LEXUS","RX","PHEV",1,38
"1FMCU0EZ6M",2021,"FORD","ESCAPE","PHEV",1,38
"1FMCU0EZ4M",2021,"FORD","ESCAPE","PHEV",1,38
"1FMCU0EZ3M",2021,"FORD","ESCAPE","PHEV",1,38
"1FMCU0LZ1M",2021,"FORD","ESCAPE","PHEV",1,38
"1FMCU0LZ5M",2021,"FORD","ESCAPE","PHEV",1,38
"JN1AZ0CP5C",2012,"NISSAN","LEAF","BEV",1,73
"1N4AZ1CP1J",2018,"NISSAN","LEAF","BEV",1,151
"1N4AZ0CP1F",2015,"NISSAN","LEAF","BEV",1,84
"1N4BZ0CP4G",2016,"NISSAN","LEAF","BEV",1,84
"1N4AZ1CP4J",2018,"NISSAN","LEAF","BEV",1,151
"1N4BZ1CP8K",2019,"NISSAN","LEAF","BEV",1,150
"1N4BZ1CP4K",2019,"NISSAN","LEAF","BEV",1,150
"1N4AZ1CP0J",2018,"NISSAN","LEAF","BEV",1,151
"1N4AZ1CP5J",2018,"NISSAN","LEAF","BEV",1,151
"1N4AZ0CP8D",2013,"NISSAN","LEAF","BEV",1,75
"1N4AZ0CP2D",2013,"NISSAN","LEAF","BEV",1,75
"1N4AZ0CP1D",2013,"NISSAN","LEAF","BEV",1,75
"1N4AZ0CP0D",2013,"NISSAN","LEAF","BEV",1,75
"1N4AZ0CP8F",2015,"NISSAN","LEAF","BEV",1,84
"1N4BZ1CP1K",2019,"NISSAN","LEAF","BEV",1,150
"1N4BZ0CP0H",2017,"NISSAN","LEAF","BEV",1,107
"JN1AZ0CP9B",2011,"NISSAN","LEAF","BEV",1,73
"1N4BZ1CP5K",2019,"NISSAN","LEAF","BEV",1,150
"JN1AZ0CP3C",2012,"NISSAN","LEAF","BEV",1,73
"1N4AZ1CP5K",2019,"NISSAN","LEAF","BEV",1,150
"1N4AZ0CP5D",2013,"NISSAN","LEAF","BEV",1,75
"1N4AZ0CP3F",2015,"NISSAN","LEAF","BEV",1,84
"1N4AZ0CP7F",2015,"NISSAN","LEAF","BEV",1,84
"1N4AZ0CP8E",2014,"NISSAN","LEAF","BEV",1,84
"1N4BZ0CP6G",2016,"NISSAN","LEAF","BEV",1,84
"JN1AZ0CP3B",2011,"NISSAN","LEAF","BEV",1,73
"1N4AZ1CP6K",2019,"NISSAN","LEAF","BEV",1,150
"1N4AZ0CP0G",2016,"NISSAN","LEAF","BEV",1,84
"1N4AZ1CP2J",2018,"NISSAN","LEAF","BEV",1,151
"1N4AZ0CPXD",2013,"NISSAN","LEAF","BEV",1,75
"JN1AZ0CP9C",2012,"NISSAN","LEAF","BEV",1,73
"1N4BZ0CP5H",2017,"NISSAN","LEAF","BEV",1,107
"1N4BZ0CP5G",2016,"NISSAN","LEAF","BEV",1,84
"1N4AZ0CP9F",2015,"NISSAN","LEAF","BEV",1,84
"1N4AZ0CP2F",2015,"NISSAN","LEAF","BEV",1,84
"JN1AZ0CP1C",2012,"NISSAN","LEAF","BEV",1,73
"1N4BZ0CP4H",2017,"NISSAN","LEAF","BEV",1,107
"1N4BZ1CP3K",2019,"NISSAN","LEAF","BEV",1,150
"1N4AZ1CPXK",2019,"NISSAN","LEAF","BEV",1,150
"1N4BZ0CP9H",2017,"NISSAN","LEAF","BEV",1,107
"1N4BZ1CP9K",2019,"NISSAN","LEAF","BEV",1,150
"1N4AZ0CP7E",2014,"NISSAN","LEAF","BEV",1,84
"1N4AZ0CPXF",2015,"NISSAN","LEAF","BEV",1,84
"1N4BZ0CP7H",2017,"NISSAN","LEAF","BEV",1,107
"1N4BZ0CP3H",2017,"NISSAN","LEAF","BEV",1,107
"1N4AZ0CP3D",2013,"NISSAN","LEAF","BEV",1,75
"JN1AZ0CP8C",2012,"NISSAN","LEAF","BEV",1,73
"1N4AZ1CPXJ",2018,"NISSAN","LEAF","BEV",1,151
"1N4BZ0CPXG",2016,"NISSAN","LEAF","BEV",1,84
"1N4AZ0CP4D",2013,"NISSAN","LEAF","BEV",1,75
"1N4BZ0CP9G",2016,"NISSAN","LEAF","BEV",1,84
"1N4AZ1CP6J",2018,"NISSAN","LEAF","BEV",1,151
"1N4AZ0CP6F",2015,"NISSAN","LEAF","BEV",1,84
"1N4BZ0CP6H",2017,"NISSAN","LEAF","BEV",1,107
"1N4AZ0CP8G",2016,"NISSAN","LEAF","BEV",1,84
"1N4AZ1CP6L",2020,"NISSAN","LEAF","BEV",1,149
"1N4AZ0CP6G",2016,"NISSAN","LEAF","BEV",1,84
"1N4BZ0CP7G",2016,"NISSAN","LEAF","BEV",1,84
"1N4BZ1CP1L",2020,"NISSAN","LEAF","BEV",1,215
"1N4BZ1CP2K",2019,"NISSAN","LEAF","BEV",1,150
"1N4AZ0CP9D",2013,"NISSAN","LEAF","BEV",1,75
"1N4AZ1CP8J",2018,"NISSAN","LEAF","BEV",1,151
"1N4AZ0CP4E",2014,"NISSAN","LEAF","BEV",1,84
"JN1AZ0CP1B",2011,"NISSAN","LEAF","BEV",1,73
"JN1AZ0CP5B",2011,"NISSAN","LEAF","BEV",1,73
"1N4AZ0CP3G",2016,"NISSAN","LEAF","BEV",1,84
"1N4BZ1CPXK",2019,"NISSAN","LEAF","BEV",1,150
"1N4AZ0CP5F",2015,"NISSAN","LEAF","BEV",1,84
"1N4AZ1CP2K",2019,"NISSAN","LEAF","BEV",1,150
"1N4BZ0CP2H",2017,"NISSAN","LEAF","BEV",1,107
"1N4AZ0CP5E",2014,"NISSAN","LEAF","BEV",1,84
"1N4AZ1BP4L",2020,"NISSAN","LEAF","BEV",1,149
"1N4AZ0CP9E",2014,"NISSAN","LEAF","BEV",1,84
"1N4BZ0CP8H",2017,"NISSAN","LEAF","BEV",1,107
"1N4AZ1CP9J",2018,"NISSAN","LEAF","BEV",1,151
"1N4AZ0CP2G",2016,"NISSAN","LEAF","BEV",1,84
"1N4AZ1CP4K",2019,"NISSAN","LEAF","BEV",1,150
"1N4BZ1DP1L",2020,"NISSAN","LEAF","BEV",1,215
"1N4AZ0CP4F",2015,"NISSAN","LEAF","BEV",1,84
"1N4AZ0CPXE",2014,"NISSAN","LEAF","BEV",1,84
"1N4BZ0CP1H",2017,"NISSAN","LEAF","BEV",1,107
"1N4AZ0CP0F",2015,"NISSAN","LEAF","BEV",1,84
"JN1AZ0CP6B",2011,"NISSAN","LEAF","BEV",1,73
"1N4BZ0CP8G",2016,"NISSAN","LEAF","BEV",1,84
"1N4BZ0CP2G",2016,"NISSAN","LEAF","BEV",1,84
"1N4AZ0CP0E",2014,"NISSAN","LEAF","BEV",1,84
"1N4AZ1CP8K",2019,"NISSAN","LEAF","BEV",1,150
"1N4AZ1CP1L",2020,"NISSAN","LEAF","BEV",1,149
"1N4BZ1CP8L",2020,"NISSAN","LEAF","BEV",1,215
"1N4BZ0CP3G",2016,"NISSAN","LEAF","BEV",1,84
"JN1AZ0CP2C",2012,"NISSAN","LEAF","BEV",1,73
"1N4AZ1CP8L",2020,"NISSAN","LEAF","BEV",1,149
"JN1AZ0CP8B",2011,"NISSAN","LEAF","BEV",1,73
"1N4BZ0CP0G",2016,"NISSAN","LEAF","BEV",1,84
"JN1AZ0CP4C",2012,"NISSAN","LEAF","BEV",1,73
"1N4AZ0CP6D",2013,"NISSAN","LEAF","BEV",1,75
"1N4AZ1CPXL",2020,"NISSAN","LEAF","BEV",1,149
"1N4AZ0CP3E",2014,"NISSAN","LEAF","BEV",1,84
"1N4BZ1CP6L",2020,"NISSAN","LEAF","BEV",1,215
"JN1AZ0CP0C",2012,"NISSAN","LEAF","BEV",1,73
"1N4BZ1DP2L",2020,"NISSAN","LEAF","BEV",1,215
"1N4AZ1BP1L",2020,"NISSAN","LEAF","BEV",1,149
"1N4BZ1DP6L",2020,"NISSAN","LEAF","BEV",1,215
"1N4AZ1CP0L",2020,"NISSAN","LEAF","BEV",1,149
"JN1AZ0CP0B",2011,"NISSAN","LEAF","BEV",1,73
"1N4AZ1CP2L",2020,"NISSAN","LEAF","BEV",1,149
"JN1AZ0CPXB",2011,"NISSAN","LEAF","BEV",1,73
"1N4AZ1CP9K",2019,"NISSAN","LEAF","BEV",1,150
"JN1AZ0CP4B",2011,"NISSAN","LEAF","BEV",1,73
"1N4BZ1CP0K",2019,"NISSAN","LEAF","BEV",1,150
"1N4BZ0CPXH",2017,"NISSAN","LEAF","BEV",1,107
"1N4AZ0CP9G",2016,"NISSAN","LEAF","BEV",1,84
"1N4BZ1CP4L",2020,"NISSAN","LEAF","BEV",1,215
"1N4AZ0CP7G",2016,"NISSAN","LEAF","BEV",1,84
"1N4AZ1BP6L",2020,"NISSAN","LEAF","BEV",1,149
"1N4BZ1CP7L",2020,"NISSAN","LEAF","BEV",1,215
"1N4BZ1CP3L",2020,"NISSAN","LEAF","BEV",1,215
"1N4AZ1CP3K",2019,"NISSAN","LEAF","BEV",1,150
"1N4AZ1BPXL",2020,"NISSAN","LEAF","BEV",1,149
"1N4AZ0CP7D",2013,"NISSAN","LEAF","BEV",1,75
"1N4BZ1DP5L",2020,"NISSAN","LEAF","BEV",1,215
"1N4AZ1CP7K",2019,"NISSAN","LEAF","BEV",1,150
"1N4AZ0CP6E",2014,"NISSAN","LEAF","BEV",1,84
"JN1AZ0CP7B",2011,"NISSAN","LEAF","BEV",1,73
"1N4AZ1CP0K",2019,"NISSAN","LEAF","BEV",1,150
"1N4AZ0CP2E",2014,"NISSAN","LEAF","BEV",1,84
"1N4AZ0CPXG",2016,"NISSAN","LEAF","BEV",1,84
"1N4BZ1DP7L",2020,"NISSAN","LEAF","BEV",1,215
"1N4AZ0CP4G",2016,"NISSAN","LEAF","BEV",1,84
"1N4BZ1CP7K",2019,"NISSAN","LEAF","BEV",1,150
"1N4AZ1CP3J",2018,"NISSAN","LEAF","BEV",1,151
"1N4BZ1CP6K",2019,"NISSAN","LEAF","BEV",1,150
"1N4BZ1DP0L",2020,"NISSAN","LEAF","BEV",1,215
"JN1AZ0CP6C",2012,"NISSAN","LEAF","BEV",1,73
"1N4AZ1CP4L",2020,"NISSAN","LEAF","BEV",1,149
"1N4AZ1BP9L",2020,"NISSAN","LEAF","BEV",1,149
"1N4BZ1CP2L",2020,"NISSAN","LEAF","BEV",1,215
"1N4AZ0CP5G",2016,"NISSAN","LEAF","BEV",1,84
"JN1AZ0CP7C",2012,"NISSAN","LEAF","BEV",1,73
"1N4AZ1CP7J",2018,"NISSAN","LEAF","BEV",1,151
"1N4AZ0CP1E",2014,"NISSAN","LEAF","BEV",1,84
"1N4BZ0CP1G",2016,"NISSAN","LEAF","BEV",1,84
"1N4AZ1CP1K",2019,"NISSAN","LEAF","BEV",1,150
"1N4AZ1CP5L",2020,"NISSAN","LEAF","BEV",1,149
"1N4BZ1DP3L",2020,"NISSAN","LEAF","BEV",1,215
"1N4BZ1CP0L",2020,"NISSAN","LEAF","BEV",1,215
"1N4BZ1DP8L",2020,"NISSAN","LEAF","BEV",1,215
"1N4BZ1DPXL",2020,"NISSAN","LEAF","BEV",1,215
"1N4BZ1DP9L",2020,"NISSAN","LEAF","BEV",1,215
"1N4BZ1CPXL",2020,"NISSAN","LEAF","BEV",1,215
"1N4AZ1BP8L",2020,"NISSAN","LEAF","BEV",1,149
"1N4AZ1BP7L",2020,"NISSAN","LEAF","BEV",1,149
"1N4AZ1CP7L",2020,"NISSAN","LEAF","BEV",1,149
"1N4AZ0CP1G",2016,"NISSAN","LEAF","BEV",1,84
"1N4AZ1CP3L",2020,"NISSAN","LEAF","BEV",1,149
"1N4AZ1BP5L",2020,"NISSAN","LEAF","BEV",1,149
"JN1AZ0CPXC",2012,"NISSAN","LEAF","BEV",1,73
"1N4AZ1BP2L",2020,"NISSAN","LEAF","BEV",1,149
"1N4AZ1CP9L",2020,"NISSAN","LEAF","BEV",1,149
"1N4BZ1DP4L",2020,"NISSAN","LEAF","BEV",1,215
"JN1AZ0CP2B",2011,"NISSAN","LEAF","BEV",1,73
"1N4BZ1CP9L",2020,"NISSAN","LEAF","BEV",1,215
"1N4BZ1CP5L",2020,"NISSAN","LEAF","BEV",1,215
"1N4AZ1BP3L",2020,"NISSAN","LEAF","BEV",1,149
"1N4AZ1BP0L",2020,"NISSAN","LEAF","BEV",1,149
"JTJKKCFZ1T",2026,"LEXUS","NX","PHEV",1,37
"JTJHKCFZ8T",2026,"LEXUS","NX","PHEV",1,37
"JTJHKCFZ7T",2026,"LEXUS","NX","PHEV",1,37
"JTJKKCFZ7T",2026,"LEXUS","NX","PHEV",1,37
"JTJHKCFZ5S",2025,"LEXUS","NX","PHEV",1,37
"JTJKKCFZ4S",2025,"LEXUS","NX","PHEV",1,37
"JTJKKCFZ3N",2022,"LEXUS","NX","PHEV",1,37
"JTJHKCFZ2R",2024,"LEXUS","NX","PHEV",1,37
"JTJHKCFZ9R",2024,"LEXUS","NX","PHEV",1,37
"JTJHKCFZ4S",2025,"LEXUS","NX","PHEV",1,37
"JTJHKCFZ9S",2025,"LEXUS","NX","PHEV",1,37
"JTJKKCFZ5S",2025,"LEXUS","NX","PHEV",1,37
"JTJHKCFZ6R",2024,"LEXUS","NX","PHEV",1,37
"JTJKKCFZ0R",2024,"LEXUS","NX","PHEV",1,37
"JTJHKCFZXS",2025,"LEXUS","NX","PHEV",1,37
"JTJHKCFZ3S",2025,"LEXUS","NX","PHEV",1,37
"JTJHKCFZ7N",2022,"LEXUS","NX","PHEV",1,37
"JTJHKCFZ2T",2026,"LEXUS","NX","PHEV",1,37
"JTJKKCFZXS",2025,"LEXUS","NX","PHEV",1,37
"JTJHKCFZ3R",2024,"LEXUS","NX","PHEV",1,37
"JTJHKCFZ2S",2025,"LEXUS","NX","PHEV",1,37
"JTJKKCFZ8N",2022,"LEXUS","NX","PHEV",1,37
"JTJKKCFZ3S",2025,"LEXUS","NX","PHEV",1,37
"JTJKKCFZ1S",2025,"LEXUS","NX","PHEV",1,37
"JTJHKCFZ0S",2025,"LEXUS","NX","PHEV",1,37
"JTJKKCFZ3R",2024,"LEXUS","NX","PHEV",1,37
"JTJKKCFZ4R",2024,"LEXUS","NX","PHEV",1,37
"JTJKKCFZ2R",2024,"LEXUS","NX","PHEV",1,37
"JTJHKCFZ0N",2022,"LEXUS","NX","PHEV",1,37
"JTJHKCFZ8S",2025,"LEXUS","NX","PHEV",1,37
"JTJKKCFZ5T",2026,"LEXUS","NX","PHEV",1,37
"JTJHKCFZXT",2026,"LEXUS","NX","PHEV",1,37
"JTJHKCFZ6T",2026,"LEXUS","NX","PHEV",1,37
"JTJHKCFZ0R",2024,"LEXUS","NX","PHEV",1,37
"JTJHKCFZ1T",2026,"LEXUS","NX","PHEV",1,37
"JTJHKCFZ0T",2026,"LEXUS","NX","PHEV",1,37
"JTJKKCFZ7R",2024,"LEXUS","NX","PHEV",1,37
"JTJHKCFZXR",2024,"LEXUS","NX","PHEV",1,37
"JTJHKCFZ7S",2025,"LEXUS","NX","PHEV",1,37
"JTJHKCFZ3N",2022,"LEXUS","NX","PHEV",1,37
"JTJHKCFZ7R",2024,"LEXUS","NX","PHEV",1,37
"JTJHKCFZ8P",2023,"LEXUS","NX","PHEV",1,37
"JTJKKCFZXP",2023,"LEXUS","NX","PHEV",1,37
"JTJKKCFZ3T",2026,"LEXUS","NX","PHEV",1,37
"JTJHKCFZ1R",2024,"LEXUS","NX","PHEV",1,37
"JTJHKCFZ6S",2025,"LEXUS","NX","PHEV",1,37
"JTJHKCFZ1S",2025,"LEXUS","NX","PHEV",1,37
"JTJHKCFZ8R",2024,"LEXUS","NX","PHEV",1,37
"JTJKKCFZXN",2022,"LEXUS","NX","PHEV",1,37
"JTJKKCFZ8R",2024,"LEXUS","NX","PHEV",1,37
"JTJHKCFZ4R",2024,"LEXUS","NX","PHEV",1,37
"JTJHKCFZ9N",2022,"LEXUS","NX","PHEV",1,37
"JTJHKCFZ1N",2022,"LEXUS","NX","PHEV",1,37
"JTJKKCFZ0S",2025,"LEXUS","NX","PHEV",1,37
"JTJHKCFZXN",2022,"LEXUS","NX","PHEV",1,37
"JTJHKCFZ7P",2023,"LEXUS","NX","PHEV",1,37
"JTJKKCFZ0T",2026,"LEXUS","NX","PHEV",1,37
"JTJHKCFZ5T",2026,"LEXUS","NX","PHEV",1,37
"JTJKKCFZ0N",2022,"LEXUS","NX","PHEV",1,37
"JTJHKCFZ3T",2026,"LEXUS","NX","PHEV",1,37
"JTJKKCFZ5N",2022,"LEXUS","NX","PHEV",1,37
"JTJKKCFZ2S",2025,"LEXUS","NX","PHEV",1,37
"JTJKKCFZXR",2024,"LEXUS","NX","PHEV",1,37
"JTJHKCFZ4T",2026,"LEXUS","NX","PHEV",1,37
"JTJKKCFZ9S",2025,"LEXUS","NX","PHEV",1,37
"JTJKKCFZ6R",2024,"LEXUS","NX","PHEV",1,37
"JTJKKCFZ8S",2025,"LEXUS","NX","PHEV",1,37
"JTJKKCFZ4N",2022,"LEXUS","NX","PHEV",1,37
"JTJHKCFZ5R",2024,"LEXUS","NX","PHEV",1,37
"JTJKKCFZ9R",2024,"LEXUS","NX","PHEV",1,37
"JTJHKCFZ3P",2023,"LEXUS","NX","PHEV",1,37
"JTJHKCFZ2N",2022,"LEXUS","NX","PHEV",1,37
"JTJKKCFZXT",2026,"LEXUS","NX","PHEV",1,37
"JTJHKCFZ6P",2023,"LEXUS","NX","PHEV",1,37
"JTJKKCFZ5R",2024,"LEXUS","NX","PHEV",1,37
"JTJKKCFZ4T",2026,"LEXUS","NX","PHEV",1,37
"JTJHKCFZ5P",2023,"LEXUS","NX","PHEV",1,37
"JTJKKCFZ6N",2022,"LEXUS","NX","PHEV",1,37
"JTJKKCFZ7S",2025,"LEXUS","NX","PHEV",1,37
"JTJKKCFZ2N",2022,"LEXUS","NX","PHEV",1,37
"JTJHKCFZ6N",2022,"LEXUS","NX","PHEV",1,37
"JTJKKCFZ6T",2026,"LEXUS","NX","PHEV",1,37
"JTJHKCFZ4N",2022,"LEXUS","NX","PHEV",1,37
"JTJHKCFZ9P",2023,"LEXUS","NX","PHEV",1,37
"JTJHKCFZ5N",2022,"LEXUS","NX","PHEV",1,37
"JTJKKCFZ2T",2026,"LEXUS","NX","PHEV",1,37
"JTJHKCFZ8N",2022,"LEXUS","NX","PHEV",1,37
"JTJHKCFZ0P",2023,"LEXUS","NX","PHEV",1,37
"JTJKKCFZ8T",2026,"LEXUS","NX","PHEV",1,37
"JTJHKCFZ9T",2026,"LEXUS","NX","PHEV",1,37
"JTJKKCFZ6S",2025,"LEXUS","NX","PHEV",1,37
"JTJKKCFZ1N",2022,"LEXUS","NX","PHEV",1,37
"JTJHKCFZ1P",2023,"LEXUS","NX","PHEV",1,37
"JTJKKCFZ1R",2024,"LEXUS","NX","PHEV",1,37
"JTJKKCFZ5P",2023,"LEXUS","NX","PHEV",1,37
"JTJHKCFZXP",2023,"LEXUS","NX","PHEV",1,37
"JTJKKCFZ7P",2023,"LEXUS","NX","PHEV",1,37
"JTJCJMGA7S",2025,"LEXUS","RX","PHEV",1,37
"1FMCU0E15S",2025,"FORD","ESCAPE","PHEV",1,37
"1FMCU0E13R",2024,"FORD","ESCAPE","PHEV",1,37
"JTJCJMGA1S",2025,"LEXUS","RX","PHEV",1,37
"1FMCU0E18R",2024,"FORD","ESCAPE","PHEV",1,37
"1FMCU0E12S",2025,"FORD","ESCAPE","PHEV",1,37
"1FMCU0E19P",2023,"FORD","ESCAPE","PHEV",1,37
"1FMCU0E1XP",2023,"FORD","ESCAPE","PHEV",1,37
"ZPBUD6ZL1S",2025,"LAMBORGHINI","URUS","PHEV",1,37
"1FMCU0E16S",2025,"FORD","ESCAPE","PHEV",1,37
"1FMCU0E12R",2024,"FORD","ESCAPE","PHEV",1,37
"1FMCU0E17R",2024,"FORD","ESCAPE","PHEV",1,37
"JTJCJMGA4S",2025,"LEXUS","RX","PHEV",1,37
"JTJCJMGA3S",2025,"LEXUS","RX","PHEV",1,37
"1FMCU0E18S",2025,"FORD","ESCAPE","PHEV",1,37
"1FMCU0E14S",2025,"FORD","ESCAPE","PHEV",1,37
"1FMCU0E19S",2025,"FORD","ESCAPE","PHEV",1,37
"JTJCJMGA4R",2024,"LEXUS","RX","PHEV",1,37
"1FMCU0E11P",2023,"FORD","ESCAPE","PHEV",1,37
"1FMCU0E10P",2023,"FORD","ESCAPE","PHEV",1,37
"1FMCU0E1XR",2024,"FORD","ESCAPE","PHEV",1,37
"JTJCJMGA6R",2024,"LEXUS","RX","PHEV",1,37
"1FMCU0E16R",2024,"FORD","ESCAPE","PHEV",1,37
"1FMCU0E1XS",2025,"FORD","ESCAPE","PHEV",1,37
"1FMCU0E10S",2025,"FORD","ESCAPE","PHEV",1,37
"JTJCJMGA2R",2024,"LEXUS","RX","PHEV",1,37
"JTJCJMGAXS",2025,"LEXUS","RX","PHEV",1,37
"1FMCU0E17S",2025,"FORD","ESCAPE","PHEV",1,37
"1FMCU0E11S",2025,"FORD","ESCAPE","PHEV",1,37
"ZPBUD6ZL7S",2025,"LAMBORGHINI","URUS","PHEV",1,37
"1FMCU0E16P",2023,"FORD","ESCAPE","PHEV",1,37
"1FMCU0E19R",2024,"FORD","ESCAPE","PHEV",1,37
"JTJCJMGA8S",2025,"LEXUS","RX","PHEV",1,37
"1G6RR1E41E",2014,"CADILLAC","ELR","PHEV",1,37
"ZPBUD6ZL8S",2025,"LAMBORGHINI","URUS","PHEV",1,37
"1FMCU0E15R",2024,"FORD","ESCAPE","PHEV",1,37
"JTJCJMGA5S",2025,"LEXUS","RX","PHEV",1,37
"1FMCU0E11R",2024,"FORD","ESCAPE","PHEV",1,37
"1FMCU0E12P",2023,"FORD","ESCAPE","PHEV",1,37
"JTJCJMGA7R",2024,"LEXUS","RX","PHEV",1,37
"1FMCU0E18P",2023,"FORD","ESCAPE","PHEV",1,37
"1FMCU0E17P",2023,"FORD","ESCAPE","PHEV",1,37
"JTJCJMGA5R",2024,"LEXUS","RX","PHEV",1,37
"JTJCJMGA2S",2025,"LEXUS","RX","PHEV",1,37
"1G6RR1E45E",2014,"CADILLAC","ELR","PHEV",1,37
"1G6RM1E46E",2014,"CADILLAC","ELR","PHEV",1,37
"1FMCU0E15P",2023,"FORD","ESCAPE","PHEV",1,37
"JTJCJMGA3R",2024,"LEXUS","RX","PHEV",1,37
"JTJCJMGA0R",2024,"LEXUS","RX","PHEV",1,37
"JTJCJMGA9S",2025,"LEXUS","RX","PHEV",1,37
"1FMCU0E14R",2024,"FORD","ESCAPE","PHEV",1,37
"JTJCJMGA8R",2024,"LEXUS","RX","PHEV",1,37
"ZPBUD6ZL3S",2025,"LAMBORGHINI","URUS","PHEV",1,37
"1G6RR1E4XE",2014,"CADILLAC","ELR","PHEV",1,37
"1FMCU0E13P",2023,"FORD","ESCAPE","PHEV",1,37
"1G6RR1E40E",2014,"CADILLAC","ELR","PHEV",1,37
"ZPBUD6ZL4S",2025,"LAMBORGHINI","URUS","PHEV",1,37
"1G6RS1E44E",2014,"CADILLAC","ELR","PHEV",1,37
"1G6RR1E49E",2014,"CADILLAC","ELR","PHEV",1,37
"JTJCJMGA1R",2024,"LEXUS","RX","PHEV",1,37
"JTJCJMGA6S",2025,"LEXUS","RX","PHEV",1,37
"1FMCU0E10R",2024,"FORD","ESCAPE","PHEV",1,37
"1G6RP1E42E",2014,"CADILLAC","ELR","PHEV",1,37
"1G6RM1E49E",2014,"CADILLAC","ELR","PHEV",1,37
"JTJCJMGA0S",2025,"LEXUS","RX","PHEV",1,37
"1FMCU0E13S",2025,"FORD","ESCAPE","PHEV",1,37
"1G6RM1E48E",2014,"CADILLAC","ELR","PHEV",1,37
"JTJCJMGAXR",2024,"LEXUS","RX","PHEV",1,37
"1G6RM1E43E",2014,"CADILLAC","ELR","PHEV",1,37
"1G6RL1E46E",2014,"CADILLAC","ELR","PHEV",1,37
"ZPBUD6ZL6S",2025,"LAMBORGHINI","URUS","PHEV",1,37
"1G6RR1E47E",2014,"CADILLAC","ELR","PHEV",1,37
"1G6RS1E47E",2014,"CADILLAC","ELR","PHEV",1,37
"1FMCU0E14P",2023,"FORD","ESCAPE","PHEV",1,37
"JTJCJMGA9R",2024,"LEXUS","RX","PHEV",1,37
"1FMCU0E18T",2026,"FORD","ESCAPE","PHEV",1,37
"1G6RR1E42E",2014,"CADILLAC","ELR","PHEV",1,37
"ZPBUD6ZLXS",2025,"LAMBORGHINI","URUS","PHEV",1,37
"1G6RL1E40E",2014,"CADILLAC","ELR","PHEV",1,37
"1G6RS1E40E",2014,"CADILLAC","ELR","PHEV",1,37
"1G6RL1E4XE",2014,"CADILLAC","ELR","PHEV",1,37
"1G6RR1E48E",2014,"CADILLAC","ELR","PHEV",1,37
"1G6RL1E45E",2014,"CADILLAC","ELR","PHEV",1,37
"1G6RL1E42E",2014,"CADILLAC","ELR","PHEV",1,37
"1G6RP1E45E",2014,"CADILLAC","ELR","PHEV",1,37
"1G6RP1E48E",2014,"CADILLAC","ELR","PHEV",1,37
"1G6RM1E40E",2014,"CADILLAC","ELR","PHEV",1,37
"1G6RS1E4XE",2014,"CADILLAC","ELR","PHEV",1,37
"1G6RM1E41E",2014,"CADILLAC","ELR","PHEV",1,37
"1G6RM1E44E",2014,"CADILLAC","ELR","PHEV",1,37
"1G6RS1E48E",2014,"CADILLAC","ELR","PHEV",1,37
"ZPBUD6ZL9S",2025,"LAMBORGHINI","URUS","PHEV",1,37
"1G6RM1E42E",2014,"CADILLAC","ELR","PHEV",1,37
"1G6RL1E48E",2014,"CADILLAC","ELR","PHEV",1,37
"1G6RS1E43E",2014,"CADILLAC","ELR","PHEV",1,37
"1G6RL1E49E",2014,"CADILLAC","ELR","PHEV",1,37
"ZACPDFDW3R",2024,"DODGE","HORNET","PHEV",1,32
"ZACPDFCW2R",2024,"DODGE","HORNET","PHEV",1,32
"ZACPDFCW7R",2024,"DODGE","HORNET","PHEV",1,32
"KNDRJDLHXN",2022,"KIA","SORENTO","PHEV",1,32
"KM8JBDD29S",2025,"HYUNDAI","TUCSON","PHEV",1,32
"ZACPDFCW0R",2024,"DODGE","HORNET","PHEV",1,32
"ZACPDFCW9R",2024,"DODGE","HORNET","PHEV",1,32
"KNDRMDLH0N",2022,"KIA","SORENTO","PHEV",1,32
"ZACPDFCW4R",2024,"DODGE","HORNET","PHEV",1,32
"KNDRMDLH3P",2023,"KIA","SORENTO","PHEV",1,32
"ZACPDFCW5R",2024,"DODGE","HORNET","PHEV",1,32
"ZACPDFDW6R",2024,"DODGE","HORNET","PHEV",1,32
"ZACPDFCW3R",2024,"DODGE","HORNET","PHEV",1,32
"KNDRMDLH1N",2022,"KIA","SORENTO","PHEV",1,32
"ZACPDFCWXR",2024,"DODGE","HORNET","PHEV",1,32
"KNDRMDLH3N",2022,"KIA","SORENTO","PHEV",1,32
"ZACPDFCW1R",2024,"DODGE","HORNET","PHEV",1,32
"ZACPDFCW8R",2024,"DODGE","HORNET","PHEV",1,32
"KNDRMDLH0P",2023,"KIA","SORENTO","PHEV",1,32
"ZACPDFCW6R",2024,"DODGE","HORNET","PHEV",1,32
"ZACPDFDW2R",2024,"DODGE","HORNET","PHEV",1,32
"KNDRMDLHXN",2022,"KIA","SORENTO","PHEV",1,32
"KNDRMDLH4P",2023,"KIA","SORENTO","PHEV",1,32
"KNDRMDLH6R",2024,"KIA","SORENTO","PHEV",1,32
"KNDRMDLH7R",2024,"KIA","SORENTO","PHEV",1,32
"KNDRMDLH1R",2024,"KIA","SORENTO","PHEV",1,32
"KNDRMDLH6P",2023,"KIA","SORENTO","PHEV",1,32
"KNDRMDLH1P",2023,"KIA","SORENTO","PHEV",1,32
"KNDRMDLH2P",2023,"KIA","SORENTO","PHEV",1,32
"KNDRMDLH9N",2022,"KIA","SORENTO","PHEV",1,32
"KNDRJDLH5N",2022,"KIA","SORENTO","PHEV",1,32
"KM8JFDD27S",2025,"HYUNDAI","TUCSON","PHEV",1,32
"ZACPDFDW1R",2024,"DODGE","HORNET","PHEV",1,32
"KNDRJDLH1N",2022,"KIA","SORENTO","PHEV",1,32
"KNDRMDLH8N",2022,"KIA","SORENTO","PHEV",1,32
"KNDRJDLH6N",2022,"KIA","SORENTO","PHEV",1,32
"KNDRMDLH0R",2024,"KIA","SORENTO","PHEV",1,32
"KNDRJDLH3N",2022,"KIA","SORENTO","PHEV",1,32
"ZACPDFDW9R",2024,"DODGE","HORNET","PHEV",1,32
"KNDRMDLH5N",2022,"KIA","SORENTO","PHEV",1,32
"KM8JBDD23S",2025,"HYUNDAI","TUCSON","PHEV",1,32
"KNDRMDLH2N",2022,"KIA","SORENTO","PHEV",1,32
"KNDRMDLHXP",2023,"KIA","SORENTO","PHEV",1,32
"KNDRMDLH7P",2023,"KIA","SORENTO","PHEV",1,32
"KNDRMDLH7N",2022,"KIA","SORENTO","PHEV",1,32
"KM8JFDD23S",2025,"HYUNDAI","TUCSON","PHEV",1,32
"KNDRMDLH2R",2024,"KIA","SORENTO","PHEV",1,32
"KNDRJDLH0N",2022,"KIA","SORENTO","PHEV",1,32
"KM8JFDD20S",2025,"HYUNDAI","TUCSON","PHEV",1,32
"KM8JFDD24S",2025,"HYUNDAI","TUCSON","PHEV",1,32
"KNDRMDLH9R",2024,"KIA","SORENTO","PHEV",1,32
"KM8JFDD22S",2025,"HYUNDAI","TUCSON","PHEV",1,32
"KNDRJDLH7N",2022,"KIA","SORENTO","PHEV",1,32
"KNDRJDLH4N",2022,"KIA","SORENTO","PHEV",1,32
"KM8JFDD28S",2025,"HYUNDAI","TUCSON","PHEV",1,32
"KNDRMDLH9P",2023,"KIA","SORENTO","PHEV",1,32
"ZACPDFDW0R",2024,"DODGE","HORNET","PHEV",1,32
"KM8JFDD29S",2025,"HYUNDAI","TUCSON","PHEV",1,32
"ZACPDFDW7R",2024,"DODGE","HORNET","PHEV",1,32
"ZACPDFDWXR",2024,"DODGE","HORNET","PHEV",1,32
"ZACPDFDW5R",2024,"DODGE","HORNET","PHEV",1,32
"KNDRJDLH8N",2022,"KIA","SORENTO","PHEV",1,32
"KNDRMDLH5P",2023,"KIA","SORENTO","PHEV",1,32
"KM8JFDD21S",2025,"HYUNDAI","TUCSON","PHEV",1,32
"KNDRMDLH4R",2024,"KIA","SORENTO","PHEV",1,32
"ZACPDFDW8R",2024,"DODGE","HORNET","PHEV",1,32
"KM8JFDD28T",2026,"HYUNDAI","TUCSON","PHEV",1,32
"KNDRMDLH8P",2023,"KIA","SORENTO","PHEV",1,32
"KNDRJDLH2N",2022,"KIA","SORENTO","PHEV",1,32
"KM8JBDD23T",2026,"HYUNDAI","TUCSON","PHEV",1,32
"KNDRMDLH4N",2022,"KIA","SORENTO","PHEV",1,32
"KM8JFDD26S",2025,"HYUNDAI","TUCSON","PHEV",1,32
"KM8JBDD21S",2025,"HYUNDAI","TUCSON","PHEV",1,32
"KNDRMDLHXR",2024,"KIA","SORENTO","PHEV",1,32
"KNDRJDLH9N",2022,"KIA","SORENTO","PHEV",1,32
"KNDRMDLH6N",2022,"KIA","SORENTO","PHEV",1,32
"KM8JFDD25S",2025,"HYUNDAI","TUCSON","PHEV",1,32
"KM8JBDD26S",2025,"HYUNDAI","TUCSON","PHEV",1,32
"KNDRMDLH8R",2024,"KIA","SORENTO","PHEV",1,32
"KM8JBDD2XT",2026,"HYUNDAI","TUCSON","PHEV",1,32
"KM8JFDD23T",2026,"HYUNDAI","TUCSON","PHEV",1,32
"ZACPDFDW4R",2024,"DODGE","HORNET","PHEV",1,32
"KM8JFDD26T",2026,"HYUNDAI","TUCSON","PHEV",1,32
"KM8JBDD27S",2025,"HYUNDAI","TUCSON","PHEV",1,32
"KNDRMDLH5R",2024,"KIA","SORENTO","PHEV",1,32
"KM8JFDD29T",2026,"HYUNDAI","TUCSON","PHEV",1,32
"KM8JFDD24T",2026,"HYUNDAI","TUCSON","PHEV",1,32
"KM8JFDD25T",2026,"HYUNDAI","TUCSON","PHEV",1,32
"KNDRMDLH3R",2024,"KIA","SORENTO","PHEV",1,32
"KM8JFDD2XS",2025,"HYUNDAI","TUCSON","PHEV",1,32
"KM8JFDD2XT",2026,"HYUNDAI","TUCSON","PHEV",1,32
"JM3KJCHF8T",2026,"MAZDA","CX-70","PHEV",1,32
"KM8JFDD22T",2026,"HYUNDAI","TUCSON","PHEV",1,32
"KM8JBDD22S",2025,"HYUNDAI","TUCSON","PHEV",1,32
"KM8JBDD28S",2025,"HYUNDAI","TUCSON","PHEV",1,32
"KM8JBDD20S",2025,"HYUNDAI","TUCSON","PHEV",1,32
"KM8JFDD27T",2026,"HYUNDAI","TUCSON","PHEV",1,32
"KM8JBDD2XS",2025,"HYUNDAI","TUCSON","PHEV",1,32
"2C4RC1S7XN",2022,"CHRYSLER","PACIFICA","PHEV",1,32
"2C4RC1S7XR",2024,"CHRYSLER","PACIFICA","PHEV",1,32
"2C4RC1L71M",2021,"CHRYSLER","PACIFICA","PHEV",1,32
"2C4RC1S74M",2021,"CHRYSLER","PACIFICA","PHEV",1,32
"2C4RC1S76R",2024,"CHRYSLER","PACIFICA","PHEV",1,32
"2C4RC1S72M",2021,"CHRYSLER","PACIFICA","PHEV",1,32
"2C4RC1N77K",2019,"CHRYSLER","PACIFICA","PHEV",1,32
"2C4RC1S74N",2022,"CHRYSLER","PACIFICA","PHEV",1,32
"2C4RC1L76N",2022,"CHRYSLER","PACIFICA","PHEV",1,32
"2C4RC1L7XP",2023,"CHRYSLER","PACIFICA","PHEV",1,32
"2C4RC1S71P",2023,"CHRYSLER","PACIFICA","PHEV",1,32
"2C4RC1L71N",2022,"CHRYSLER","PACIFICA","PHEV",1,32
"2C4RC1N70P",2023,"CHRYSLER","PACIFICA","PHEV",1,32
"2C4RC1S71M",2021,"CHRYSLER","PACIFICA","PHEV",1,32
"2C4RC1N78L",2020,"CHRYSLER","PACIFICA","PHEV",1,32
"2C4RC1S73M",2021,"CHRYSLER","PACIFICA","PHEV",1,32
"2C4RC1L75M",2021,"CHRYSLER","PACIFICA","PHEV",1,32
"2C4RC1N74L",2020,"CHRYSLER","PACIFICA","PHEV",1,32
"2C4RC1L74P",2023,"CHRYSLER","PACIFICA","PHEV",1,32
"2C4RC1S78M",2021,"CHRYSLER","PACIFICA","PHEV",1,32
"2C4RC1L79N",2022,"CHRYSLER","PACIFICA","PHEV",1,32
"2C4RC1S79P",2023,"CHRYSLER","PACIFICA","PHEV",1,32
"2C4RC1N72L",2020,"CHRYSLER","PACIFICA","PHEV",1,32
"2C4RC1S76P",2023,"CHRYSLER","PACIFICA","PHEV",1,32
"2C4RC1L75P",2023,"CHRYSLER","PACIFICA","PHEV",1,32
"2C4RC1L73P",2023,"CHRYSLER","PACIFICA","PHEV",1,32
"2C4RC1L77P",2023,"CHRYSLER","PACIFICA","PHEV",1,32
"2C4RC1L71P",2023,"CHRYSLER","PACIFICA","PHEV",1,32
"2C4RC1S73P",2023,"CHRYSLER","PACIFICA","PHEV",1,32
"2C4RC1S72P",2023,"CHRYSLER","PACIFICA","PHEV",1,32
"2C4RC1S77P",2023,"CHRYSLER","PACIFICA","PHEV",1,32
"2C4RC1L74M",2021,"CHRYSLER","PACIFICA","PHEV",1,32
"2C4RC1S70R",2024,"CHRYSLER","PACIFICA","PHEV",1,32
"2C4RC1N76L",2020,"CHRYSLER","PACIFICA","PHEV",1,32
"2C4RC1S70M",2021,"CHRYSLER","PACIFICA","PHEV",1,32
"2C4RC1S7XS",2025,"CHRYSLER","PACIFICA","PHEV",1,32
"2C4RC1L72M",2021,"CHRYSLER","PACIFICA","PHEV",1,32
"2C4RC1S79R",2024,"CHRYSLER","PACIFICA","PHEV",1,32
"2C4RC1L79P",2023,"CHRYSLER","PACIFICA","PHEV",1,32
"2C4RC1L77N",2022,"CHRYSLER","PACIFICA","PHEV",1,32
"2C4RC1L77M",2021,"CHRYSLER","PACIFICA","PHEV",1,32
"2C4RC1S73R",2024,"CHRYSLER","PACIFICA","PHEV",1,32
"2C4RC1L78P",2023,"CHRYSLER","PACIFICA","PHEV",1,32
"2C4RC1N78M",2021,"CHRYSLER","PACIFICA","PHEV",1,32
"2C4RC1S75M",2021,"CHRYSLER","PACIFICA","PHEV",1,32
"2C4RC1S77M",2021,"CHRYSLER","PACIFICA","PHEV",1,32
"2C4RC1S77R",2024,"CHRYSLER","PACIFICA","PHEV",1,32
"2C4RC1S73S",2025,"CHRYSLER","PACIFICA","PHEV",1,32
"2C4RC1S76N",2022,"CHRYSLER","PACIFICA","PHEV",1,32
"2C4RC1L78M",2021,"CHRYSLER","PACIFICA","PHEV",1,32
"2C4RC1L70P",2023,"CHRYSLER","PACIFICA","PHEV",1,32
"2C4RC1N7XM",2021,"CHRYSLER","PACIFICA","PHEV",1,32
"2C4RC1S75P",2023,"CHRYSLER","PACIFICA","PHEV",1,32
"2C4RC1S7XM",2021,"CHRYSLER","PACIFICA","PHEV",1,32
"2C4RC1S72R",2024,"CHRYSLER","PACIFICA","PHEV",1,32
"2C4RC1L70N",2022,"CHRYSLER","PACIFICA","PHEV",1,32
"2C4RC1L79M",2021,"CHRYSLER","PACIFICA","PHEV",1,32
"2C4RC1L7XN",2022,"CHRYSLER","PACIFICA","PHEV",1,32
"2C4RC1S74P",2023,"CHRYSLER","PACIFICA","PHEV",1,32
"2C4RC1L74N",2022,"CHRYSLER","PACIFICA","PHEV",1,32
"2C4RC1N78K",2019,"CHRYSLER","PACIFICA","PHEV",1,32
"2C4RC1L72P",2023,"CHRYSLER","PACIFICA","PHEV",1,32
"2C4RC1N71S",2025,"CHRYSLER","PACIFICA","PHEV",1,32
"2C4RC1L73N",2022,"CHRYSLER","PACIFICA","PHEV",1,32
"2C4RC1S70P",2023,"CHRYSLER","PACIFICA","PHEV",1,32
"2C4RC1S73N",2022,"CHRYSLER","PACIFICA","PHEV",1,32
"2C4RC1N79L",2020,"CHRYSLER","PACIFICA","PHEV",1,32
"2C4RC1H72K",2019,"CHRYSLER","PACIFICA","PHEV",1,32
"2C4RC1N70M",2021,"CHRYSLER","PACIFICA","PHEV",1,32
"2C4RC1N74K",2019,"CHRYSLER","PACIFICA","PHEV",1,32
"2C4RC1S71S",2025,"CHRYSLER","PACIFICA","PHEV",1,32
"2C4RC1S7XP",2023,"CHRYSLER","PACIFICA","PHEV",1,32
"2C4RC1N7XN",2022,"CHRYSLER","PACIFICA","PHEV",1,32
"2C4RC1N74N",2022,"CHRYSLER","PACIFICA","PHEV",1,32
"2C4RC1S76M",2021,"CHRYSLER","PACIFICA","PHEV",1,32
"2C4RC1S72S",2025,"CHRYSLER","PACIFICA","PHEV",1,32
"2C4RC1N7XP",2023,"CHRYSLER","PACIFICA","PHEV",1,32
"2C4RC1N79P",2023,"CHRYSLER","PACIFICA","PHEV",1,32
"2C4RC1S71R",2024,"CHRYSLER","PACIFICA","PHEV",1,32
"2C4RC1L76P",2023,"CHRYSLER","PACIFICA","PHEV",1,32
"2C4RC1N77L",2020,"CHRYSLER","PACIFICA","PHEV",1,32
"2C4RC1L72N",2022,"CHRYSLER","PACIFICA","PHEV",1,32
"2C4RC1N76K",2019,"CHRYSLER","PACIFICA","PHEV",1,32
"2C4RC1L7XM",2021,"CHRYSLER","PACIFICA","PHEV",1,32
"2C4RC1N70K",2019,"CHRYSLER","PACIFICA","PHEV",1,32
"2C4RC1N73K",2019,"CHRYSLER","PACIFICA","PHEV",1,32
"2C4RC1L70M",2021,"CHRYSLER","PACIFICA","PHEV",1,32
"2C4RC1N79K",2019,"CHRYSLER","PACIFICA","PHEV",1,32
"2C4RC1L77K",2019,"CHRYSLER","PACIFICA","PHEV",1,32
"2C4RC1N77S",2025,"CHRYSLER","PACIFICA","PHEV",1,32
"2C4RC1N75L",2020,"CHRYSLER","PACIFICA","PHEV",1,32
"2C4RC1N77P",2023,"CHRYSLER","PACIFICA","PHEV",1,32
"2C4RC1S74R",2024,"CHRYSLER","PACIFICA","PHEV",1,32
"2C4RC1S78R",2024,"CHRYSLER","PACIFICA","PHEV",1,32
"2C4RC1L76M",2021,"CHRYSLER","PACIFICA","PHEV",1,32
"2C4RC1N71L",2020,"CHRYSLER","PACIFICA","PHEV",1,32
"2C4RC1N75N",2022,"CHRYSLER","PACIFICA","PHEV",1,32
"2C4RC1S75R",2024,"CHRYSLER","PACIFICA","PHEV",1,32
"2C4RC1N72K",2019,"CHRYSLER","PACIFICA","PHEV",1,32
"2C4RC1S71N",2022,"CHRYSLER","PACIFICA","PHEV",1,32
"2C4RC1L73L",2020,"CHRYSLER","PACIFICA","PHEV",1,32
"2C4RC1N74M",2021,"CHRYSLER","PACIFICA","PHEV",1,32
"2C4RC1L71L",2020,"CHRYSLER","PACIFICA","PHEV",1,32
"2C4RC1S76S",2025,"CHRYSLER","PACIFICA","PHEV",1,32
"2C4RC1S72N",2022,"CHRYSLER","PACIFICA","PHEV",1,32
"2C4RC1S79N",2022,"CHRYSLER","PACIFICA","PHEV",1,32
"2C4RC1L73M",2021,"CHRYSLER","PACIFICA","PHEV",1,32
"2C4RC1H78L",2020,"CHRYSLER","PACIFICA","PHEV",1,32
"2C4RC1L75N",2022,"CHRYSLER","PACIFICA","PHEV",1,32
"2C4RC1N72M",2021,"CHRYSLER","PACIFICA","PHEV",1,32
"2C4RC1L76L",2020,"CHRYSLER","PACIFICA","PHEV",1,32
"2C4RC1S78N",2022,"CHRYSLER","PACIFICA","PHEV",1,32
"2C4RC1S79M",2021,"CHRYSLER","PACIFICA","PHEV",1,32
"2C4RC1H7XL",2020,"CHRYSLER","PACIFICA","PHEV",1,32
"2C4RC1N73P",2023,"CHRYSLER","PACIFICA","PHEV",1,32
"2C4RC1L73K",2019,"CHRYSLER","PACIFICA","PHEV",1,32
"2C4RC1N71N",2022,"CHRYSLER","PACIFICA","PHEV",1,32
"2C4RC1R77M",2021,"CHRYSLER","PACIFICA","PHEV",1,32
"2C4RC1N74P",2023,"CHRYSLER","PACIFICA","PHEV",1,32
"2C4RC1S75S",2025,"CHRYSLER","PACIFICA","PHEV",1,32
"2C4RC1L78N",2022,"CHRYSLER","PACIFICA","PHEV",1,32
"2C4RC1N77N",2022,"CHRYSLER","PACIFICA","PHEV",1,32
"2C4RC1H76L",2020,"CHRYSLER","PACIFICA","PHEV",1,32
"2C4RC1N78S",2025,"CHRYSLER","PACIFICA","PHEV",1,32
"2C4RC1N76M",2021,"CHRYSLER","PACIFICA","PHEV",1,32
"2C4RC1N75S",2025,"CHRYSLER","PACIFICA","PHEV",1,32
"2C4RC1N71K",2019,"CHRYSLER","PACIFICA","PHEV",1,32
"2C4RC1S70S",2025,"CHRYSLER","PACIFICA","PHEV",1,32
"2C4RC1N7XL",2020,"CHRYSLER","PACIFICA","PHEV",1,32
"2C4RC1H71L",2020,"CHRYSLER","PACIFICA","PHEV",1,32
"2C4RC1N70L",2020,"CHRYSLER","PACIFICA","PHEV",1,32
"2C4RC1S78S",2025,"CHRYSLER","PACIFICA","PHEV",1,32
"2C4RC1N71P",2023,"CHRYSLER","PACIFICA","PHEV",1,32
"2C4RC1S77S",2025,"CHRYSLER","PACIFICA","PHEV",1,32
"2C4RC1S78P",2023,"CHRYSLER","PACIFICA","PHEV",1,32
"2C4RC1H74K",2019,"CHRYSLER","PACIFICA","PHEV",1,32
"2C4RC1L75L",2020,"CHRYSLER","PACIFICA","PHEV",1,32
"2C4RC1S74S",2025,"CHRYSLER","PACIFICA","PHEV",1,32
"2C4RC1L78L",2020,"CHRYSLER","PACIFICA","PHEV",1,32
"2C4RC1S73T",2026,"CHRYSLER","PACIFICA","PHEV",1,32
"2C4RC1N75P",2023,"CHRYSLER","PACIFICA","PHEV",1,32
"2C4RC1L74K",2019,"CHRYSLER","PACIFICA","PHEV",1,32
"2C4RC1N76N",2022,"CHRYSLER","PACIFICA","PHEV",1,32
"2C4RC1L78K",2019,"CHRYSLER","PACIFICA","PHEV",1,32
"2C4RC1L70L",2020,"CHRYSLER","PACIFICA","PHEV",1,32
"2C4RC1N75K",2019,"CHRYSLER","PACIFICA","PHEV",1,32
"2C4RC1N74R",2024,"CHRYSLER","PACIFICA","PHEV",1,32
"2C4RC1N73L",2020,"CHRYSLER","PACIFICA","PHEV",1,32
"2C4RC1H79L",2020,"CHRYSLER","PACIFICA","PHEV",1,32
"2C4RC1H70L",2020,"CHRYSLER","PACIFICA","PHEV",1,32
"2C4RC1N78P",2023,"CHRYSLER","PACIFICA","PHEV",1,32
"2C4RC1N76S",2025,"CHRYSLER","PACIFICA","PHEV",1,32
"2C4RC1L77L",2020,"CHRYSLER","PACIFICA","PHEV",1,32
"2C4RC1H77L",2020,"CHRYSLER","PACIFICA","PHEV",1,32
"2C4RC1L79L",2020,"CHRYSLER","PACIFICA","PHEV",1,32
"2C4RC1N7XS",2025,"CHRYSLER","PACIFICA","PHEV",1,32
"2C4RC1N72P",2023,"CHRYSLER","PACIFICA","PHEV",1,32
"2C4RC1S75N",2022,"CHRYSLER","PACIFICA","PHEV",1,32
"2C4RC1L76K",2019,"CHRYSLER","PACIFICA","PHEV",1,32
"2C4RC1H78K",2019,"CHRYSLER","PACIFICA","PHEV",1,32
"2C4RC1N78N",2022,"CHRYSLER","PACIFICA","PHEV",1,32
"2C4RC1S70N",2022,"CHRYSLER","PACIFICA","PHEV",1,32
"2C4RC1H79K",2019,"CHRYSLER","PACIFICA","PHEV",1,32
"2C4RC1N75M",2021,"CHRYSLER","PACIFICA","PHEV",1,32
"2C4RC1L74L",2020,"CHRYSLER","PACIFICA","PHEV",1,32
"2C4RC1N7XK",2019,"CHRYSLER","PACIFICA","PHEV",1,32
"2C4RC1N79M",2021,"CHRYSLER","PACIFICA","PHEV",1,32
"2C4RC1R76M",2021,"CHRYSLER","PACIFICA","PHEV",1,32
"2C4RC1N79N",2022,"CHRYSLER","PACIFICA","PHEV",1,32
"2C4RC1S76T",2026,"CHRYSLER","PACIFICA","PHEV",1,32
"2C4RC1S7XT",2026,"CHRYSLER","PACIFICA","PHEV",1,32
"2C4RC1N76R",2024,"CHRYSLER","PACIFICA","PHEV",1,32
"2C4RC1S78T",2026,"CHRYSLER","PACIFICA","PHEV",1,32
"2C4RC1S74T",2026,"CHRYSLER","PACIFICA","PHEV",1,32
"2C4RC1L75K",2019,"CHRYSLER","PACIFICA","PHEV",1,32
"2C4RC1N73N",2022,"CHRYSLER","PACIFICA","PHEV",1,32
"2C4RC1L72K",2019,"CHRYSLER","PACIFICA","PHEV",1,32
"2C4RC1N71R",2024,"CHRYSLER","PACIFICA","PHEV",1,32
"2C4RC1R75M",2021,"CHRYSLER","PACIFICA","PHEV",1,32
"2C4RC1N76P",2023,"CHRYSLER","PACIFICA","PHEV",1,32
"2C4RC1H73K",2019,"CHRYSLER","PACIFICA","PHEV",1,32
"2C4RC1H72L",2020,"CHRYSLER","PACIFICA","PHEV",1,32
"2C4RC1H71K",2019,"CHRYSLER","PACIFICA","PHEV",1,32
"2C4RC1N77M",2021,"CHRYSLER","PACIFICA","PHEV",1,32
"2C4RC1S79S",2025,"CHRYSLER","PACIFICA","PHEV",1,32
"2C4RC1N71M",2021,"CHRYSLER","PACIFICA","PHEV",1,32
"2C4RC1L7XL",2020,"CHRYSLER","PACIFICA","PHEV",1,32
"2C4RC1L7XK",2019,"CHRYSLER","PACIFICA","PHEV",1,32
"2C4RC1S77N",2022,"CHRYSLER","PACIFICA","PHEV",1,32
"2C4RC1R74M",2021,"CHRYSLER","PACIFICA","PHEV",1,32
"2C4RC1N72N",2022,"CHRYSLER","PACIFICA","PHEV",1,32
"2C4RC1N70S",2025,"CHRYSLER","PACIFICA","PHEV",1,32
"2C4RC1N73S",2025,"CHRYSLER","PACIFICA","PHEV",1,32
"2C4RC1H74L",2020,"CHRYSLER","PACIFICA","PHEV",1,32
"2C4RC1N79S",2025,"CHRYSLER","PACIFICA","PHEV",1,32
"2C4RC1R73M",2021,"CHRYSLER","PACIFICA","PHEV",1,32
"2C4RC1S70T",2026,"CHRYSLER","PACIFICA","PHEV",1,32
"2C4RC1H77K",2019,"CHRYSLER","PACIFICA","PHEV",1,32
"2C4RC1R78M",2021,"CHRYSLER","PACIFICA","PHEV",1,32
"2C4RC1N74S",2025,"CHRYSLER","PACIFICA","PHEV",1,32
"2C4RC1R7XM",2021,"CHRYSLER","PACIFICA","PHEV",1,32
"2C4RC1R72M",2021,"CHRYSLER","PACIFICA","PHEV",1,32
"2C4RC1N77T",2026,"CHRYSLER","PACIFICA","PHEV",1,32
"2C4RC1N70N",2022,"CHRYSLER","PACIFICA","PHEV",1,32
"2C4RC1H70K",2019,"CHRYSLER","PACIFICA","PHEV",1,32
"2C4RC1L72L",2020,"CHRYSLER","PACIFICA","PHEV",1,32
"2C4RC1H7XK",2019,"CHRYSLER","PACIFICA","PHEV",1,32
"2C4RC1N77R",2024,"CHRYSLER","PACIFICA","PHEV",1,32
"2C4RC1H75K",2019,"CHRYSLER","PACIFICA","PHEV",1,32
"2C4RC1S71T",2026,"CHRYSLER","PACIFICA","PHEV",1,32
"2C4RC1H76K",2019,"CHRYSLER","PACIFICA","PHEV",1,32
"2C4RC1R79M",2021,"CHRYSLER","PACIFICA","PHEV",1,32
"2C4RC1S72T",2026,"CHRYSLER","PACIFICA","PHEV",1,32
"1G1FX6S01H",2017,"CHEVROLET","BOLT EV","BEV",1,238
"1G1FZ6S07K",2019,"CHEVROLET","BOLT EV","BEV",1,238
"1G1FX6S07J",2018,"CHEVROLET","BOLT EV","BEV",1,238
"1G1FW6S07H",2017,"CHEVROLET","BOLT EV","BEV",1,238
"1G1FY6S06K",2019,"CHEVROLET","BOLT EV","BEV",1,238
"1G1FW6S06J",2018,"CHEVROLET","BOLT EV","BEV",1,238
"1G1FZ6S03K",2019,"CHEVROLET","BOLT EV","BEV",1,238
"1G1FX6S05H",2017,"CHEVROLET","BOLT EV","BEV",1,238
"1G1FX6S0XJ",2018,"CHEVROLET","BOLT EV","BEV",1,238
"1G1FX6S00H",2017,"CHEVROLET","BOLT EV","BEV",1,238
"1G1FY6S00K",2019,"CHEVROLET","BOLT EV","BEV",1,238
"1G1FX6S0XH",2017,"CHEVROLET","BOLT EV","BEV",1,238
"1G1FY6S09K",2019,"CHEVROLET","BOLT EV","BEV",1,238
"1G1FX6S07H",2017,"CHEVROLET","BOLT EV","BEV",1,238
"1G1FW6S0XH",2017,"CHEVROLET","BOLT EV","BEV",1,238
"1G1FW6S09H",2017,"CHEVROLET","BOLT EV","BEV",1,238
"1G1FY6S0XK",2019,"CHEVROLET","BOLT EV","BEV",1,238
"1G1FX6S04J",2018,"CHEVROLET","BOLT EV","BEV",1,238
"1G1FZ6S06K",2019,"CHEVROLET","BOLT EV","BEV",1,238
"1G1FX6S03J",2018,"CHEVROLET","BOLT EV","BEV",1,238
"1G1FX6S00K",2019,"CHEVROLET","BOLT EV","BEV",1,238
"1G1FW6S06H",2017,"CHEVROLET","BOLT EV","BEV",1,238
"1G1FW6S04J",2018,"CHEVROLET","BOLT EV","BEV",1,238
"1G1FY6S07K",2019,"CHEVROLET","BOLT EV","BEV",1,238
"1G1FZ6S01K",2019,"CHEVROLET","BOLT EV","BEV",1,238
"1G1FW6S01J",2018,"CHEVROLET","BOLT EV","BEV",1,238
"1G1FX6S00J",2018,"CHEVROLET","BOLT EV","BEV",1,238
"1G1FX6S02H",2017,"CHEVROLET","BOLT EV","BEV",1,238
"1G1FY6S04K",2019,"CHEVROLET","BOLT EV","BEV",1,238
"1G1FX6S06H",2017,"CHEVROLET","BOLT EV","BEV",1,238
"1G1FW6S03H",2017,"CHEVROLET","BOLT EV","BEV",1,238
"1G1FW6S08H",2017,"CHEVROLET","BOLT EV","BEV",1,238
"1G1FY6S01K",2019,"CHEVROLET","BOLT EV","BEV",1,238
"1G1FX6S01K",2019,"CHEVROLET","BOLT EV","BEV",1,238
"1G1FX6S09J",2018,"CHEVROLET","BOLT EV","BEV",1,238
"1G1FZ6S05K",2019,"CHEVROLET","BOLT EV","BEV",1,238
"1G1FW6S04H",2017,"CHEVROLET","BOLT EV","BEV",1,238
"1G1FX6S03H",2017,"CHEVROLET","BOLT EV","BEV",1,238
"1G1FZ6S0XK",2019,"CHEVROLET","BOLT EV","BEV",1,238
"1G1FX6S08H",2017,"CHEVROLET","BOLT EV","BEV",1,238
"1G1FW6S09J",2018,"CHEVROLET","BOLT EV","BEV",1,238
"1G1FW6S03K",2019,"CHEVROLET","BOLT EV","BEV",1,238
"1G1FW6S00H",2017,"CHEVROLET","BOLT EV","BEV",1,238
"1G1FX6S06J",2018,"CHEVROLET","BOLT EV","BEV",1,238
"1G1FY6S08K",2019,"CHEVROLET","BOLT EV","BEV",1,238
"1G1FY6S02K",2019,"CHEVROLET","BOLT EV","BEV",1,238
"1G1FW6S02H",2017,"CHEVROLET","BOLT EV","BEV",1,238
"1G1FX6S08J",2018,"CHEVROLET","BOLT EV","BEV",1,238
"1G1FW6S02J",2018,"CHEVROLET","BOLT EV","BEV",1,238
"1G1FW6S00J",2018,"CHEVROLET","BOLT EV","BEV",1,238
"1G1FX6S02J",2018,"CHEVROLET","BOLT EV","BEV",1,238
"1G1FZ6S04K",2019,"CHEVROLET","BOLT EV","BEV",1,238
"1G1FW6S01H",2017,"CHEVROLET","BOLT EV","BEV",1,238
"1G1FW6S07J",2018,"CHEVROLET","BOLT EV","BEV",1,238
"1G1FX6S09H",2017,"CHEVROLET","BOLT EV","BEV",1,238
"1G1FW6S05H",2017,"CHEVROLET","BOLT EV","BEV",1,238
"1G1FZ6S09K",2019,"CHEVROLET","BOLT EV","BEV",1,238
"1G1FW6S03J",2018,"CHEVROLET","BOLT EV","BEV",1,238
"1G1FZ6S02K",2019,"CHEVROLET","BOLT EV","BEV",1,238
"1G1FZ6S08K",2019,"CHEVROLET","BOLT EV","BEV",1,238
"1G1FW6S0XJ",2018,"CHEVROLET","BOLT EV","BEV",1,238
"1G1FW6S06K",2019,"CHEVROLET","BOLT EV","BEV",1,238
"1G1FX6S05J",2018,"CHEVROLET","BOLT EV","BEV",1,238
"1G1FX6S04K",2019,"CHEVROLET","BOLT EV","BEV",1,238
"1G1FX6S04H",2017,"CHEVROLET","BOLT EV","BEV",1,238
"1G1FZ6S00K",2019,"CHEVROLET","BOLT EV","BEV",1,238
"1G1FW6S05J",2018,"CHEVROLET","BOLT EV","BEV",1,238
"1G1FY6S03K",2019,"CHEVROLET","BOLT EV","BEV",1,238
"1G1FW6S04K",2019,"CHEVROLET","BOLT EV","BEV",1,238
"1G1FW6S05K",2019,"CHEVROLET","BOLT EV","BEV",1,238
"1G1FY6S05K",2019,"CHEVROLET","BOLT EV","BEV",1,238
"1G1FW6S08J",2018,"CHEVROLET","BOLT EV","BEV",1,238
"1G1FW6S0XK",2019,"CHEVROLET","BOLT EV","BEV",1,238
"1G1FW6S01K",2019,"CHEVROLET","BOLT EV","BEV",1,238
"1G1FX6S01J",2018,"CHEVROLET","BOLT EV","BEV",1,238
"1G1FW6S00K",2019,"CHEVROLET","BOLT EV","BEV",1,238
"1G1FW6S02K",2019,"CHEVROLET","BOLT EV","BEV",1,238
"1G1FX6S08K",2019,"CHEVROLET","BOLT EV","BEV",1,238
"1G1FW6S08K",2019,"CHEVROLET","BOLT EV","BEV",1,238
"1G1FX6S05K",2019,"CHEVROLET","BOLT EV","BEV",1,238
"1G1FW6S07K",2019,"CHEVROLET","BOLT EV","BEV",1,238
"1G1FW6S09K",2019,"CHEVROLET","BOLT EV","BEV",1,238
"1G1FX6S09K",2019,"CHEVROLET","BOLT EV","BEV",1,238
"1G1FX6S07K",2019,"CHEVROLET","BOLT EV","BEV",1,238
"1G1FX6S02K",2019,"CHEVROLET","BOLT EV","BEV",1,238
"1G1FX6S0XK",2019,"CHEVROLET","BOLT EV","BEV",1,238
"1G1FZ6S02L",2020,"CHEVROLET","BOLT EV","BEV",1,259
"1G1FY6S01L",2020,"CHEVROLET","BOLT EV","BEV",1,259
"1G1FY6S08L",2020,"CHEVROLET","BOLT EV","BEV",1,259
"1G1FZ6S01L",2020,"CHEVROLET","BOLT EV","BEV",1,259
"1G1FY6S04L",2020,"CHEVROLET","BOLT EV","BEV",1,259
"1G1FZ6S0XL",2020,"CHEVROLET","BOLT EV","BEV",1,259
"1G1FZ6S08L",2020,"CHEVROLET","BOLT EV","BEV",1,259
"1G1FY6S03L",2020,"CHEVROLET","BOLT EV","BEV",1,259
"1G1FZ6S04L",2020,"CHEVROLET","BOLT EV","BEV",1,259
"1G1FY6S05L",2020,"CHEVROLET","BOLT EV","BEV",1,259
"1G1FY6S07L",2020,"CHEVROLET","BOLT EV","BEV",1,259
"1G1FZ6S00L",2020,"CHEVROLET","BOLT EV","BEV",1,259
"1G1FZ6S03L",2020,"CHEVROLET","BOLT EV","BEV",1,259
"1G1FY6S06L",2020,"CHEVROLET","BOLT EV","BEV",1,259
"1G1FW6S03L",2020,"CHEVROLET","BOLT EV","BEV",1,259
"1G1FY6S02L",2020,"CHEVROLET","BOLT EV","BEV",1,259
"1G1FW6S06L",2020,"CHEVROLET","BOLT EV","BEV",1,259
"1G1FY6S0XL",2020,"CHEVROLET","BOLT EV","BEV",1,259
"1G1FZ6S07L",2020,"CHEVROLET","BOLT EV","BEV",1,259
"1G1FW6S01L",2020,"CHEVROLET","BOLT EV","BEV",1,259
"1G1FY6S09L",2020,"CHEVROLET","BOLT EV","BEV",1,259
"1G1FZ6S06L",2020,"CHEVROLET","BOLT EV","BEV",1,259
"1G1FW6S04L",2020,"CHEVROLET","BOLT EV","BEV",1,259
"1G1FY6S00L",2020,"CHEVROLET","BOLT EV","BEV",1,259
"1G1FW6S00L",2020,"CHEVROLET","BOLT EV","BEV",1,259
"1G1FZ6S09L",2020,"CHEVROLET","BOLT EV","BEV",1,259
"1G1FW6S08L",2020,"CHEVROLET","BOLT EV","BEV",1,259
"1G1FW6S0XL",2020,"CHEVROLET","BOLT EV","BEV",1,259
"1G1FW6S02L",2020,"CHEVROLET","BOLT EV","BEV",1,259
"1G1FZ6S05L",2020,"CHEVROLET","BOLT EV","BEV",1,259
"1G1FW6S07L",2020,"CHEVROLET","BOLT EV","BEV",1,259
"1G1FW6S09L",2020,"CHEVROLET","BOLT EV","BEV",1,259
"1G1FW6S05L",2020,"CHEVROLET","BOLT EV","BEV",1,259
"1G1FX6S00L",2020,"CHEVROLET","BOLT EV","BEV",1,259
"1G1FX6S03L",2020,"CHEVROLET","BOLT EV","BEV",1,259
"1G1FX6S08L",2020,"CHEVROLET","BOLT EV","BEV",1,259
"1G1FX6S05L",2020,"CHEVROLET","BOLT EV","BEV",1,259
"1G1FX6S06L",2020,"CHEVROLET","BOLT EV","BEV",1,259
"1G1FX6S01L",2020,"CHEVROLET","BOLT EV","BEV",1,259
"1G1FX6S0XL",2020,"CHEVROLET","BOLT EV","BEV",1,259
"1G1FX6S04L",2020,"CHEVROLET","BOLT EV","BEV",1,259
"1G1FX6S02L",2020,"CHEVROLET","BOLT EV","BEV",1,259
"1G1FX6S09L",2020,"CHEVROLET","BOLT EV","BEV",1,259
"KL8CK6S00G",2016,"CHEVROLET","SPARK","BEV",1,82
"KL8CL6S04F",2015,"CHEVROLET","SPARK","BEV",1,82
"KL8CL6S0XF",2015,"CHEVROLET","SPARK","BEV",1,82
"KL8CK6S06G",2016,"CHEVROLET","SPARK","BEV",1,82
"KL8CK6S07F",2015,"CHEVROLET","SPARK","BEV",1,82
"KL8CK6S03G",2016,"CHEVROLET","SPARK","BEV",1,82
"KL8CL6S07F",2015,"CHEVROLET","SPARK","BEV",1,82
"KL8CL6S04G",2016,"CHEVROLET","SPARK","BEV",1,82
"KL8CK6S02G",2016,"CHEVROLET","SPARK","BEV",1,82
"KL8CL6S03G",2016,"CHEVROLET","SPARK","BEV",1,82
"KL8CK6S09G",2016,"CHEVROLET","SPARK","BEV",1,82
"KL8CL6S09E",2014,"CHEVROLET","SPARK","BEV",1,82
"KL8CL6S02E",2014,"CHEVROLET","SPARK","BEV",1,82
"KL8CL6S05E",2014,"CHEVROLET","SPARK","BEV",1,82
"KL8CL6S00G",2016,"CHEVROLET","SPARK","BEV",1,82
"KL8CL6S09F",2015,"CHEVROLET","SPARK","BEV",1,82
"KL8CK6S07E",2014,"CHEVROLET","SPARK","BEV",1,82
"KL8CL6S0XE",2014,"CHEVROLET","SPARK","BEV",1,82
"KL8CL6S05G",2016,"CHEVROLET","SPARK","BEV",1,82
"KL8CK6S04G",2016,"CHEVROLET","SPARK","BEV",1,82
"KL8CL6S03F",2015,"CHEVROLET","SPARK","BEV",1,82
"KL8CK6S04F",2015,"CHEVROLET","SPARK","BEV",1,82
"KL8CL6S06F",2015,"CHEVROLET","SPARK","BEV",1,82
"KL8CL6S08F",2015,"CHEVROLET","SPARK","BEV",1,82
"KL8CL6S08G",2016,"CHEVROLET","SPARK","BEV",1,82
"KL8CL6S03E",2014,"CHEVROLET","SPARK","BEV",1,82
"KL8CL6S04E",2014,"CHEVROLET","SPARK","BEV",1,82
"KL8CL6S05F",2015,"CHEVROLET","SPARK","BEV",1,82
"KL8CL6S06G",2016,"CHEVROLET","SPARK","BEV",1,82
"KL8CL6S00E",2014,"CHEVROLET","SPARK","BEV",1,82
"KL8CK6S06E",2014,"CHEVROLET","SPARK","BEV",1,82
"KL8CK6S01G",2016,"CHEVROLET","SPARK","BEV",1,82
"KL8CK6S0XE",2014,"CHEVROLET","SPARK","BEV",1,82
"KL8CK6S01F",2015,"CHEVROLET","SPARK","BEV",1,82
"KL8CL6S02F",2015,"CHEVROLET","SPARK","BEV",1,82
"KL8CL6S0XG",2016,"CHEVROLET","SPARK","BEV",1,82
"KL8CL6S07G",2016,"CHEVROLET","SPARK","BEV",1,82
"KL8CL6S02G",2016,"CHEVROLET","SPARK","BEV",1,82
"KL8CK6S0XF",2015,"CHEVROLET","SPARK","BEV",1,82
"KL8CK6S03F",2015,"CHEVROLET","SPARK","BEV",1,82
"KL8CK6S08G",2016,"CHEVROLET","SPARK","BEV",1,82
"KL8CL6S08E",2014,"CHEVROLET","SPARK","BEV",1,82
"KL8CK6S05F",2015,"CHEVROLET","SPARK","BEV",1,82
"KL8CK6S0XG",2016,"CHEVROLET","SPARK","BEV",1,82
"KL8CK6S08F",2015,"CHEVROLET","SPARK","BEV",1,82
"KL8CL6S01E",2014,"CHEVROLET","SPARK","BEV",1,82
"KL8CK6S07G",2016,"CHEVROLET","SPARK","BEV",1,82
"KL8CL6S09G",2016,"CHEVROLET","SPARK","BEV",1,82
"KL8CL6S06E",2014,"CHEVROLET","SPARK","BEV",1,82
"KL8CL6S00F",2015,"CHEVROLET","SPARK","BEV",1,82
"KL8CK6S00E",2014,"CHEVROLET","SPARK","BEV",1,82
"KL8CL6S01G",2016,"CHEVROLET","SPARK","BEV",1,82
"KL8CK6S02F",2015,"CHEVROLET","SPARK","BEV",1,82
"KL8CK6S09E",2014,"CHEVROLET","SPARK","BEV",1,82
"KL8CL6S01F",2015,"CHEVROLET","SPARK","BEV",1,82
"KL8CK6S00F",2015,"CHEVROLET","SPARK","BEV",1,82
"KL8CK6S01E",2014,"CHEVROLET","SPARK","BEV",1,82
"KL8CK6S05G",2016,"CHEVROLET","SPARK","BEV",1,82
"KL8CK6S06F",2015,"CHEVROLET","SPARK","BEV",1,82
"1G1RD6E48C",2012,"CHEVROLET","VOLT","PHEV",1,35
"1G1RD6E45C",2012,"CHEVROLET","VOLT","PHEV",1,35
"1G1RD6E46B",2011,"CHEVROLET","VOLT","PHEV",1,35
"1G1RB6E47C",2012,"CHEVROLET","VOLT","PHEV",1,35
"1G1RD6E49C",2012,"CHEVROLET","VOLT","PHEV",1,35
"1G1RA6E42C",2012,"CHEVROLET","VOLT","PHEV",1,35
"1G1RD6E44C",2012,"CHEVROLET","VOLT","PHEV",1,35
"1G1RD6E43C",2012,"CHEVROLET","VOLT","PHEV",1,35
"1G1RD6E40C",2012,"CHEVROLET","VOLT","PHEV",1,35
"1G1RA6E43C",2012,"CHEVROLET","VOLT","PHEV",1,35
"1G1RD6E41B",2011,"CHEVROLET","VOLT","PHEV",1,35
"1G1RH6E48C",2012,"CHEVROLET","VOLT","PHEV",1,35
"1G1RD6E4XC",2012,"CHEVROLET","VOLT","PHEV",1,35
"1G1RB6E40C",2012,"CHEVROLET","VOLT","PHEV",1,35
"1G1RD6E49B",2011,"CHEVROLET","VOLT","PHEV",1,35
"1G1RB6E48C",2012,"CHEVROLET","VOLT","PHEV",1,35
"1G1RB6E4XC",2012,"CHEVROLET","VOLT","PHEV",1,35
"1G1RF6E42C",2012,"CHEVROLET","VOLT","PHEV",1,35
"1G1RD6E47C",2012,"CHEVROLET","VOLT","PHEV",1,35
"1G1RB6E44C",2012,"CHEVROLET","VOLT","PHEV",1,35
"1G1RB6E42C",2012,"CHEVROLET","VOLT","PHEV",1,35
"1G1RB6E41C",2012,"CHEVROLET","VOLT","PHEV",1,35
"1G1RA6E40C",2012,"CHEVROLET","VOLT","PHEV",1,35
"1G1RD6E41C",2012,"CHEVROLET","VOLT","PHEV",1,35
"1G1RA6E47C",2012,"CHEVROLET","VOLT","PHEV",1,35
"1G1RH6E45C",2012,"CHEVROLET","VOLT","PHEV",1,35
"1G1RD6E44B",2011,"CHEVROLET","VOLT","PHEV",1,35
"1G1RB6E45C",2012,"CHEVROLET","VOLT","PHEV",1,35
"1G1RA6E48C",2012,"CHEVROLET","VOLT","PHEV",1,35
"1G1RB6E43C",2012,"CHEVROLET","VOLT","PHEV",1,35
"1G1RA6E45C",2012,"CHEVROLET","VOLT","PHEV",1,35
"1G1RD6E46C",2012,"CHEVROLET","VOLT","PHEV",1,35
"1G1RH6E43C",2012,"CHEVROLET","VOLT","PHEV",1,35
"1G1RC6E4XB",2011,"CHEVROLET","VOLT","PHEV",1,35
"1G1RD6E42C",2012,"CHEVROLET","VOLT","PHEV",1,35
"1G1RE6E45C",2012,"CHEVROLET","VOLT","PHEV",1,35
"1G1RA6E41C",2012,"CHEVROLET","VOLT","PHEV",1,35
"1G1RB6E49C",2012,"CHEVROLET","VOLT","PHEV",1,35
"1G1RD6E4XB",2011,"CHEVROLET","VOLT","PHEV",1,35
"1G1RH6E40C",2012,"CHEVROLET","VOLT","PHEV",1,35
"1G1RB6E46C",2012,"CHEVROLET","VOLT","PHEV",1,35
"1G1RE6E48C",2012,"CHEVROLET","VOLT","PHEV",1,35
"1G1RD6E42B",2011,"CHEVROLET","VOLT","PHEV",1,35
"1G1RA6E49C",2012,"CHEVROLET","VOLT","PHEV",1,35
"1G1RG6E49C",2012,"CHEVROLET","VOLT","PHEV",1,35
"1G1RH6E44C",2012,"CHEVROLET","VOLT","PHEV",1,35
"1G1RD6E48B",2011,"CHEVROLET","VOLT","PHEV",1,35
"1G1RC6E41C",2012,"CHEVROLET","VOLT","PHEV",1,35
"1G1RD6E45B",2011,"CHEVROLET","VOLT","PHEV",1,35
"1G1RA6E44C",2012,"CHEVROLET","VOLT","PHEV",1,35
"1G1RA6E4XC",2012,"CHEVROLET","VOLT","PHEV",1,35
"1G1RA6E46C",2012,"CHEVROLET","VOLT","PHEV",1,35
"1G1RC6E43C",2012,"CHEVROLET","VOLT","PHEV",1,35
"1G1RD6E43B",2011,"CHEVROLET","VOLT","PHEV",1,35
"1G1RF6E49C",2012,"CHEVROLET","VOLT","PHEV",1,35
"1G1RH6E46C",2012,"CHEVROLET","VOLT","PHEV",1,35
"1G1RC6E42B",2011,"CHEVROLET","VOLT","PHEV",1,35
"1G1RG6E46C",2012,"CHEVROLET","VOLT","PHEV",1,35
"1G1RC6E49B",2011,"CHEVROLET","VOLT","PHEV",1,35
"1G1RD6E47B",2011,"CHEVROLET","VOLT","PHEV",1,35
"1G1RE6E47C",2012,"CHEVROLET","VOLT","PHEV",1,35
"1G1RC6E45B",2011,"CHEVROLET","VOLT","PHEV",1,35
"1G1RG6E44C",2012,"CHEVROLET","VOLT","PHEV",1,35
"1G1RD6E40B",2011,"CHEVROLET","VOLT","PHEV",1,35
"1G1RC6E45C",2012,"CHEVROLET","VOLT","PHEV",1,35
"1G1RH6E4XC",2012,"CHEVROLET","VOLT","PHEV",1,35
"1G1RC6E44C",2012,"CHEVROLET","VOLT","PHEV",1,35
"1G1RG6E43C",2012,"CHEVROLET","VOLT","PHEV",1,35
"1G1RC6E4XC",2012,"CHEVROLET","VOLT","PHEV",1,35
"1G1RH6E47C",2012,"CHEVROLET","VOLT","PHEV",1,35
"1G1RH6E41C",2012,"CHEVROLET","VOLT","PHEV",1,35
"1G1RF6E43C",2012,"CHEVROLET","VOLT","PHEV",1,35
"1G1RE6E42C",2012,"CHEVROLET","VOLT","PHEV",1,35
"1G1RB6S52H",2017,"CHEVROLET","VOLT","PHEV",1,53
"1G1RD6S58G",2016,"CHEVROLET","VOLT","PHEV",1,53
"1G1RC6S55H",2017,"CHEVROLET","VOLT","PHEV",1,53
"1G1RA6S58H",2017,"CHEVROLET","VOLT","PHEV",1,53
"1G1RD6S56J",2018,"CHEVROLET","VOLT","PHEV",1,53
"1G1RA6S52H",2017,"CHEVROLET","VOLT","PHEV",1,53
"1G1RB6S55J",2018,"CHEVROLET","VOLT","PHEV",1,53
"1G1RD6S52G",2016,"CHEVROLET","VOLT","PHEV",1,53
"1G1RA6S52J",2018,"CHEVROLET","VOLT","PHEV",1,53
"1G1RC6S50K",2019,"CHEVROLET","VOLT","PHEV",1,53
"1G1RC6S5XH",2017,"CHEVROLET","VOLT","PHEV",1,53
"1G1RD6S5XJ",2018,"CHEVROLET","VOLT","PHEV",1,53
"1G1RB6S59H",2017,"CHEVROLET","VOLT","PHEV",1,53
"1G1RD6S53H",2017,"CHEVROLET","VOLT","PHEV",1,53
"1G1RB6S53H",2017,"CHEVROLET","VOLT","PHEV",1,53
"1G1RB6S58J",2018,"CHEVROLET","VOLT","PHEV",1,53
"1G1RA6S57H",2017,"CHEVROLET","VOLT","PHEV",1,53
"1G1RC6S53J",2018,"CHEVROLET","VOLT","PHEV",1,53
"1G1RB6S56H",2017,"CHEVROLET","VOLT","PHEV",1,53
"1G1RC6S52J",2018,"CHEVROLET","VOLT","PHEV",1,53
"1G1RA6S59J",2018,"CHEVROLET","VOLT","PHEV",1,53
"1G1RA6S58J",2018,"CHEVROLET","VOLT","PHEV",1,53
"1G1RC6S52H",2017,"CHEVROLET","VOLT","PHEV",1,53
"1G1RB6S5XH",2017,"CHEVROLET","VOLT","PHEV",1,53
"1G1RC6S58H",2017,"CHEVROLET","VOLT","PHEV",1,53
"1G1RD6S51H",2017,"CHEVROLET","VOLT","PHEV",1,53
"1G1RD6S56G",2016,"CHEVROLET","VOLT","PHEV",1,53
"1G1RC6S53K",2019,"CHEVROLET","VOLT","PHEV",1,53
"1G1RC6S59J",2018,"CHEVROLET","VOLT","PHEV",1,53
"1G1RA6S51H",2017,"CHEVROLET","VOLT","PHEV",1,53
"1G1RB6S57J",2018,"CHEVROLET","VOLT","PHEV",1,53
"1G1RA6S56H",2017,"CHEVROLET","VOLT","PHEV",1,53
"1G1RD6S58H",2017,"CHEVROLET","VOLT","PHEV",1,53
"1G1RD6S57J",2018,"CHEVROLET","VOLT","PHEV",1,53
"1G1RB6S54H",2017,"CHEVROLET","VOLT","PHEV",1,53
"1G1RC6S54J",2018,"CHEVROLET","VOLT","PHEV",1,53
"1G1RB6S56J",2018,"CHEVROLET","VOLT","PHEV",1,53
"1G1RD6S5XG",2016,"CHEVROLET","VOLT","PHEV",1,53
"1G1RC6S59H",2017,"CHEVROLET","VOLT","PHEV",1,53
"1G1RB6S54J",2018,"CHEVROLET","VOLT","PHEV",1,53
"1G1RD6S51G",2016,"CHEVROLET","VOLT","PHEV",1,53
"1G1RC6S56J",2018,"CHEVROLET","VOLT","PHEV",1,53
"1G1RD6S54H",2017,"CHEVROLET","VOLT","PHEV",1,53
"1G1RD6S59K",2019,"CHEVROLET","VOLT","PHEV",1,53
"1G1RD6S57K",2019,"CHEVROLET","VOLT","PHEV",1,53
"1G1RA6S55H",2017,"CHEVROLET","VOLT","PHEV",1,53
"1G1RA6S51J",2018,"CHEVROLET","VOLT","PHEV",1,53
"1G1RA6S54J",2018,"CHEVROLET","VOLT","PHEV",1,53
"1G1RB6S50H",2017,"CHEVROLET","VOLT","PHEV",1,53
"1G1RC6S58G",2016,"CHEVROLET","VOLT","PHEV",1,53
"1G1RC6S51G",2016,"CHEVROLET","VOLT","PHEV",1,53
"1G1RC6S52G",2016,"CHEVROLET","VOLT","PHEV",1,53
"1G1RB6S53J",2018,"CHEVROLET","VOLT","PHEV",1,53
"1G1RD6S54J",2018,"CHEVROLET","VOLT","PHEV",1,53
"1G1RD6S55H",2017,"CHEVROLET","VOLT","PHEV",1,53
"1G1RB6S52K",2019,"CHEVROLET","VOLT","PHEV",1,53
"1G1RB6S55H",2017,"CHEVROLET","VOLT","PHEV",1,53
"1G1RD6S50H",2017,"CHEVROLET","VOLT","PHEV",1,53
"1G1RA6S55K",2019,"CHEVROLET","VOLT","PHEV",1,53
"1G1RC6S55G",2016,"CHEVROLET","VOLT","PHEV",1,53
"1G1RA6S59H",2017,"CHEVROLET","VOLT","PHEV",1,53
"1G1RA6S54H",2017,"CHEVROLET","VOLT","PHEV",1,53
"1G1RA6S50H",2017,"CHEVROLET","VOLT","PHEV",1,53
"1G1RB6S51H",2017,"CHEVROLET","VOLT","PHEV",1,53
"1G1RA6S55J",2018,"CHEVROLET","VOLT","PHEV",1,53
"1G1RD6S56H",2017,"CHEVROLET","VOLT","PHEV",1,53
"1G1RC6S50H",2017,"CHEVROLET","VOLT","PHEV",1,53
"1G1RD6S51K",2019,"CHEVROLET","VOLT","PHEV",1,53
"1G1RD6S52H",2017,"CHEVROLET","VOLT","PHEV",1,53
"1G1RD6S5XH",2017,"CHEVROLET","VOLT","PHEV",1,53
"1G1RB6S51J",2018,"CHEVROLET","VOLT","PHEV",1,53
"1G1RC6S54H",2017,"CHEVROLET","VOLT","PHEV",1,53
"1G1RC6S59G",2016,"CHEVROLET","VOLT","PHEV",1,53
"1G1RC6S58K",2019,"CHEVROLET","VOLT","PHEV",1,53
"1G1RA6S5XH",2017,"CHEVROLET","VOLT","PHEV",1,53
"1G1RD6S53G",2016,"CHEVROLET","VOLT","PHEV",1,53
"1G1RA6S56J",2018,"CHEVROLET","VOLT","PHEV",1,53
"1G1RC6S57H",2017,"CHEVROLET","VOLT","PHEV",1,53
"1G1RA6S57J",2018,"CHEVROLET","VOLT","PHEV",1,53
"1G1RB6S5XJ",2018,"CHEVROLET","VOLT","PHEV",1,53
"1G1RA6S53H",2017,"CHEVROLET","VOLT","PHEV",1,53
"1G1RC6S54G",2016,"CHEVROLET","VOLT","PHEV",1,53
"1G1RC6S5XJ",2018,"CHEVROLET","VOLT","PHEV",1,53
"1G1RC6S57G",2016,"CHEVROLET","VOLT","PHEV",1,53
"1G1RC6S53H",2017,"CHEVROLET","VOLT","PHEV",1,53
"1G1RB6S50J",2018,"CHEVROLET","VOLT","PHEV",1,53
"1G1RA6S5XJ",2018,"CHEVROLET","VOLT","PHEV",1,53
"1G1RC6S56H",2017,"CHEVROLET","VOLT","PHEV",1,53
"1G1RB6S58H",2017,"CHEVROLET","VOLT","PHEV",1,53
"1G1RA6S50K",2019,"CHEVROLET","VOLT","PHEV",1,53
"1G1RC6S51H",2017,"CHEVROLET","VOLT","PHEV",1,53
"1G1RC6S55J",2018,"CHEVROLET","VOLT","PHEV",1,53
"1G1RB6S5XG",2016,"CHEVROLET","VOLT","PHEV",1,53
"1G1RC6S53G",2016,"CHEVROLET","VOLT","PHEV",1,53
"1G1RD6S55G",2016,"CHEVROLET","VOLT","PHEV",1,53
"1G1RA6S50J",2018,"CHEVROLET","VOLT","PHEV",1,53
"1G1RD6S58J",2018,"CHEVROLET","VOLT","PHEV",1,53
"1G1RC6S51J",2018,"CHEVROLET","VOLT","PHEV",1,53
"1G1RA6S58K",2019,"CHEVROLET","VOLT","PHEV",1,53
"1G1RD6S50J",2018,"CHEVROLET","VOLT","PHEV",1,53
"1G1RC6S58J",2018,"CHEVROLET","VOLT","PHEV",1,53
"1G1RD6S57H",2017,"CHEVROLET","VOLT","PHEV",1,53
"1G1RD6S57G",2016,"CHEVROLET","VOLT","PHEV",1,53
"1G1RD6S59H",2017,"CHEVROLET","VOLT","PHEV",1,53
"1G1RC6S50G",2016,"CHEVROLET","VOLT","PHEV",1,53
"1G1RD6S54G",2016,"CHEVROLET","VOLT","PHEV",1,53
"1G1RC6S50J",2018,"CHEVROLET","VOLT","PHEV",1,53
"1G1RA6S57K",2019,"CHEVROLET","VOLT","PHEV",1,53
"1G1RC6S55K",2019,"CHEVROLET","VOLT","PHEV",1,53
"1G1RC6S57J",2018,"CHEVROLET","VOLT","PHEV",1,53
"1G1RB6S59K",2019,"CHEVROLET","VOLT","PHEV",1,53
"1G1RC6S56G",2016,"CHEVROLET","VOLT","PHEV",1,53
"1G1RB6S57H",2017,"CHEVROLET","VOLT","PHEV",1,53
"1G1RA6S53J",2018,"CHEVROLET","VOLT","PHEV",1,53
"1G1RC6S56K",2019,"CHEVROLET","VOLT","PHEV",1,53
"1G1RD6S53J",2018,"CHEVROLET","VOLT","PHEV",1,53
"1G1RD6S51J",2018,"CHEVROLET","VOLT","PHEV",1,53
"1G1RD6S55J",2018,"CHEVROLET","VOLT","PHEV",1,53
"1G1RD6S52K",2019,"CHEVROLET","VOLT","PHEV",1,53
"1G1RD6S55K",2019,"CHEVROLET","VOLT","PHEV",1,53
"1G1RD6S58K",2019,"CHEVROLET","VOLT","PHEV",1,53
"1G1RD6S50G",2016,"CHEVROLET","VOLT","PHEV",1,53
"1G1RC6S5XK",2019,"CHEVROLET","VOLT","PHEV",1,53
"1G1RD6S52J",2018,"CHEVROLET","VOLT","PHEV",1,53
"1G1RB6S59J",2018,"CHEVROLET","VOLT","PHEV",1,53
"1G1RB6S52J",2018,"CHEVROLET","VOLT","PHEV",1,53
"1G1RA6S59K",2019,"CHEVROLET","VOLT","PHEV",1,53
"1G1RA6S51G",2016,"CHEVROLET","VOLT","PHEV",1,53
"1G1RD6S59G",2016,"CHEVROLET","VOLT","PHEV",1,53
"1G1RB6S50K",2019,"CHEVROLET","VOLT","PHEV",1,53
"1G1RD6S50K",2019,"CHEVROLET","VOLT","PHEV",1,53
"1G1RD6S54K",2019,"CHEVROLET","VOLT","PHEV",1,53
"1G1RC6S5XG",2016,"CHEVROLET","VOLT","PHEV",1,53
"1G1RC6S59K",2019,"CHEVROLET","VOLT","PHEV",1,53
"1G1RC6S51K",2019,"CHEVROLET","VOLT","PHEV",1,53
"1G1RD6S59J",2018,"CHEVROLET","VOLT","PHEV",1,53
"1G1RC6S54K",2019,"CHEVROLET","VOLT","PHEV",1,53
"1G1RB6S56K",2019,"CHEVROLET","VOLT","PHEV",1,53
"1G1RD6S5XK",2019,"CHEVROLET","VOLT","PHEV",1,53
"1G1RC6S57K",2019,"CHEVROLET","VOLT","PHEV",1,53
"1G1RB6S51K",2019,"CHEVROLET","VOLT","PHEV",1,53
"1G1RA6S59G",2016,"CHEVROLET","VOLT","PHEV",1,53
"1G1RB6S55K",2019,"CHEVROLET","VOLT","PHEV",1,53
"1G1RB6S59G",2016,"CHEVROLET","VOLT","PHEV",1,53
"1G1RD6S53K",2019,"CHEVROLET","VOLT","PHEV",1,53
"1G1RD6S56K",2019,"CHEVROLET","VOLT","PHEV",1,53
"1G1RB6S51G",2016,"CHEVROLET","VOLT","PHEV",1,53
"1G1RB6S54K",2019,"CHEVROLET","VOLT","PHEV",1,53
"1G1RA6S53K",2019,"CHEVROLET","VOLT","PHEV",1,53
"1G1RA6S5XK",2019,"CHEVROLET","VOLT","PHEV",1,53
"1G1RB6S55G",2016,"CHEVROLET","VOLT","PHEV",1,53
"1G1RB6S5XK",2019,"CHEVROLET","VOLT","PHEV",1,53
"1G1RB6S50G",2016,"CHEVROLET","VOLT","PHEV",1,53
"1G1RA6S52K",2019,"CHEVROLET","VOLT","PHEV",1,53
"1G1RA6S56K",2019,"CHEVROLET","VOLT","PHEV",1,53
"1G1RB6S53K",2019,"CHEVROLET","VOLT","PHEV",1,53
"1G1RA6S51K",2019,"CHEVROLET","VOLT","PHEV",1,53
"1G1RA6S54K",2019,"CHEVROLET","VOLT","PHEV",1,53
"1G1RD6E46F",2015,"CHEVROLET","VOLT","PHEV",1,38
"1G1RD6E49F",2015,"CHEVROLET","VOLT","PHEV",1,38
"1G1RB6E41F",2015,"CHEVROLET","VOLT","PHEV",1,38
"1G1RB6E47F",2015,"CHEVROLET","VOLT","PHEV",1,38
"1G1RD6E48F",2015,"CHEVROLET","VOLT","PHEV",1,38
"1G1RA6E45F",2015,"CHEVROLET","VOLT","PHEV",1,38
"1G1RB6E49F",2015,"CHEVROLET","VOLT","PHEV",1,38
"1G1RB6E48F",2015,"CHEVROLET","VOLT","PHEV",1,38
"1G1RD6E4XF",2015,"CHEVROLET","VOLT","PHEV",1,38
"1G1RA6E40F",2015,"CHEVROLET","VOLT","PHEV",1,38
"1G1RC6E48F",2015,"CHEVROLET","VOLT","PHEV",1,38
"1G1RD6E44F",2015,"CHEVROLET","VOLT","PHEV",1,38
"1G1RD6E42F",2015,"CHEVROLET","VOLT","PHEV",1,38
"1G1RB6E42F",2015,"CHEVROLET","VOLT","PHEV",1,38
"1G1RB6E45F",2015,"CHEVROLET","VOLT","PHEV",1,38
"1G1RC6E42F",2015,"CHEVROLET","VOLT","PHEV",1,38
"1G1RA6E4XF",2015,"CHEVROLET","VOLT","PHEV",1,38
"1G1RB6E46F",2015,"CHEVROLET","VOLT","PHEV",1,38
"1G1RC6E44F",2015,"CHEVROLET","VOLT","PHEV",1,38
"1G1RB6E40F",2015,"CHEVROLET","VOLT","PHEV",1,38
"1G1RC6E43F",2015,"CHEVROLET","VOLT","PHEV",1,38
"1G1RC6E46F",2015,"CHEVROLET","VOLT","PHEV",1,38
"1G1RC6E40F",2015,"CHEVROLET","VOLT","PHEV",1,38
"1G1RD6E40F",2015,"CHEVROLET","VOLT","PHEV",1,38
"1G1RB6E44F",2015,"CHEVROLET","VOLT","PHEV",1,38
"1G1RD6E43F",2015,"CHEVROLET","VOLT","PHEV",1,38
"1G1RA6E42F",2015,"CHEVROLET","VOLT","PHEV",1,38
"1G1RA6E46F",2015,"CHEVROLET","VOLT","PHEV",1,38
"1G1RA6E41F",2015,"CHEVROLET","VOLT","PHEV",1,38
"1G1RC6E47F",2015,"CHEVROLET","VOLT","PHEV",1,38
"1G1RA6E47F",2015,"CHEVROLET","VOLT","PHEV",1,38
"1G1RA6E49F",2015,"CHEVROLET","VOLT","PHEV",1,38
"1G1RA6E44F",2015,"CHEVROLET","VOLT","PHEV",1,38
"1G1RD6E47F",2015,"CHEVROLET","VOLT","PHEV",1,38
"1G1RC6E41F",2015,"CHEVROLET","VOLT","PHEV",1,38
"1G1RB6E43F",2015,"CHEVROLET","VOLT","PHEV",1,38
"1G1RA6E43F",2015,"CHEVROLET","VOLT","PHEV",1,38
"1G1RB6E4XF",2015,"CHEVROLET","VOLT","PHEV",1,38
"1G1RD6E45F",2015,"CHEVROLET","VOLT","PHEV",1,38
"1G1RC6E4XF",2015,"CHEVROLET","VOLT","PHEV",1,38
"1G1RD6E41F",2015,"CHEVROLET","VOLT","PHEV",1,38
"1G1RC6E45F",2015,"CHEVROLET","VOLT","PHEV",1,38
"1G1RA6E48F",2015,"CHEVROLET","VOLT","PHEV",1,38
"1G1RC6E49F",2015,"CHEVROLET","VOLT","PHEV",1,38
"1G1RA6E41D",2013,"CHEVROLET","VOLT","PHEV",1,38
"1G1RA6E40D",2013,"CHEVROLET","VOLT","PHEV",1,38
"1G1RA6E46D",2013,"CHEVROLET","VOLT","PHEV",1,38
"1G1RB6E4XD",2013,"CHEVROLET","VOLT","PHEV",1,38
"1G1RF6E45D",2013,"CHEVROLET","VOLT","PHEV",1,38
"1G1RB6E49D",2013,"CHEVROLET","VOLT","PHEV",1,38
"1G1RA6E43D",2013,"CHEVROLET","VOLT","PHEV",1,38
"1G1RD6E49D",2013,"CHEVROLET","VOLT","PHEV",1,38
"1G1RD6E42D",2013,"CHEVROLET","VOLT","PHEV",1,38
"1G1RA6E48D",2013,"CHEVROLET","VOLT","PHEV",1,38
"1G1RD6E40D",2013,"CHEVROLET","VOLT","PHEV",1,38
"1G1RA6E44D",2013,"CHEVROLET","VOLT","PHEV",1,38
"1G1RA6E49D",2013,"CHEVROLET","VOLT","PHEV",1,38
"1G1RB6E48D",2013,"CHEVROLET","VOLT","PHEV",1,38
"1G1RB6E41D",2013,"CHEVROLET","VOLT","PHEV",1,38
"1G1RH6E48D",2013,"CHEVROLET","VOLT","PHEV",1,38
"1G1RD6E41D",2013,"CHEVROLET","VOLT","PHEV",1,38
"1G1RF6E46D",2013,"CHEVROLET","VOLT","PHEV",1,38
"1G1RE6E45D",2013,"CHEVROLET","VOLT","PHEV",1,38
"1G1RD6E47D",2013,"CHEVROLET","VOLT","PHEV",1,38
"1G1RA6E47D",2013,"CHEVROLET","VOLT","PHEV",1,38
"1G1RD6E45D",2013,"CHEVROLET","VOLT","PHEV",1,38
"1G1RA6E42D",2013,"CHEVROLET","VOLT","PHEV",1,38
"1G1RD6E44D",2013,"CHEVROLET","VOLT","PHEV",1,38
"1G1RB6E40D",2013,"CHEVROLET","VOLT","PHEV",1,38
"1G1RF6E43D",2013,"CHEVROLET","VOLT","PHEV",1,38
"1G1RB6E46D",2013,"CHEVROLET","VOLT","PHEV",1,38
"1G1RD6E48D",2013,"CHEVROLET","VOLT","PHEV",1,38
"1G1RH6E45D",2013,"CHEVROLET","VOLT","PHEV",1,38
"1G1RF6E4XD",2013,"CHEVROLET","VOLT","PHEV",1,38
"1G1RD6E46D",2013,"CHEVROLET","VOLT","PHEV",1,38
"1G1RB6E44D",2013,"CHEVROLET","VOLT","PHEV",1,38
"1G1RB6E45D",2013,"CHEVROLET","VOLT","PHEV",1,38
"1G1RH6E47D",2013,"CHEVROLET","VOLT","PHEV",1,38
"1G1RH6E44D",2013,"CHEVROLET","VOLT","PHEV",1,38
"1G1RB6E42D",2013,"CHEVROLET","VOLT","PHEV",1,38
"1G1RE6E41D",2013,"CHEVROLET","VOLT","PHEV",1,38
"1G1RA6E4XD",2013,"CHEVROLET","VOLT","PHEV",1,38
"1G1RE6E42D",2013,"CHEVROLET","VOLT","PHEV",1,38
"1G1RH6E40D",2013,"CHEVROLET","VOLT","PHEV",1,38
"1G1RD6E43D",2013,"CHEVROLET","VOLT","PHEV",1,38
"1G1RF6E40D",2013,"CHEVROLET","VOLT","PHEV",1,38
"1G1RF6E49D",2013,"CHEVROLET","VOLT","PHEV",1,38
"1G1RC6E42D",2013,"CHEVROLET","VOLT","PHEV",1,38
"1G1RA6E45D",2013,"CHEVROLET","VOLT","PHEV",1,38
"1G1RH6E43D",2013,"CHEVROLET","VOLT","PHEV",1,38
"1G1RE6E43D",2013,"CHEVROLET","VOLT","PHEV",1,38
"1G1RH6E49D",2013,"CHEVROLET","VOLT","PHEV",1,38
"1G1RC6E46D",2013,"CHEVROLET","VOLT","PHEV",1,38
"1G1RF6E41D",2013,"CHEVROLET","VOLT","PHEV",1,38
"1G1RH6E42D",2013,"CHEVROLET","VOLT","PHEV",1,38
"1G1RD6E4XD",2013,"CHEVROLET","VOLT","PHEV",1,38
"1G1RF6E44D",2013,"CHEVROLET","VOLT","PHEV",1,38
"1G1RH6E41D",2013,"CHEVROLET","VOLT","PHEV",1,38
"1G1RB6E47D",2013,"CHEVROLET","VOLT","PHEV",1,38
"1G1RE6E47D",2013,"CHEVROLET","VOLT","PHEV",1,38
"1G1RE6E46D",2013,"CHEVROLET","VOLT","PHEV",1,38
"1G1RE6E44D",2013,"CHEVROLET","VOLT","PHEV",1,38
"1G1RH6E46D",2013,"CHEVROLET","VOLT","PHEV",1,38
"1G1RG6E45D",2013,"CHEVROLET","VOLT","PHEV",1,38
"1G1RE6E40D",2013,"CHEVROLET","VOLT","PHEV",1,38
"1G1RG6E41D",2013,"CHEVROLET","VOLT","PHEV",1,38
"1G1RB6E43D",2013,"CHEVROLET","VOLT","PHEV",1,38
"1G1RF6E42D",2013,"CHEVROLET","VOLT","PHEV",1,38
"1G1RH6E4XD",2013,"CHEVROLET","VOLT","PHEV",1,38
"1G1RC6E40D",2013,"CHEVROLET","VOLT","PHEV",1,38
"1G1RC6E47D",2013,"CHEVROLET","VOLT","PHEV",1,38
"1G1RC6E43D",2013,"CHEVROLET","VOLT","PHEV",1,38
"1G1RE6E49D",2013,"CHEVROLET","VOLT","PHEV",1,38
"1G1RE6E4XD",2013,"CHEVROLET","VOLT","PHEV",1,38
"1G1RF6E47D",2013,"CHEVROLET","VOLT","PHEV",1,38
"1G1RC6E49D",2013,"CHEVROLET","VOLT","PHEV",1,38
"1G1RG6E43D",2013,"CHEVROLET","VOLT","PHEV",1,38
"1G1RG6E42D",2013,"CHEVROLET","VOLT","PHEV",1,38
"1G1RF6E48D",2013,"CHEVROLET","VOLT","PHEV",1,38
"1G1RC6E44D",2013,"CHEVROLET","VOLT","PHEV",1,38
"1G1RE6E48D",2013,"CHEVROLET","VOLT","PHEV",1,38
"1G1RG6E44D",2013,"CHEVROLET","VOLT","PHEV",1,38
"1G1RG6E4XD",2013,"CHEVROLET","VOLT","PHEV",1,38
"1G1RA6E40E",2014,"CHEVROLET","VOLT","PHEV",1,38
"1G1RD6E46E",2014,"CHEVROLET","VOLT","PHEV",1,38
"1G1RH6E46E",2014,"CHEVROLET","VOLT","PHEV",1,38
"1G1RE6E42E",2014,"CHEVROLET","VOLT","PHEV",1,38
"1G1RD6E43E",2014,"CHEVROLET","VOLT","PHEV",1,38
"1G1RE6E48E",2014,"CHEVROLET","VOLT","PHEV",1,38
"1G1RA6E48E",2014,"CHEVROLET","VOLT","PHEV",1,38
"1G1RH6E47E",2014,"CHEVROLET","VOLT","PHEV",1,38
"1G1RD6E47E",2014,"CHEVROLET","VOLT","PHEV",1,38
"1G1RB6E42E",2014,"CHEVROLET","VOLT","PHEV",1,38
"1G1RH6E42E",2014,"CHEVROLET","VOLT","PHEV",1,38
"1G1RH6E43E",2014,"CHEVROLET","VOLT","PHEV",1,38
"1G1RD6E40E",2014,"CHEVROLET","VOLT","PHEV",1,38
"1G1RA6E44E",2014,"CHEVROLET","VOLT","PHEV",1,38
"1G1RD6E45E",2014,"CHEVROLET","VOLT","PHEV",1,38
"1G1RH6E45E",2014,"CHEVROLET","VOLT","PHEV",1,38
"1G1RH6E41E",2014,"CHEVROLET","VOLT","PHEV",1,38
"1G1RB6E48E",2014,"CHEVROLET","VOLT","PHEV",1,38
"1G1RB6E46E",2014,"CHEVROLET","VOLT","PHEV",1,38
"1G1RF6E41E",2014,"CHEVROLET","VOLT","PHEV",1,38
"1G1RD6E49E",2014,"CHEVROLET","VOLT","PHEV",1,38
"1G1RA6E42E",2014,"CHEVROLET","VOLT","PHEV",1,38
"1G1RB6E4XE",2014,"CHEVROLET","VOLT","PHEV",1,38
"1G1RD6E42E",2014,"CHEVROLET","VOLT","PHEV",1,38
"1G1RH6E48E",2014,"CHEVROLET","VOLT","PHEV",1,38
"1G1RE6E41E",2014,"CHEVROLET","VOLT","PHEV",1,38
"1G1RA6E45E",2014,"CHEVROLET","VOLT","PHEV",1,38
"1G1RF6E47E",2014,"CHEVROLET","VOLT","PHEV",1,38
"1G1RA6E43E",2014,"CHEVROLET","VOLT","PHEV",1,38
"1G1RH6E49E",2014,"CHEVROLET","VOLT","PHEV",1,38
"1G1RE6E4XE",2014,"CHEVROLET","VOLT","PHEV",1,38
"1G1RF6E46E",2014,"CHEVROLET","VOLT","PHEV",1,38
"1G1RC6E40E",2014,"CHEVROLET","VOLT","PHEV",1,38
"1G1RB6E44E",2014,"CHEVROLET","VOLT","PHEV",1,38
"1G1RE6E46E",2014,"CHEVROLET","VOLT","PHEV",1,38
"1G1RE6E45E",2014,"CHEVROLET","VOLT","PHEV",1,38
"1G1RE6E43E",2014,"CHEVROLET","VOLT","PHEV",1,38
"1G1RD6E44E",2014,"CHEVROLET","VOLT","PHEV",1,38
"1G1RB6E40E",2014,"CHEVROLET","VOLT","PHEV",1,38
"1G1RD6E41E",2014,"CHEVROLET","VOLT","PHEV",1,38
"1G1RH6E44E",2014,"CHEVROLET","VOLT","PHEV",1,38
"1G1RA6E41E",2014,"CHEVROLET","VOLT","PHEV",1,38
"1G1RE6E47E",2014,"CHEVROLET","VOLT","PHEV",1,38
"1G1RA6E49E",2014,"CHEVROLET","VOLT","PHEV",1,38
"1G1RH6E4XE",2014,"CHEVROLET","VOLT","PHEV",1,38
"1G1RG6E41E",2014,"CHEVROLET","VOLT","PHEV",1,38
"1G1RC6E44E",2014,"CHEVROLET","VOLT","PHEV",1,38
"1G1RC6E4XE",2014,"CHEVROLET","VOLT","PHEV",1,38
"1G1RF6E45E",2014,"CHEVROLET","VOLT","PHEV",1,38
"1G1RD6E48E",2014,"CHEVROLET","VOLT","PHEV",1,38
"1G1RA6E47E",2014,"CHEVROLET","VOLT","PHEV",1,38
"1G1RF6E48E",2014,"CHEVROLET","VOLT","PHEV",1,38
"1G1RD6E4XE",2014,"CHEVROLET","VOLT","PHEV",1,38
"1G1RA6E4XE",2014,"CHEVROLET","VOLT","PHEV",1,38
"1G1RA6E46E",2014,"CHEVROLET","VOLT","PHEV",1,38
"1G1RG6E43E",2014,"CHEVROLET","VOLT","PHEV",1,38
"1G1RB6E47E",2014,"CHEVROLET","VOLT","PHEV",1,38
"1G1RE6E40E",2014,"CHEVROLET","VOLT","PHEV",1,38
"1G1RH6E40E",2014,"CHEVROLET","VOLT","PHEV",1,38
"1G1RE6E44E",2014,"CHEVROLET","VOLT","PHEV",1,38
"1G1RB6E45E",2014,"CHEVROLET","VOLT","PHEV",1,38
"1G1RC6E48E",2014,"CHEVROLET","VOLT","PHEV",1,38
"1G1RG6E4XE",2014,"CHEVROLET","VOLT","PHEV",1,38
"1G1RF6E40E",2014,"CHEVROLET","VOLT","PHEV",1,38
"1G1RF6E4XE",2014,"CHEVROLET","VOLT","PHEV",1,38
"1G1RF6E49E",2014,"CHEVROLET","VOLT","PHEV",1,38
"1G1RE6E49E",2014,"CHEVROLET","VOLT","PHEV",1,38
"1G1RB6E41E",2014,"CHEVROLET","VOLT","PHEV",1,38
"1G1RB6E43E",2014,"CHEVROLET","VOLT","PHEV",1,38
"1G1RB6E49E",2014,"CHEVROLET","VOLT","PHEV",1,38
"1G1RG6E48E",2014,"CHEVROLET","VOLT","PHEV",1,38
"1G1RF6E42E",2014,"CHEVROLET","VOLT","PHEV",1,38
"1G1RC6E43E",2014,"CHEVROLET","VOLT","PHEV",1,38
"1G1RG6E47E",2014,"CHEVROLET","VOLT","PHEV",1,38
"1G1RF6E44E",2014,"CHEVROLET","VOLT","PHEV",1,38
"1G1RG6E40E",2014,"CHEVROLET","VOLT","PHEV",1,38
"1G1RF6E43E",2014,"CHEVROLET","VOLT","PHEV",1,38
"1G1RG6E46E",2014,"CHEVROLET","VOLT","PHEV",1,38
"1G1RC6E47E",2014,"CHEVROLET","VOLT","PHEV",1,38
"1G1RC6E46E",2014,"CHEVROLET","VOLT","PHEV",1,38
"1G1RG6E42E",2014,"CHEVROLET","VOLT","PHEV",1,38
"YV4H60DM2R",2024,"VOLVO","XC60","PHEV",1,35
"YV4H60RM7S",2025,"VOLVO","XC60","PHEV",1,35
"YV4H60RMXT",2026,"VOLVO","XC60","PHEV",1,35
"YV4H60RJ4S",2025,"VOLVO","XC60","PHEV",1,35
"YV4H60RC6T",2026,"VOLVO","XC60","PHEV",1,35
"YV4H60DL8R",2024,"VOLVO","XC60","PHEV",1,35
"YV4H60RC1S",2025,"VOLVO","XC60","PHEV",1,35
"YV4H60RC2S",2025,"VOLVO","XC60","PHEV",1,35
"YV4H60DL4R",2024,"VOLVO","XC60","PHEV",1,35
"YV4H60RM8S",2025,"VOLVO","XC60","PHEV",1,35
"YV4H60RC1T",2026,"VOLVO","XC60","PHEV",1,35
"YV4H60RM5S",2025,"VOLVO","XC60","PHEV",1,35
"YV4H60DL7N",2022,"VOLVO","XC60","PHEV",1,35
"YV4H60RM3S",2025,"VOLVO","XC60","PHEV",1,35
"YV4H60DL2R",2024,"VOLVO","XC60","PHEV",1,35
"YV4H60DL2N",2022,"VOLVO","XC60","PHEV",1,35
"YV4H60RM8T",2026,"VOLVO","XC60","PHEV",1,35
"YV4H60DM6R",2024,"VOLVO","XC60","PHEV",1,35
"YV4H60DZ0N",2022,"VOLVO","XC60","PHEV",1,35
"YV4H60DM7N",2022,"VOLVO","XC60","PHEV",1,35
"YV4H60DM8R",2024,"VOLVO","XC60","PHEV",1,35
"YV4H60DP8N",2022,"VOLVO","XC60","PHEV",1,35
"YV4H60DJ4R",2024,"VOLVO","XC60","PHEV",1,35
"YV4H60DJ7R",2024,"VOLVO","XC60","PHEV",1,35
"YV4H60RCXS",2025,"VOLVO","XC60","PHEV",1,35
"YV4H60DJ8R",2024,"VOLVO","XC60","PHEV",1,35
"YV4H60DMXR",2024,"VOLVO","XC60","PHEV",1,35
"YV4H60RC0S",2025,"VOLVO","XC60","PHEV",1,35
"YV4H60RC4S",2025,"VOLVO","XC60","PHEV",1,35
"YV4H60DL6R",2024,"VOLVO","XC60","PHEV",1,35
"YV4H60RM2T",2026,"VOLVO","XC60","PHEV",1,35
"YV4H60DL1R",2024,"VOLVO","XC60","PHEV",1,35
"YV4H60RM0S",2025,"VOLVO","XC60","PHEV",1,35
"YV4H60DL7R",2024,"VOLVO","XC60","PHEV",1,35
"YV4H60DL5R",2024,"VOLVO","XC60","PHEV",1,35
"YV4H60RC8S",2025,"VOLVO","XC60","PHEV",1,35
"YV4H60DZ2N",2022,"VOLVO","XC60","PHEV",1,35
"YV4H60DL9R",2024,"VOLVO","XC60","PHEV",1,35
"YV4H60DJ0R",2024,"VOLVO","XC60","PHEV",1,35
"YV4H60RM2S",2025,"VOLVO","XC60","PHEV",1,35
"YV4H60RM9S",2025,"VOLVO","XC60","PHEV",1,35
"YV4H60DJ5R",2024,"VOLVO","XC60","PHEV",1,35
"YV4H60DM5N",2022,"VOLVO","XC60","PHEV",1,35
"YV4H60DK9R",2024,"VOLVO","XC60","PHEV",1,35
"YV4H60DL1N",2022,"VOLVO","XC60","PHEV",1,35
"YV4H60DZXN",2022,"VOLVO","XC60","PHEV",1,35
"YV4H60RM1S",2025,"VOLVO","XC60","PHEV",1,35
"YV4H60DL6N",2022,"VOLVO","XC60","PHEV",1,35
"YV4H60DM0N",2022,"VOLVO","XC60","PHEV",1,35
"YV4H60DM9R",2024,"VOLVO","XC60","PHEV",1,35
"YV4H60RC6S",2025,"VOLVO","XC60","PHEV",1,35
"YV4H60DLXR",2024,"VOLVO","XC60","PHEV",1,35
"YV4H60DJ6R",2024,"VOLVO","XC60","PHEV",1,35
"YV4H60RC7S",2025,"VOLVO","XC60","PHEV",1,35
"YV4H60DZ7N",2022,"VOLVO","XC60","PHEV",1,35
"YV4H60RP5S",2025,"VOLVO","XC60","PHEV",1,35
"YV4H60DM3N",2022,"VOLVO","XC60","PHEV",1,35
"YV4H60DP4R",2024,"VOLVO","XC60","PHEV",1,35
"YV4H60DL0N",2022,"VOLVO","XC60","PHEV",1,35
"YV4H60DM4R",2024,"VOLVO","XC60","PHEV",1,35
"YV4H60DM1R",2024,"VOLVO","XC60","PHEV",1,35
"YV4H60RM4S",2025,"VOLVO","XC60","PHEV",1,35
"YV4H60RC5S",2025,"VOLVO","XC60","PHEV",1,35
"YV4H60RJ7S",2025,"VOLVO","XC60","PHEV",1,35
"YV4H60RM4T",2026,"VOLVO","XC60","PHEV",1,35
"YV4H60RC3S",2025,"VOLVO","XC60","PHEV",1,35
"YV4H60DL4N",2022,"VOLVO","XC60","PHEV",1,35
"YV4H60DLXN",2022,"VOLVO","XC60","PHEV",1,35
"YV4H60DL9N",2022,"VOLVO","XC60","PHEV",1,35
"YV4H60DK5R",2024,"VOLVO","XC60","PHEV",1,35
"YV4H60DZ1N",2022,"VOLVO","XC60","PHEV",1,35
"YV4H60RD6S",2025,"VOLVO","XC60","PHEV",1,35
"YV4H60DP6R",2024,"VOLVO","XC60","PHEV",1,35
"YV4H60DK6R",2024,"VOLVO","XC60","PHEV",1,35
"YV4H60DJ3R",2024,"VOLVO","XC60","PHEV",1,35
"YV4H60DM4N",2022,"VOLVO","XC60","PHEV",1,35
"YV4H60RC8T",2026,"VOLVO","XC60","PHEV",1,35
"YV4H60RMXS",2025,"VOLVO","XC60","PHEV",1,35
"YV4H60DZ9N",2022,"VOLVO","XC60","PHEV",1,35
"YV4H60DM1N",2022,"VOLVO","XC60","PHEV",1,35
"YV4H60DZ5N",2022,"VOLVO","XC60","PHEV",1,35
"YV4H60DL0R",2024,"VOLVO","XC60","PHEV",1,35
"YV4H60DKXR",2024,"VOLVO","XC60","PHEV",1,35
"YV4H60RC9S",2025,"VOLVO","XC60","PHEV",1,35
"YV4H60RM6S",2025,"VOLVO","XC60","PHEV",1,35
"YV4H60DM3R",2024,"VOLVO","XC60","PHEV",1,35
"YV4H60RP4T",2026,"VOLVO","XC60","PHEV",1,35
"YV4H60DZ4N",2022,"VOLVO","XC60","PHEV",1,35
"YV4H60DJ9R",2024,"VOLVO","XC60","PHEV",1,35
"YV4H60DP1R",2024,"VOLVO","XC60","PHEV",1,35
"YV4H60RCXT",2026,"VOLVO","XC60","PHEV",1,35
"YV4H60RM6T",2026,"VOLVO","XC60","PHEV",1,35
"YV4H60RC3T",2026,"VOLVO","XC60","PHEV",1,35
"YV4H60RM5T",2026,"VOLVO","XC60","PHEV",1,35
"YV4H60DL3N",2022,"VOLVO","XC60","PHEV",1,35
"YV4H60RC0T",2026,"VOLVO","XC60","PHEV",1,35
"YV4H60RM7T",2026,"VOLVO","XC60","PHEV",1,35
"YV4H60DL3R",2024,"VOLVO","XC60","PHEV",1,35
"YV4H60RJ9S",2025,"VOLVO","XC60","PHEV",1,35
"YV4H60DK0R",2024,"VOLVO","XC60","PHEV",1,35
"YV4H60DZ3N",2022,"VOLVO","XC60","PHEV",1,35
"YV4H60RD1S",2025,"VOLVO","XC60","PHEV",1,35
"YV4H60RM1T",2026,"VOLVO","XC60","PHEV",1,35
"YV4H60DK1R",2024,"VOLVO","XC60","PHEV",1,35
"YV4H60DP9R",2024,"VOLVO","XC60","PHEV",1,35
"YV4H60DP5R",2024,"VOLVO","XC60","PHEV",1,35
"YV4H60DM6N",2022,"VOLVO","XC60","PHEV",1,35
"YV4H60RJXS",2025,"VOLVO","XC60","PHEV",1,35
"YV4H60DP0N",2022,"VOLVO","XC60","PHEV",1,35
"YV4H60RJ3S",2025,"VOLVO","XC60","PHEV",1,35
"YV4H60RD3T",2026,"VOLVO","XC60","PHEV",1,35
"YV4H60RD7S",2025,"VOLVO","XC60","PHEV",1,35
"YV4H60DP4N",2022,"VOLVO","XC60","PHEV",1,35
"YV4H60DM5R",2024,"VOLVO","XC60","PHEV",1,35
"YV4H60RC4T",2026,"VOLVO","XC60","PHEV",1,35
"YV4H60RD5S",2025,"VOLVO","XC60","PHEV",1,35
"YV4H60DM0R",2024,"VOLVO","XC60","PHEV",1,35
"YV4H60RM9T",2026,"VOLVO","XC60","PHEV",1,35
"YV4H60DJ1R",2024,"VOLVO","XC60","PHEV",1,35
"YV4H60DM8N",2022,"VOLVO","XC60","PHEV",1,35
"YV4H60RC2T",2026,"VOLVO","XC60","PHEV",1,35
"YV4H60RJ1S",2025,"VOLVO","XC60","PHEV",1,35
"YV4H60RM0T",2026,"VOLVO","XC60","PHEV",1,35
"YV4H60DZ8N",2022,"VOLVO","XC60","PHEV",1,35
"YV4H60DPXR",2024,"VOLVO","XC60","PHEV",1,35
"YV4H60RJ8S",2025,"VOLVO","XC60","PHEV",1,35
"YV4H60RD4S",2025,"VOLVO","XC60","PHEV",1,35
"YV4H60RM3T",2026,"VOLVO","XC60","PHEV",1,35
"YV4H60RJ2S",2025,"VOLVO","XC60","PHEV",1,35
"YV4H60DM7R",2024,"VOLVO","XC60","PHEV",1,35
"YV4H60RD2S",2025,"VOLVO","XC60","PHEV",1,35
"YV4H60RD0S",2025,"VOLVO","XC60","PHEV",1,35
"YV4H60DP7R",2024,"VOLVO","XC60","PHEV",1,35
"YV4H60DP3R",2024,"VOLVO","XC60","PHEV",1,35
"YV4H60DJ2R",2024,"VOLVO","XC60","PHEV",1,35
"YV4H60DM2N",2022,"VOLVO","XC60","PHEV",1,35
"YV4H60RDXS",2025,"VOLVO","XC60","PHEV",1,35
"YV4H60RP6T",2026,"VOLVO","XC60","PHEV",1,35
"YV4H60DP5N",2022,"VOLVO","XC60","PHEV",1,35
"YV4H60DM9N",2022,"VOLVO","XC60","PHEV",1,35
"YV4H60RD9S",2025,"VOLVO","XC60","PHEV",1,35
"YV4H60RJ5S",2025,"VOLVO","XC60","PHEV",1,35
"YV4H60DJXR",2024,"VOLVO","XC60","PHEV",1,35
"YV4H60DL5N",2022,"VOLVO","XC60","PHEV",1,35
"YV4H60RJ6S",2025,"VOLVO","XC60","PHEV",1,35
"YV4H60DZ6N",2022,"VOLVO","XC60","PHEV",1,35
"YV4H60RD7T",2026,"VOLVO","XC60","PHEV",1,35
"YV4H60RA3T",2026,"VOLVO","XC60","PHEV",1,35
"YV4H60RP0T",2026,"VOLVO","XC60","PHEV",1,35
"YV4H60RD8S",2025,"VOLVO","XC60","PHEV",1,35
"YV4H60DMXN",2022,"VOLVO","XC60","PHEV",1,35
"YV4H60RC9T",2026,"VOLVO","XC60","PHEV",1,35
"YV4H60DP6N",2022,"VOLVO","XC60","PHEV",1,35
"YV4H60RP9T",2026,"VOLVO","XC60","PHEV",1,35
"YV4H60DP2N",2022,"VOLVO","XC60","PHEV",1,35
"YV4H60RC7T",2026,"VOLVO","XC60","PHEV",1,35
"YV4H60RJ0S",2025,"VOLVO","XC60","PHEV",1,35
"YV4H60DK3R",2024,"VOLVO","XC60","PHEV",1,35
"YV4H60DP2R",2024,"VOLVO","XC60","PHEV",1,35
"YV4H60DPXN",2022,"VOLVO","XC60","PHEV",1,35
"YV4H60DK7R",2024,"VOLVO","XC60","PHEV",1,35
"YV4H60RD4T",2026,"VOLVO","XC60","PHEV",1,35
"YV4H60DP3N",2022,"VOLVO","XC60","PHEV",1,35
"YV4H60DV3P",2023,"VOLVO","XC60","PHEV",1,35
"YV4H60DX1P",2023,"VOLVO","XC60","PHEV",1,35
"YV4H60DA0P",2023,"VOLVO","XC60","PHEV",1,35
"YV4H60DA9P",2023,"VOLVO","XC60","PHEV",1,35
"YV4H60DP5P",2023,"VOLVO","XC60","PHEV",1,35
"YV4H60DN2P",2023,"VOLVO","XC60","PHEV",1,35
"YV4H60DW6P",2023,"VOLVO","XC60","PHEV",1,35
"YV4H60DP9P",2023,"VOLVO","XC60","PHEV",1,35
"YV4H60DF1P",2023,"VOLVO","XC60","PHEV",1,35
"YV4H60DN9P",2023,"VOLVO","XC60","PHEV",1,35
"YV4H60DA2P",2023,"VOLVO","XC60","PHEV",1,35
"YV4H60DX3P",2023,"VOLVO","XC60","PHEV",1,35
"YV4H60DA3P",2023,"VOLVO","XC60","PHEV",1,35
"YV4H60DN4P",2023,"VOLVO","XC60","PHEV",1,35
"YV4H60DE6P",2023,"VOLVO","XC60","PHEV",1,35
"YV4H60DV4P",2023,"VOLVO","XC60","PHEV",1,35
"YV4H60DL9P",2023,"VOLVO","XC60","PHEV",1,35
"YV4H60DE2P",2023,"VOLVO","XC60","PHEV",1,35
"YV4H60DN6P",2023,"VOLVO","XC60","PHEV",1,35
"YV4H60DW1P",2023,"VOLVO","XC60","PHEV",1,35
"YV4H60DW4P",2023,"VOLVO","XC60","PHEV",1,35
"YV4H60DE5P",2023,"VOLVO","XC60","PHEV",1,35
"YV4H60DXXP",2023,"VOLVO","XC60","PHEV",1,35
"YV4H60DN3P",2023,"VOLVO","XC60","PHEV",1,35
"YV4H60DX2P",2023,"VOLVO","XC60","PHEV",1,35
"YV4H60DX9P",2023,"VOLVO","XC60","PHEV",1,35
"YV4H60DN7P",2023,"VOLVO","XC60","PHEV",1,35
"YV4H60DW3P",2023,"VOLVO","XC60","PHEV",1,35
"YV4H60DE3P",2023,"VOLVO","XC60","PHEV",1,35
"YV4H60DX6P",2023,"VOLVO","XC60","PHEV",1,35
"YV4H60DL1P",2023,"VOLVO","XC60","PHEV",1,35
"YV4H60DN8P",2023,"VOLVO","XC60","PHEV",1,35
"YV4H60DA4P",2023,"VOLVO","XC60","PHEV",1,35
"YV4H60DL2P",2023,"VOLVO","XC60","PHEV",1,35
"YV4H60DE0P",2023,"VOLVO","XC60","PHEV",1,35
"YV4H60DA8P",2023,"VOLVO","XC60","PHEV",1,35
"YV4H60DW7P",2023,"VOLVO","XC60","PHEV",1,35
"YV4H60DNXP",2023,"VOLVO","XC60","PHEV",1,35
"YV4H60DE9P",2023,"VOLVO","XC60","PHEV",1,35
"YV4H60DA1P",2023,"VOLVO","XC60","PHEV",1,35
"YV4H60DA7P",2023,"VOLVO","XC60","PHEV",1,35
"YV4H60DV7P",2023,"VOLVO","XC60","PHEV",1,35
"YV4H60DA6P",2023,"VOLVO","XC60","PHEV",1,35
"YV4H60DA5P",2023,"VOLVO","XC60","PHEV",1,35
"YV4H60DX8P",2023,"VOLVO","XC60","PHEV",1,35
"YV4H60DN0P",2023,"VOLVO","XC60","PHEV",1,35
"YV4H60DW9P",2023,"VOLVO","XC60","PHEV",1,35
"YV4H60DP7P",2023,"VOLVO","XC60","PHEV",1,35
"YV4H60DX0P",2023,"VOLVO","XC60","PHEV",1,35
"YV4H60DM5P",2023,"VOLVO","XC60","PHEV",1,35
"YV4H60DX5P",2023,"VOLVO","XC60","PHEV",1,35
"YV4H60DK8P",2023,"VOLVO","XC60","PHEV",1,35
"YV4H60DM8P",2023,"VOLVO","XC60","PHEV",1,35
"YV4H60DWXP",2023,"VOLVO","XC60","PHEV",1,35
"YV4H60DP0P",2023,"VOLVO","XC60","PHEV",1,35
"YV4H60DAXP",2023,"VOLVO","XC60","PHEV",1,35
"YV4H60DW2P",2023,"VOLVO","XC60","PHEV",1,35
"YV4H60DL5P",2023,"VOLVO","XC60","PHEV",1,35
"YV4H60DX7P",2023,"VOLVO","XC60","PHEV",1,35
"YV4H60DM9P",2023,"VOLVO","XC60","PHEV",1,35
"YV4H60DW8P",2023,"VOLVO","XC60","PHEV",1,35
"YV4H60DN1P",2023,"VOLVO","XC60","PHEV",1,35
"YV4H60DL0P",2023,"VOLVO","XC60","PHEV",1,35
"YV4H60DE7P",2023,"VOLVO","XC60","PHEV",1,35
"YV4H60DV6P",2023,"VOLVO","XC60","PHEV",1,35
"YV4H60DK7P",2023,"VOLVO","XC60","PHEV",1,35
"YV4H60DK5P",2023,"VOLVO","XC60","PHEV",1,35
"YV4H60DV0P",2023,"VOLVO","XC60","PHEV",1,35
"YV4H60DL6P",2023,"VOLVO","XC60","PHEV",1,35
"YV4H60DW0P",2023,"VOLVO","XC60","PHEV",1,35
"YV4H60DN5P",2023,"VOLVO","XC60","PHEV",1,35
"YV4H60DF3P",2023,"VOLVO","XC60","PHEV",1,35
"YV4H60DV5P",2023,"VOLVO","XC60","PHEV",1,35
"YV4H60DP6P",2023,"VOLVO","XC60","PHEV",1,35
"YV4H60DE1P",2023,"VOLVO","XC60","PHEV",1,35
"YV4H60DF5P",2023,"VOLVO","XC60","PHEV",1,35
"YV4H60DE4P",2023,"VOLVO","XC60","PHEV",1,35
"YV4H60DV8P",2023,"VOLVO","XC60","PHEV",1,35
"YV4H60DP4P",2023,"VOLVO","XC60","PHEV",1,35
"YV4H60DX4P",2023,"VOLVO","XC60","PHEV",1,35
"YV4H60DM2P",2023,"VOLVO","XC60","PHEV",1,35
"YV4H60DF2P",2023,"VOLVO","XC60","PHEV",1,35
"YV4H60DW5P",2023,"VOLVO","XC60","PHEV",1,35
"YV4H60DM6P",2023,"VOLVO","XC60","PHEV",1,35
"LYVH60DL0N",2022,"VOLVO","XC60","PHEV",1,32
"LVYH60AF0R",2024,"VOLVO","S90","PHEV",1,38
"LVYH60AF3R",2024,"VOLVO","S90","PHEV",1,38
"LVYH60AF6R",2024,"VOLVO","S90","PHEV",1,38
"LVYH60AF4R",2024,"VOLVO","S90","PHEV",1,38
"LVYH60AA5P",2023,"VOLVO","S90","PHEV",1,38
"LVYH60AF1R",2024,"VOLVO","S90","PHEV",1,38
"LVYH60AA4P",2023,"VOLVO","S90","PHEV",1,38
"LVYH60AF7R",2024,"VOLVO","S90","PHEV",1,38
"LVYH60AA3P",2023,"VOLVO","S90","PHEV",1,38
"YV1H60EP8R",2024,"VOLVO","V60","PHEV",1,41
"YV1H60EP0S",2025,"VOLVO","V60","PHEV",1,41
"YV1H60EP1R",2024,"VOLVO","V60","PHEV",1,41
"YV1H60EP9R",2024,"VOLVO","V60","PHEV",1,41
"YV1H60EP2P",2023,"VOLVO","V60","PHEV",1,41
"YV1H60EP3N",2022,"VOLVO","V60","PHEV",1,41
"YV1H60EP0R",2024,"VOLVO","V60","PHEV",1,41
"YV1H60EP4R",2024,"VOLVO","V60","PHEV",1,41
"YV1H60EP5R",2024,"VOLVO","V60","PHEV",1,41
"YV1H60EP1P",2023,"VOLVO","V60","PHEV",1,41
"YV1H60EPXR",2024,"VOLVO","V60","PHEV",1,41
"YV1H60EP9S",2025,"VOLVO","V60","PHEV",1,41
"YV1H60EP8S",2025,"VOLVO","V60","PHEV",1,41
"YV1H60EP4N",2022,"VOLVO","V60","PHEV",1,41
"YV1H60EP5P",2023,"VOLVO","V60","PHEV",1,41
"YV1H60EP2R",2024,"VOLVO","V60","PHEV",1,41
"YV1H60EP7P",2023,"VOLVO","V60","PHEV",1,41
"YV1H60EP3R",2024,"VOLVO","V60","PHEV",1,41
"YV1H60EP6R",2024,"VOLVO","V60","PHEV",1,41
"YV1H60EP6S",2025,"VOLVO","V60","PHEV",1,41
"YV1H60EP6P",2023,"VOLVO","V60","PHEV",1,41
"YV1H60EP7S",2025,"VOLVO","V60","PHEV",1,41
"YV1H60EP2N",2022,"VOLVO","V60","PHEV",1,41
"YV1H60EP9P",2023,"VOLVO","V60","PHEV",1,41
"YV1H60EP3S",2025,"VOLVO","V60","PHEV",1,41
"YV1H60EP7R",2024,"VOLVO","V60","PHEV",1,41
"YV1H60EP4S",2025,"VOLVO","V60","PHEV",1,41
"YV1H60EP8P",2023,"VOLVO","V60","PHEV",1,41
"YV1H60EP7N",2022,"VOLVO","V60","PHEV",1,41
"YV1H60EP5S",2025,"VOLVO","V60","PHEV",1,41
"7JRH60FT7P",2023,"VOLVO","S60","PHEV",1,41
"7JRH60FL8R",2024,"VOLVO","S60","PHEV",1,41
"7JRH60FW7P",2023,"VOLVO","S60","PHEV",1,41
"7JRH60FJ5R",2024,"VOLVO","S60","PHEV",1,41
"7JRH60FZ3N",2022,"VOLVO","S60","PHEV",1,41
"7JRH60FD2S",2025,"VOLVO","S60","PHEV",1,41
"7JRH60FC2S",2025,"VOLVO","S60","PHEV",1,41
"7JRH60FL0P",2023,"VOLVO","S60","PHEV",1,41
"7JRH60FH4R",2024,"VOLVO","S60","PHEV",1,41
"7JRH60FP0N",2022,"VOLVO","S60","PHEV",1,41
"7JRH60FTXP",2023,"VOLVO","S60","PHEV",1,41
"7JRH60FJ9R",2024,"VOLVO","S60","PHEV",1,41
"7JRH60FP7P",2023,"VOLVO","S60","PHEV",1,41
"7JRH60FM9R",2024,"VOLVO","S60","PHEV",1,41
"7JRH60FK6R",2024,"VOLVO","S60","PHEV",1,41
"7JRH60FD5N",2022,"VOLVO","S60","PHEV",1,41
"7JRH60FL5R",2024,"VOLVO","S60","PHEV",1,41
"7JRH60FL4N",2022,"VOLVO","S60","PHEV",1,41
"7JRH60FWXP",2023,"VOLVO","S60","PHEV",1,41
"7JRH60FM4S",2025,"VOLVO","S60","PHEV",1,41
"7JRH60FT2P",2023,"VOLVO","S60","PHEV",1,41
"7JRH60FL4R",2024,"VOLVO","S60","PHEV",1,41
"7JRH60FM0P",2023,"VOLVO","S60","PHEV",1,41
"7JRH60FL9P",2023,"VOLVO","S60","PHEV",1,41
"7JRH60FL7P",2023,"VOLVO","S60","PHEV",1,41
"7JRH60FM4R",2024,"VOLVO","S60","PHEV",1,41
"7JRH60FL3P",2023,"VOLVO","S60","PHEV",1,41
"7JRH60FW9P",2023,"VOLVO","S60","PHEV",1,41
"7JRH60FL2N",2022,"VOLVO","S60","PHEV",1,41
"7JRH60FH0R",2024,"VOLVO","S60","PHEV",1,41
"7JRH60FH5R",2024,"VOLVO","S60","PHEV",1,41
"7JRH60FL7N",2022,"VOLVO","S60","PHEV",1,41
"7JRH60FA3P",2023,"VOLVO","S60","PHEV",1,41
"7JRH60FLXR",2024,"VOLVO","S60","PHEV",1,41
"7JRH60FD7N",2022,"VOLVO","S60","PHEV",1,41
"7JRH60FL1P",2023,"VOLVO","S60","PHEV",1,41
"7JRH60FD6S",2025,"VOLVO","S60","PHEV",1,41
"7JRH60FMXR",2024,"VOLVO","S60","PHEV",1,41
"7JRH60FW2P",2023,"VOLVO","S60","PHEV",1,41
"7JRH60FJ8R",2024,"VOLVO","S60","PHEV",1,41
"7JRH60FM1R",2024,"VOLVO","S60","PHEV",1,41
"7JRH60FL1R",2024,"VOLVO","S60","PHEV",1,41
"7JRH60FL6R",2024,"VOLVO","S60","PHEV",1,41
"7JRH60FL0R",2024,"VOLVO","S60","PHEV",1,41
"7JRH60FM5S",2025,"VOLVO","S60","PHEV",1,41
"7JRH60FK9R",2024,"VOLVO","S60","PHEV",1,41
"7JRH60FZ1N",2022,"VOLVO","S60","PHEV",1,41
"7JRH60FC5S",2025,"VOLVO","S60","PHEV",1,41
"7JRH60FM0R",2024,"VOLVO","S60","PHEV",1,41
"7JRH60FLXP",2023,"VOLVO","S60","PHEV",1,41
"7JRH60FD3S",2025,"VOLVO","S60","PHEV",1,41
"7JRH60FM6R",2024,"VOLVO","S60","PHEV",1,41
"7JRH60FT0P",2023,"VOLVO","S60","PHEV",1,41
"7JRH60FC1S",2025,"VOLVO","S60","PHEV",1,41
"7JRH60FH9R",2024,"VOLVO","S60","PHEV",1,41
"7JRH60FT5P",2023,"VOLVO","S60","PHEV",1,41
"7JRH60FX5P",2023,"VOLVO","S60","PHEV",1,41
"7JRH60FD0N",2022,"VOLVO","S60","PHEV",1,41
"7JRH60FH1R",2024,"VOLVO","S60","PHEV",1,41
"7JRH60FP7N",2022,"VOLVO","S60","PHEV",1,41
"7JRH60FL6P",2023,"VOLVO","S60","PHEV",1,41
"7JRH60FP5P",2023,"VOLVO","S60","PHEV",1,41
"7JRH60FZ6N",2022,"VOLVO","S60","PHEV",1,41
"7JRH60FC7S",2025,"VOLVO","S60","PHEV",1,41
"7JRH60FU1P",2023,"VOLVO","S60","PHEV",1,41
"7JRH60FM8S",2025,"VOLVO","S60","PHEV",1,41
"7JRH60FV9P",2023,"VOLVO","S60","PHEV",1,41
"7JRH60FL2P",2023,"VOLVO","S60","PHEV",1,41
"7JRH60FW0P",2023,"VOLVO","S60","PHEV",1,41
"7JRH60FL3R",2024,"VOLVO","S60","PHEV",1,41
"7JRH60FT8P",2023,"VOLVO","S60","PHEV",1,41
"7JRH60FJXR",2024,"VOLVO","S60","PHEV",1,41
"7JRH60FW1P",2023,"VOLVO","S60","PHEV",1,41
"7JRH60FM3R",2024,"VOLVO","S60","PHEV",1,41
"7JRH60FJ3R",2024,"VOLVO","S60","PHEV",1,41
"7JRH60FU9P",2023,"VOLVO","S60","PHEV",1,41
"7JRH60FU5P",2023,"VOLVO","S60","PHEV",1,41
"7JRH60FC0S",2025,"VOLVO","S60","PHEV",1,41
"7JRH60FM7R",2024,"VOLVO","S60","PHEV",1,41
"7JRH60FZ4N",2022,"VOLVO","S60","PHEV",1,41
"7JRH60FDXS",2025,"VOLVO","S60","PHEV",1,41
"7JRH60FD7S",2025,"VOLVO","S60","PHEV",1,41
"7JRH60FF2P",2023,"VOLVO","S60","PHEV",1,41
"7JRH60FL5P",2023,"VOLVO","S60","PHEV",1,41
"YV4H60CZ9N",2022,"VOLVO","XC90","PHEV",1,35
"YV4H60CM6N",2022,"VOLVO","XC90","PHEV",1,35
"YV4H60CM0N",2022,"VOLVO","XC90","PHEV",1,35
"YV4H60CL3N",2022,"VOLVO","XC90","PHEV",1,35
"YV4H60CZ8N",2022,"VOLVO","XC90","PHEV",1,35
"YV4H60CM7N",2022,"VOLVO","XC90","PHEV",1,35
"YV4H600L2N",2022,"VOLVO","XC90","PHEV",1,35
"YV4H600Z3N",2022,"VOLVO","XC90","PHEV",1,35
"YV4H60CL2N",2022,"VOLVO","XC90","PHEV",1,35
"YV4H60CZ4N",2022,"VOLVO","XC90","PHEV",1,35
"YV4H600Z9N",2022,"VOLVO","XC90","PHEV",1,35
"YV4H60CZ6N",2022,"VOLVO","XC90","PHEV",1,35
"YV4H60CLXN",2022,"VOLVO","XC90","PHEV",1,35
"YV4H60CZ0N",2022,"VOLVO","XC90","PHEV",1,35
"YV4H600L8N",2022,"VOLVO","XC90","PHEV",1,35
"YV4H60CL9N",2022,"VOLVO","XC90","PHEV",1,35
"YV4H600ZXN",2022,"VOLVO","XC90","PHEV",1,35
"YV4H60CL0N",2022,"VOLVO","XC90","PHEV",1,35
"YV4H60CM8N",2022,"VOLVO","XC90","PHEV",1,35
"YV4H600L1N",2022,"VOLVO","XC90","PHEV",1,35
"YV4H60CZ3N",2022,"VOLVO","XC90","PHEV",1,35
"YV4H600L7N",2022,"VOLVO","XC90","PHEV",1,35
"YV4H60CZ5N",2022,"VOLVO","XC90","PHEV",1,35
"YV4H600L3N",2022,"VOLVO","XC90","PHEV",1,35
"YV4H600L9N",2022,"VOLVO","XC90","PHEV",1,35
"YV4H600Z1N",2022,"VOLVO","XC90","PHEV",1,35
"YV4H60CL8N",2022,"VOLVO","XC90","PHEV",1,35
"YV4H600L6N",2022,"VOLVO","XC90","PHEV",1,35
"YV4H600L4N",2022,"VOLVO","XC90","PHEV",1,35
"YV4H60CZXN",2022,"VOLVO","XC90","PHEV",1,35
"YV4H600Z6N",2022,"VOLVO","XC90","PHEV",1,35
"YV4H600LXN",2022,"VOLVO","XC90","PHEV",1,35
"YV4H60CL1N",2022,"VOLVO","XC90","PHEV",1,35
"YV4H60CL7N",2022,"VOLVO","XC90","PHEV",1,35
"YV4H60CL4N",2022,"VOLVO","XC90","PHEV",1,35
"YV4H60CL5N",2022,"VOLVO","XC90","PHEV",1,35
"YV4H60CZ1N",2022,"VOLVO","XC90","PHEV",1,35
"YV4H60CL6N",2022,"VOLVO","XC90","PHEV",1,35
"YV4H60CZ7N",2022,"VOLVO","XC90","PHEV",1,35
"YV4H600L5N",2022,"VOLVO","XC90","PHEV",1,35
"YV4H60CM5N",2022,"VOLVO","XC90","PHEV",1,35
"YV4H60CMXN",2022,"VOLVO","XC90","PHEV",1,35
"YV4H600Z4N",2022,"VOLVO","XC90","PHEV",1,35
"YV4H600Z8N",2022,"VOLVO","XC90","PHEV",1,35
"YV4H600L0N",2022,"VOLVO","XC90","PHEV",1,35
"YV4H60CM4N",2022,"VOLVO","XC90","PHEV",1,35
"YV4H600Z7N",2022,"VOLVO","XC90","PHEV",1,35
"YV4H600Z2N",2022,"VOLVO","XC90","PHEV",1,35
"YV4H60CZ2N",2022,"VOLVO","XC90","PHEV",1,35
"YV4H60CM3N",2022,"VOLVO","XC90","PHEV",1,35
"YV4H60CM2N",2022,"VOLVO","XC90","PHEV",1,35
"YV4H60CM1N",2022,"VOLVO","XC90","PHEV",1,35
"YV4H60LE7R",2024,"VOLVO","XC90","PHEV",1,32
"YV4H60CE2R",2024,"VOLVO","XC90","PHEV",1,32
"YV4H60CF1R",2024,"VOLVO","XC90","PHEV",1,32
"YV4H60CE3R",2024,"VOLVO","XC90","PHEV",1,32
"YV4H60CF9R",2024,"VOLVO","XC90","PHEV",1,32
"YV4H60JF3T",2026,"VOLVO","XC90","PHEV",1,32
"YV4H60CFXR",2024,"VOLVO","XC90","PHEV",1,32
"YV4H60CF3R",2024,"VOLVO","XC90","PHEV",1,32
"YV4H60CE8R",2024,"VOLVO","XC90","PHEV",1,32
"YV4H60CE0R",2024,"VOLVO","XC90","PHEV",1,32
"YV4H60CE4R",2024,"VOLVO","XC90","PHEV",1,32
"YV4H60CEXR",2024,"VOLVO","XC90","PHEV",1,32
"YV4H60CE6R",2024,"VOLVO","XC90","PHEV",1,32
"YV4H60CF7R",2024,"VOLVO","XC90","PHEV",1,32
"YV4H60CE5R",2024,"VOLVO","XC90","PHEV",1,32
"YV4H60LF2R",2024,"VOLVO","XC90","PHEV",1,32
"YV4H60CF0R",2024,"VOLVO","XC90","PHEV",1,32
"YV4H60LF4R",2024,"VOLVO","XC90","PHEV",1,32
"YV4H60LE9R",2024,"VOLVO","XC90","PHEV",1,32
"YV4H60CF8R",2024,"VOLVO","XC90","PHEV",1,32
"YV4H60PM4T",2026,"VOLVO","XC90","PHEV",1,32
"YV4H60PM7T",2026,"VOLVO","XC90","PHEV",1,32
"YV4H60CF4R",2024,"VOLVO","XC90","PHEV",1,32
"YV4H60LE2R",2024,"VOLVO","XC90","PHEV",1,32
"YV4H60LF8R",2024,"VOLVO","XC90","PHEV",1,32
"YV4H60CF2R",2024,"VOLVO","XC90","PHEV",1,32
"YV4H60LE3R",2024,"VOLVO","XC90","PHEV",1,32
"YV4H60LF1R",2024,"VOLVO","XC90","PHEV",1,32
"YV4H60PM9T",2026,"VOLVO","XC90","PHEV",1,32
"YV4H60LFXR",2024,"VOLVO","XC90","PHEV",1,32
"YV4H60PE0T",2026,"VOLVO","XC90","PHEV",1,32
"YV4H60LE6R",2024,"VOLVO","XC90","PHEV",1,32
"YV4H60CE1R",2024,"VOLVO","XC90","PHEV",1,32
"YV4H60LF0R",2024,"VOLVO","XC90","PHEV",1,32
"YV4H60CE7R",2024,"VOLVO","XC90","PHEV",1,32
"YV4H60LE4R",2024,"VOLVO","XC90","PHEV",1,32
"YV4H60PM2T",2026,"VOLVO","XC90","PHEV",1,32
"YV4H60PE6T",2026,"VOLVO","XC90","PHEV",1,32
"YV4H60LF6R",2024,"VOLVO","XC90","PHEV",1,32
"YV4H60CE9R",2024,"VOLVO","XC90","PHEV",1,32
"YV4H60LF7R",2024,"VOLVO","XC90","PHEV",1,32
"YV4H60PE3T",2026,"VOLVO","XC90","PHEV",1,32
"YV4H60PF4T",2026,"VOLVO","XC90","PHEV",1,32
"YV4H60CF5R",2024,"VOLVO","XC90","PHEV",1,32
"YV4H60PF0T",2026,"VOLVO","XC90","PHEV",1,32
"YV4H60PM0T",2026,"VOLVO","XC90","PHEV",1,32
"YV4H60JE7T",2026,"VOLVO","XC90","PHEV",1,32
"YV4H60CF6R",2024,"VOLVO","XC90","PHEV",1,32
"YV4H60PF3T",2026,"VOLVO","XC90","PHEV",1,32
"YV4H60LE1R",2024,"VOLVO","XC90","PHEV",1,32
"YV4H60LF9R",2024,"VOLVO","XC90","PHEV",1,32
"YV4H60LE5R",2024,"VOLVO","XC90","PHEV",1,32
"YV4H60PF7T",2026,"VOLVO","XC90","PHEV",1,32
"YV4H60PF1T",2026,"VOLVO","XC90","PHEV",1,32
"YV4H60PF8T",2026,"VOLVO","XC90","PHEV",1,32
"YV4H60JF2T",2026,"VOLVO","XC90","PHEV",1,32
"YV4H60PJ5T",2026,"VOLVO","XC90","PHEV",1,32
"YV4H60JM2T",2026,"VOLVO","XC90","PHEV",1,32
"YV4H60JM6T",2026,"VOLVO","XC90","PHEV",1,32
"YV4H60PE2T",2026,"VOLVO","XC90","PHEV",1,32
"YV4H60LE0R",2024,"VOLVO","XC90","PHEV",1,32
"YV4H60CK4R",2024,"VOLVO","XC90","PHEV",1,32
"YV4H60LF5R",2024,"VOLVO","XC90","PHEV",1,32
"YV4H60LF3R",2024,"VOLVO","XC90","PHEV",1,32
"YV4H60PF6T",2026,"VOLVO","XC90","PHEV",1,32
"YV4H60PM1T",2026,"VOLVO","XC90","PHEV",1,32
"YV4H60LE8R",2024,"VOLVO","XC90","PHEV",1,32
"YV4H60PJ0T",2026,"VOLVO","XC90","PHEV",1,32
"YV4H60PJ3T",2026,"VOLVO","XC90","PHEV",1,32
"YV4H60PM5T",2026,"VOLVO","XC90","PHEV",1,32
"YV4H60PF2T",2026,"VOLVO","XC90","PHEV",1,32
"YV4H60CKXR",2024,"VOLVO","XC90","PHEV",1,32
"YV4H60PMXT",2026,"VOLVO","XC90","PHEV",1,32
"YV4H60LEXR",2024,"VOLVO","XC90","PHEV",1,32
"YV4H60PM8T",2026,"VOLVO","XC90","PHEV",1,32
"YV4H60PJ6T",2026,"VOLVO","XC90","PHEV",1,32
"YV4H60PF5T",2026,"VOLVO","XC90","PHEV",1,32
"YV4H60PE4T",2026,"VOLVO","XC90","PHEV",1,32
"YV4H60PE8T",2026,"VOLVO","XC90","PHEV",1,32
"YV4H60PFXT",2026,"VOLVO","XC90","PHEV",1,32
"YV4H60CK7R",2024,"VOLVO","XC90","PHEV",1,32
"YV4H60CA5P",2023,"VOLVO","XC90","PHEV",1,32
"YV4H60CN1P",2023,"VOLVO","XC90","PHEV",1,32
"YV4H60CW2P",2023,"VOLVO","XC90","PHEV",1,32
"YV4H600A4P",2023,"VOLVO","XC90","PHEV",1,32
"YV4H60CA6P",2023,"VOLVO","XC90","PHEV",1,32
"YV4H600N3P",2023,"VOLVO","XC90","PHEV",1,32
"YV4H60CX9P",2023,"VOLVO","XC90","PHEV",1,32
"YV4H60CXXP",2023,"VOLVO","XC90","PHEV",1,32
"YV4H60CN0P",2023,"VOLVO","XC90","PHEV",1,32
"YV4H60CN8P",2023,"VOLVO","XC90","PHEV",1,32
"YV4H60CW0P",2023,"VOLVO","XC90","PHEV",1,32
"YV4H60CX7P",2023,"VOLVO","XC90","PHEV",1,32
"YV4H600A8P",2023,"VOLVO","XC90","PHEV",1,32
"YV4H60CX1P",2023,"VOLVO","XC90","PHEV",1,32
"YV4H60CA9P",2023,"VOLVO","XC90","PHEV",1,32
"YV4H60CV6P",2023,"VOLVO","XC90","PHEV",1,32
"YV4H60CN2P",2023,"VOLVO","XC90","PHEV",1,32
"YV4H60CN3P",2023,"VOLVO","XC90","PHEV",1,32
"YV4H60CW3P",2023,"VOLVO","XC90","PHEV",1,32
"YV4H60CA1P",2023,"VOLVO","XC90","PHEV",1,32
"YV4H600N0P",2023,"VOLVO","XC90","PHEV",1,32
"YV4H60CX2P",2023,"VOLVO","XC90","PHEV",1,32
"YV4H60CK3P",2023,"VOLVO","XC90","PHEV",1,32
"YV4H60CA2P",2023,"VOLVO","XC90","PHEV",1,32
"YV4H60CN4P",2023,"VOLVO","XC90","PHEV",1,32
"YV4H600A5P",2023,"VOLVO","XC90","PHEV",1,32
"YV4H600N7P",2023,"VOLVO","XC90","PHEV",1,32
"YV4H60CA0P",2023,"VOLVO","XC90","PHEV",1,32
"YV4H60CW8P",2023,"VOLVO","XC90","PHEV",1,32
"YV4H600A7P",2023,"VOLVO","XC90","PHEV",1,32
"YV4H600A0P",2023,"VOLVO","XC90","PHEV",1,32
"YV4H600N8P",2023,"VOLVO","XC90","PHEV",1,32
"YV4H60CA7P",2023,"VOLVO","XC90","PHEV",1,32
"YV4H60CN6P",2023,"VOLVO","XC90","PHEV",1,32
"YV4H60CA4P",2023,"VOLVO","XC90","PHEV",1,32
"YV4H60CA8P",2023,"VOLVO","XC90","PHEV",1,32
"YV4H600AXP",2023,"VOLVO","XC90","PHEV",1,32
"YV4H60CW9P",2023,"VOLVO","XC90","PHEV",1,32
"YV4H600A6P",2023,"VOLVO","XC90","PHEV",1,32
"YV4H600A3P",2023,"VOLVO","XC90","PHEV",1,32
"YV4H600N6P",2023,"VOLVO","XC90","PHEV",1,32
"YV4H60CN5P",2023,"VOLVO","XC90","PHEV",1,32
"YV4H60CNXP",2023,"VOLVO","XC90","PHEV",1,32
"YV4H600N4P",2023,"VOLVO","XC90","PHEV",1,32
"YV4H60CW4P",2023,"VOLVO","XC90","PHEV",1,32
"YV4H600A9P",2023,"VOLVO","XC90","PHEV",1,32
"YV4H60CN9P",2023,"VOLVO","XC90","PHEV",1,32
"YV4H60CX6P",2023,"VOLVO","XC90","PHEV",1,32
"YV4H60CAXP",2023,"VOLVO","XC90","PHEV",1,32
"YV4H600A1P",2023,"VOLVO","XC90","PHEV",1,32
"YV4H60CV5P",2023,"VOLVO","XC90","PHEV",1,32
"YV4H600N5P",2023,"VOLVO","XC90","PHEV",1,32
"YV4H600N2P",2023,"VOLVO","XC90","PHEV",1,32
"YV4H600NXP",2023,"VOLVO","XC90","PHEV",1,32
"YV4H60CV2P",2023,"VOLVO","XC90","PHEV",1,32
"YV4H60CV0P",2023,"VOLVO","XC90","PHEV",1,32
"YV4H60CW1P",2023,"VOLVO","XC90","PHEV",1,32
"YV4H60CWXP",2023,"VOLVO","XC90","PHEV",1,32
"YV4H60CW5P",2023,"VOLVO","XC90","PHEV",1,32
"YV4H600N9P",2023,"VOLVO","XC90","PHEV",1,32
"YV4H60CX8P",2023,"VOLVO","XC90","PHEV",1,32
"YV4H60CW6P",2023,"VOLVO","XC90","PHEV",1,32
"YV4H600A2P",2023,"VOLVO","XC90","PHEV",1,32
"YV4H60CX4P",2023,"VOLVO","XC90","PHEV",1,32
"YV4H60CVXP",2023,"VOLVO","XC90","PHEV",1,32
"YV4H60CV1P",2023,"VOLVO","XC90","PHEV",1,32
"YV4H60CA3P",2023,"VOLVO","XC90","PHEV",1,32
"YV4H60CX3P",2023,"VOLVO","XC90","PHEV",1,32
"YV4H60CW7P",2023,"VOLVO","XC90","PHEV",1,32
"YV4H60CN7P",2023,"VOLVO","XC90","PHEV",1,32
"YV4H60CX0P",2023,"VOLVO","XC90","PHEV",1,32
"YV4H60CV4P",2023,"VOLVO","XC90","PHEV",1,32
"YV4H60CK5P",2023,"VOLVO","XC90","PHEV",1,32
"YV4H60CX5P",2023,"VOLVO","XC90","PHEV",1,32
"YV4H60PFXS",2025,"VOLVO","XC90","PHEV",1,32
"YV4H60PJ8S",2025,"VOLVO","XC90","PHEV",1,32
"YV4H60PB9S",2025,"VOLVO","XC90","PHEV",1,32
"YV4H60PGXS",2025,"VOLVO","XC90","PHEV",1,32
"YV4H60JE1S",2025,"VOLVO","XC90","PHEV",1,32
"YV4H60PEXS",2025,"VOLVO","XC90","PHEV",1,32
"YV4H60PG1S",2025,"VOLVO","XC90","PHEV",1,32
"YV4H60PB3S",2025,"VOLVO","XC90","PHEV",1,32
"YV4H60JG5S",2025,"VOLVO","XC90","PHEV",1,32
"YV4H60JF6S",2025,"VOLVO","XC90","PHEV",1,32
"YV4H60PF5S",2025,"VOLVO","XC90","PHEV",1,32
"YV4H60JB1S",2025,"VOLVO","XC90","PHEV",1,32
"YV4H60PF1S",2025,"VOLVO","XC90","PHEV",1,32
"YV4H60PG9S",2025,"VOLVO","XC90","PHEV",1,32
"YV4H60JGXS",2025,"VOLVO","XC90","PHEV",1,32
"YV4H60JB4S",2025,"VOLVO","XC90","PHEV",1,32
"YV4H60PF0S",2025,"VOLVO","XC90","PHEV",1,32
"YV4H60JG0S",2025,"VOLVO","XC90","PHEV",1,32
"YV4H60PE2S",2025,"VOLVO","XC90","PHEV",1,32
"YV4H60PE1S",2025,"VOLVO","XC90","PHEV",1,32
"YV4H60PA1S",2025,"VOLVO","XC90","PHEV",1,32
"YV4H60PF8S",2025,"VOLVO","XC90","PHEV",1,32
"YV4H60PB5S",2025,"VOLVO","XC90","PHEV",1,32
"YV4H60JF8S",2025,"VOLVO","XC90","PHEV",1,32
"YV4H60JB5S",2025,"VOLVO","XC90","PHEV",1,32
"YV4H60JBXS",2025,"VOLVO","XC90","PHEV",1,32
"YV4H60PB1S",2025,"VOLVO","XC90","PHEV",1,32
"YV4H60JG1S",2025,"VOLVO","XC90","PHEV",1,32
"YV4H60JG2S",2025,"VOLVO","XC90","PHEV",1,32
"YV4H60PB6S",2025,"VOLVO","XC90","PHEV",1,32
"YV4H60PF6S",2025,"VOLVO","XC90","PHEV",1,32
"YV4H60JF4S",2025,"VOLVO","XC90","PHEV",1,32
"YV4H60PE5S",2025,"VOLVO","XC90","PHEV",1,32
"YV4H60JB8S",2025,"VOLVO","XC90","PHEV",1,32
"YV4H60PF7S",2025,"VOLVO","XC90","PHEV",1,32
"YV4H60JF3S",2025,"VOLVO","XC90","PHEV",1,32
"YV4H60JE7S",2025,"VOLVO","XC90","PHEV",1,32
"YV4H60PE8S",2025,"VOLVO","XC90","PHEV",1,32
"YV4H60JE0S",2025,"VOLVO","XC90","PHEV",1,32
"YV4H60PG7S",2025,"VOLVO","XC90","PHEV",1,32
"YV4H60PB2S",2025,"VOLVO","XC90","PHEV",1,32
"YV4H60JG7S",2025,"VOLVO","XC90","PHEV",1,32
"YV4H60PE3S",2025,"VOLVO","XC90","PHEV",1,32
"YV4H60PB0S",2025,"VOLVO","XC90","PHEV",1,32
"YV4H60PE9S",2025,"VOLVO","XC90","PHEV",1,32
"YV4H60PE6S",2025,"VOLVO","XC90","PHEV",1,32
"YV4H60JG3S",2025,"VOLVO","XC90","PHEV",1,32
"YV4H60JB6S",2025,"VOLVO","XC90","PHEV",1,32
"YV4H60PF3S",2025,"VOLVO","XC90","PHEV",1,32
"YV4H60PG5S",2025,"VOLVO","XC90","PHEV",1,32
"YV4H60JB9S",2025,"VOLVO","XC90","PHEV",1,32
"YV4H60JEXS",2025,"VOLVO","XC90","PHEV",1,32
"YV4H60PG0S",2025,"VOLVO","XC90","PHEV",1,32
"YV4H60PBXS",2025,"VOLVO","XC90","PHEV",1,32
"YV4H60PF4S",2025,"VOLVO","XC90","PHEV",1,32
"YV4H60PE7S",2025,"VOLVO","XC90","PHEV",1,32
"YV4H60PJ4S",2025,"VOLVO","XC90","PHEV",1,32
"YV4H60PG4S",2025,"VOLVO","XC90","PHEV",1,32
"YV4H60PG8S",2025,"VOLVO","XC90","PHEV",1,32
"YV4H60PE4S",2025,"VOLVO","XC90","PHEV",1,32
"YV4H60JG4S",2025,"VOLVO","XC90","PHEV",1,32
"YV4H60PJ5S",2025,"VOLVO","XC90","PHEV",1,32
"YV4H60JE8S",2025,"VOLVO","XC90","PHEV",1,32
"YV4H60JE3S",2025,"VOLVO","XC90","PHEV",1,32
"YV4H60JE2S",2025,"VOLVO","XC90","PHEV",1,32
"YV4H60PB8S",2025,"VOLVO","XC90","PHEV",1,32
"YV4H60PG6S",2025,"VOLVO","XC90","PHEV",1,32
"YV4H60JB7S",2025,"VOLVO","XC90","PHEV",1,32
"YV4H60JF9S",2025,"VOLVO","XC90","PHEV",1,32
"YV4H60PF2S",2025,"VOLVO","XC90","PHEV",1,32
"YV4H60JE9S",2025,"VOLVO","XC90","PHEV",1,32
"YV4H60JF0S",2025,"VOLVO","XC90","PHEV",1,32
"YV4H60JFXS",2025,"VOLVO","XC90","PHEV",1,32
"YV4H60JG9S",2025,"VOLVO","XC90","PHEV",1,32
"YV4H60PAXS",2025,"VOLVO","XC90","PHEV",1,32
"YV4H60JB3S",2025,"VOLVO","XC90","PHEV",1,32
"YV4H60JG6S",2025,"VOLVO","XC90","PHEV",1,32
"YV4H60PG3S",2025,"VOLVO","XC90","PHEV",1,32
"YV4H60PB4S",2025,"VOLVO","XC90","PHEV",1,32
"YV4H60JF1S",2025,"VOLVO","XC90","PHEV",1,32
"YV4H60JF5S",2025,"VOLVO","XC90","PHEV",1,32
"YV4H60JB0S",2025,"VOLVO","XC90","PHEV",1,32
"YV4H60JE5S",2025,"VOLVO","XC90","PHEV",1,32
"YV4H60PE0S",2025,"VOLVO","XC90","PHEV",1,32
"YV4H60PA0S",2025,"VOLVO","XC90","PHEV",1,32
"YV4H60JB2S",2025,"VOLVO","XC90","PHEV",1,32
"YV4H60JF7S",2025,"VOLVO","XC90","PHEV",1,32
"YV4H60PA5S",2025,"VOLVO","XC90","PHEV",1,32
"YV4H60PB7S",2025,"VOLVO","XC90","PHEV",1,32
"YV4H60PF9S",2025,"VOLVO","XC90","PHEV",1,32
"YV4H60JE6S",2025,"VOLVO","XC90","PHEV",1,32
"YV4H60JE4S",2025,"VOLVO","XC90","PHEV",1,32
"YV4H60PA6S",2025,"VOLVO","XC90","PHEV",1,32
"YV4H60PG2S",2025,"VOLVO","XC90","PHEV",1,32
"YV4H60JF2S",2025,"VOLVO","XC90","PHEV",1,32
"5YJXCAE24G",2016,"TESLA","MODEL X","BEV",1,200
"5YJXCBE23G",2016,"TESLA","MODEL X","BEV",1,200
"5YJXCDE24H",2017,"TESLA","MODEL X","BEV",1,200
"5YJXCBE27H",2017,"TESLA","MODEL X","BEV",1,200
"5YJXCBE22G",2016,"TESLA","MODEL X","BEV",1,200
"5YJXCAE27H",2017,"TESLA","MODEL X","BEV",1,200
"5YJXCBE25H",2017,"TESLA","MODEL X","BEV",1,200
"5YJXCBE22H",2017,"TESLA","MODEL X","BEV",1,200
"5YJXCBE26H",2017,"TESLA","MODEL X","BEV",1,200
"5YJXCAE27G",2016,"TESLA","MODEL X","BEV",1,200
"5YJXCAE41G",2016,"TESLA","MODEL X","BEV",1,200
"5YJXCBE20H",2017,"TESLA","MODEL X","BEV",1,200
"5YJXCAE29G",2016,"TESLA","MODEL X","BEV",1,200
"5YJXCAE23G",2016,"TESLA","MODEL X","BEV",1,200
"5YJXCAE22H",2017,"TESLA","MODEL X","BEV",1,200
"5YJXCAE25G",2016,"TESLA","MODEL X","BEV",1,200
"5YJXCBE45H",2017,"TESLA","MODEL X","BEV",1,200
"5YJXCBE45G",2016,"TESLA","MODEL X","BEV",1,200
"5YJXCBE20G",2016,"TESLA","MODEL X","BEV",1,200
"5YJXCBE29H",2017,"TESLA","MODEL X","BEV",1,200
"5YJXCDE29H",2017,"TESLA","MODEL X","BEV",1,200
"5YJXCAE21H",2017,"TESLA","MODEL X","BEV",1,200
"5YJXCDE21H",2017,"TESLA","MODEL X","BEV",1,200
"5YJXCAE2XG",2016,"TESLA","MODEL X","BEV",1,200
"5YJXCBE21H",2017,"TESLA","MODEL X","BEV",1,200
"5YJXCAE26G",2016,"TESLA","MODEL X","BEV",1,200
"5YJXCDE27H",2017,"TESLA","MODEL X","BEV",1,200
"5YJXCAE2XH",2017,"TESLA","MODEL X","BEV",1,200
"5YJXCAE29H",2017,"TESLA","MODEL X","BEV",1,200
"5YJXCAE28H",2017,"TESLA","MODEL X","BEV",1,200
"5YJXCBE28H",2017,"TESLA","MODEL X","BEV",1,200
"5YJXCAE49G",2016,"TESLA","MODEL X","BEV",1,200
"5YJXCBE25G",2016,"TESLA","MODEL X","BEV",1,200
"5YJXCDE28H",2017,"TESLA","MODEL X","BEV",1,200
"5YJXCBE43G",2016,"TESLA","MODEL X","BEV",1,200
"5YJXCAE45G",2016,"TESLA","MODEL X","BEV",1,200
"5YJXCAE20G",2016,"TESLA","MODEL X","BEV",1,200
"5YJXCAE48H",2017,"TESLA","MODEL X","BEV",1,200
"5YJXCBE23H",2017,"TESLA","MODEL X","BEV",1,200
"5YJXCAE47G",2016,"TESLA","MODEL X","BEV",1,200
"5YJXCDE22H",2017,"TESLA","MODEL X","BEV",1,200
"5YJXCAE24H",2017,"TESLA","MODEL X","BEV",1,200
"5YJXCBE29G",2016,"TESLA","MODEL X","BEV",1,200
"5YJXCAE48G",2016,"TESLA","MODEL X","BEV",1,200
"5YJXCAE26H",2017,"TESLA","MODEL X","BEV",1,200
"5YJXCBE2XG",2016,"TESLA","MODEL X","BEV",1,200
"5YJXCDE26H",2017,"TESLA","MODEL X","BEV",1,200
"5YJXCDE20H",2017,"TESLA","MODEL X","BEV",1,200
"5YJXCBE24G",2016,"TESLA","MODEL X","BEV",1,200
"5YJXCBE28G",2016,"TESLA","MODEL X","BEV",1,200
"5YJXCDE23H",2017,"TESLA","MODEL X","BEV",1,200
"5YJXCAE44G",2016,"TESLA","MODEL X","BEV",1,200
"5YJXCAE43G",2016,"TESLA","MODEL X","BEV",1,200
"5YJXCBE27G",2016,"TESLA","MODEL X","BEV",1,200
"5YJXCBE44G",2016,"TESLA","MODEL X","BEV",1,200
"5YJXCBE2XH",2017,"TESLA","MODEL X","BEV",1,200
"5YJXCAE28G",2016,"TESLA","MODEL X","BEV",1,200
"5YJXCBE4XG",2016,"TESLA","MODEL X","BEV",1,200
"5YJXCAE23H",2017,"TESLA","MODEL X","BEV",1,200
"5YJXCBE21G",2016,"TESLA","MODEL X","BEV",1,200
"5YJXCBE26G",2016,"TESLA","MODEL X","BEV",1,200
"5YJXCBE24H",2017,"TESLA","MODEL X","BEV",1,200
"5YJXCDE49H",2017,"TESLA","MODEL X","BEV",1,200
"5YJXCAE25H",2017,"TESLA","MODEL X","BEV",1,200
"5YJXCAE42G",2016,"TESLA","MODEL X","BEV",1,200
"5YJXCBE41G",2016,"TESLA","MODEL X","BEV",1,200
"5YJXCDE25H",2017,"TESLA","MODEL X","BEV",1,200
"5YJXCAE40G",2016,"TESLA","MODEL X","BEV",1,200
"5YJXCBE41H",2017,"TESLA","MODEL X","BEV",1,200
"5YJXCDE40H",2017,"TESLA","MODEL X","BEV",1,200
"5YJXCBE49G",2016,"TESLA","MODEL X","BEV",1,200
"5YJXCBE44H",2017,"TESLA","MODEL X","BEV",1,200
"5YJXCAE43H",2017,"TESLA","MODEL X","BEV",1,200
"5YJXCDE2XH",2017,"TESLA","MODEL X","BEV",1,200
"5YJXCBE43H",2017,"TESLA","MODEL X","BEV",1,200
"5YJXCDE45H",2017,"TESLA","MODEL X","BEV",1,200
"5YJXCBE46H",2017,"TESLA","MODEL X","BEV",1,200
"5YJXCBE47H",2017,"TESLA","MODEL X","BEV",1,200
"5YJXCDE22G",2016,"TESLA","MODEL X","BEV",1,200
"5YJXCAE49H",2017,"TESLA","MODEL X","BEV",1,200
"5YJXCBE48G",2016,"TESLA","MODEL X","BEV",1,200
"5YJXCAE22G",2016,"TESLA","MODEL X","BEV",1,200
"5YJXCDE28G",2016,"TESLA","MODEL X","BEV",1,200
"5YJXCDE29G",2016,"TESLA","MODEL X","BEV",1,200
"5YJXCAE21G",2016,"TESLA","MODEL X","BEV",1,200
"5YJXCBE42G",2016,"TESLA","MODEL X","BEV",1,200
"5YJXCDE25G",2016,"TESLA","MODEL X","BEV",1,200
"5YJXCAE4XG",2016,"TESLA","MODEL X","BEV",1,200
"5YJXCBE40G",2016,"TESLA","MODEL X","BEV",1,200
"5YJXCAE20H",2017,"TESLA","MODEL X","BEV",1,200
"5YJXCDE24G",2016,"TESLA","MODEL X","BEV",1,200
"5YJXCDE42H",2017,"TESLA","MODEL X","BEV",1,200
"5YJXCBE42H",2017,"TESLA","MODEL X","BEV",1,200
"5YJXCBE49H",2017,"TESLA","MODEL X","BEV",1,200
"5YJXCBE40H",2017,"TESLA","MODEL X","BEV",1,200
"5YJXCDE42G",2016,"TESLA","MODEL X","BEV",1,200
"5YJXCBE46G",2016,"TESLA","MODEL X","BEV",1,200
"5YJXCDE23G",2016,"TESLA","MODEL X","BEV",1,200
"5YJXCAE46G",2016,"TESLA","MODEL X","BEV",1,200
"5YJXCDE43H",2017,"TESLA","MODEL X","BEV",1,200
"5YJXCAE47H",2017,"TESLA","MODEL X","BEV",1,200
"5YJXCAE42H",2017,"TESLA","MODEL X","BEV",1,200
"5YJXCDE2XG",2016,"TESLA","MODEL X","BEV",1,200
"5YJXCDE26G",2016,"TESLA","MODEL X","BEV",1,200
"5YJXCDE46H",2017,"TESLA","MODEL X","BEV",1,200
"5YJXCBE47G",2016,"TESLA","MODEL X","BEV",1,200
"5YJXCDE20G",2016,"TESLA","MODEL X","BEV",1,200
"5YJXCBE4XH",2017,"TESLA","MODEL X","BEV",1,200
"5YJXCBE48H",2017,"TESLA","MODEL X","BEV",1,200
"5YJXCDE48H",2017,"TESLA","MODEL X","BEV",1,200
"5YJXCAE41H",2017,"TESLA","MODEL X","BEV",1,200
"5YJXCDE21G",2016,"TESLA","MODEL X","BEV",1,200
"5YJXCDE44H",2017,"TESLA","MODEL X","BEV",1,200
"5YJXCDE47H",2017,"TESLA","MODEL X","BEV",1,200
"5YJXCDE46G",2016,"TESLA","MODEL X","BEV",1,200
"5YJXCDE20L",2020,"TESLA","MODEL X","BEV",1,289
"5YJXCDE23L",2020,"TESLA","MODEL X","BEV",1,289
"5YJXCBE45K",2019,"TESLA","MODEL X","BEV",1,289
"5YJXCAE23K",2019,"TESLA","MODEL X","BEV",1,289
"5YJXCBE29K",2019,"TESLA","MODEL X","BEV",1,289
"5YJXCAE45K",2019,"TESLA","MODEL X","BEV",1,289
"5YJXCAE4XK",2019,"TESLA","MODEL X","BEV",1,289
"5YJXCDE25L",2020,"TESLA","MODEL X","BEV",1,289
"5YJXCBE26K",2019,"TESLA","MODEL X","BEV",1,289
"5YJXCDE26L",2020,"TESLA","MODEL X","BEV",1,289
"5YJXCDE28L",2020,"TESLA","MODEL X","BEV",1,289
"5YJXCAE24K",2019,"TESLA","MODEL X","BEV",1,289
"5YJXCAE20K",2019,"TESLA","MODEL X","BEV",1,289
"5YJXCBE20K",2019,"TESLA","MODEL X","BEV",1,289
"5YJXCAE2XK",2019,"TESLA","MODEL X","BEV",1,289
"5YJXCDE24L",2020,"TESLA","MODEL X","BEV",1,289
"5YJXCBE47K",2019,"TESLA","MODEL X","BEV",1,289
"5YJXCDE2XL",2020,"TESLA","MODEL X","BEV",1,289
"5YJXCBE27K",2019,"TESLA","MODEL X","BEV",1,289
"5YJXCDE22K",2019,"TESLA","MODEL X","BEV",1,289
"5YJXCDE27L",2020,"TESLA","MODEL X","BEV",1,289
"5YJXCDE4XL",2020,"TESLA","MODEL X","BEV",1,289
"5YJXCDE29L",2020,"TESLA","MODEL X","BEV",1,289
"5YJXCAE43L",2020,"TESLA","MODEL X","BEV",1,289
"5YJXCAE42K",2019,"TESLA","MODEL X","BEV",1,289
"5YJXCAE21K",2019,"TESLA","MODEL X","BEV",1,289
"5YJXCAE41K",2019,"TESLA","MODEL X","BEV",1,289
"5YJXCAE28K",2019,"TESLA","MODEL X","BEV",1,289
"5YJXCBE22K",2019,"TESLA","MODEL X","BEV",1,289
"5YJXCDE25K",2019,"TESLA","MODEL X","BEV",1,289
"5YJXCAE46K",2019,"TESLA","MODEL X","BEV",1,289
"5YJXCDE21L",2020,"TESLA","MODEL X","BEV",1,289
"5YJXCDE48L",2020,"TESLA","MODEL X","BEV",1,289
"5YJXCDE22L",2020,"TESLA","MODEL X","BEV",1,289
"5YJXCBE2XK",2019,"TESLA","MODEL X","BEV",1,289
"5YJXCBE24K",2019,"TESLA","MODEL X","BEV",1,289
"5YJXCDE24K",2019,"TESLA","MODEL X","BEV",1,289
"5YJXCAE42L",2020,"TESLA","MODEL X","BEV",1,289
"5YJXCAE40K",2019,"TESLA","MODEL X","BEV",1,289
"5YJXCBE28K",2019,"TESLA","MODEL X","BEV",1,289
"5YJXCBE43K",2019,"TESLA","MODEL X","BEV",1,289
"5YJXCBE21K",2019,"TESLA","MODEL X","BEV",1,289
"5YJXCDE43K",2019,"TESLA","MODEL X","BEV",1,289
"5YJXCAE48K",2019,"TESLA","MODEL X","BEV",1,289
"5YJXCAE25K",2019,"TESLA","MODEL X","BEV",1,289
"5YJXCBE23K",2019,"TESLA","MODEL X","BEV",1,289
"5YJXCAE26K",2019,"TESLA","MODEL X","BEV",1,289
"5YJXCDE27K",2019,"TESLA","MODEL X","BEV",1,289
"5YJXCDE47L",2020,"TESLA","MODEL X","BEV",1,289
"5YJXCBE41K",2019,"TESLA","MODEL X","BEV",1,289
"5YJXCDE28K",2019,"TESLA","MODEL X","BEV",1,289
"5YJXCDE45K",2019,"TESLA","MODEL X","BEV",1,289
"5YJXCDE21K",2019,"TESLA","MODEL X","BEV",1,289
"5YJXCDE29K",2019,"TESLA","MODEL X","BEV",1,289
"5YJXCDE26K",2019,"TESLA","MODEL X","BEV",1,289
"5YJXCBE25K",2019,"TESLA","MODEL X","BEV",1,289
"5YJXCAE29K",2019,"TESLA","MODEL X","BEV",1,289
"5YJXCDE23K",2019,"TESLA","MODEL X","BEV",1,289
"5YJXCBE49K",2019,"TESLA","MODEL X","BEV",1,289
"5YJXCAE27K",2019,"TESLA","MODEL X","BEV",1,289
"5YJXCAE40L",2020,"TESLA","MODEL X","BEV",1,289
"5YJXCDE2XK",2019,"TESLA","MODEL X","BEV",1,289
"5YJXCDE41K",2019,"TESLA","MODEL X","BEV",1,289
"5YJXCDE40L",2020,"TESLA","MODEL X","BEV",1,289
"5YJXCAE22K",2019,"TESLA","MODEL X","BEV",1,289
"5YJXCDE43L",2020,"TESLA","MODEL X","BEV",1,289
"5YJXCDE40K",2019,"TESLA","MODEL X","BEV",1,289
"5YJXCAE44K",2019,"TESLA","MODEL X","BEV",1,289
"5YJXCDE46K",2019,"TESLA","MODEL X","BEV",1,289
"5YJXCAE48L",2020,"TESLA","MODEL X","BEV",1,289
"5YJXCBE40K",2019,"TESLA","MODEL X","BEV",1,289
"5YJXCAE4XL",2020,"TESLA","MODEL X","BEV",1,289
"5YJXCAE46L",2020,"TESLA","MODEL X","BEV",1,289
"5YJXCDE20K",2019,"TESLA","MODEL X","BEV",1,289
"5YJXCDE41L",2020,"TESLA","MODEL X","BEV",1,289
"5YJXCAE49K",2019,"TESLA","MODEL X","BEV",1,289
"5YJXCBE48K",2019,"TESLA","MODEL X","BEV",1,289
"5YJXCBE46K",2019,"TESLA","MODEL X","BEV",1,289
"5YJXCDE49L",2020,"TESLA","MODEL X","BEV",1,289
"5YJXCDE42L",2020,"TESLA","MODEL X","BEV",1,289
"5YJXCAE43K",2019,"TESLA","MODEL X","BEV",1,289
"5YJXCBE44K",2019,"TESLA","MODEL X","BEV",1,289
"5YJXCAE47L",2020,"TESLA","MODEL X","BEV",1,289
"5YJXCDE4XK",2019,"TESLA","MODEL X","BEV",1,289
"5YJXCDE46L",2020,"TESLA","MODEL X","BEV",1,289
"5YJXCDE49K",2019,"TESLA","MODEL X","BEV",1,289
"5YJXCBE42K",2019,"TESLA","MODEL X","BEV",1,289
"5YJXCAE47K",2019,"TESLA","MODEL X","BEV",1,289
"5YJXCDE48K",2019,"TESLA","MODEL X","BEV",1,289
"5YJXCAE41L",2020,"TESLA","MODEL X","BEV",1,289
"5YJXCAE49L",2020,"TESLA","MODEL X","BEV",1,289
"5YJXCAE27L",2020,"TESLA","MODEL X","BEV",1,293
"5YJXCAE21L",2020,"TESLA","MODEL X","BEV",1,293
"5YJXCBE20J",2018,"TESLA","MODEL X","BEV",1,238
"5YJXCBE21L",2020,"TESLA","MODEL X","BEV",1,293
"5YJXCAE25L",2020,"TESLA","MODEL X","BEV",1,293
"5YJXCDE28J",2018,"TESLA","MODEL X","BEV",1,238
"5YJXCAE20L",2020,"TESLA","MODEL X","BEV",1,293
"5YJXCDE24J",2018,"TESLA","MODEL X","BEV",1,238
"5YJXCBE4XL",2020,"TESLA","MODEL X","BEV",1,293
"5YJXCDE25J",2018,"TESLA","MODEL X","BEV",1,238
"5YJXCAE25J",2018,"TESLA","MODEL X","BEV",1,238
"5YJXCAE20J",2018,"TESLA","MODEL X","BEV",1,238
"5YJXCBE24L",2020,"TESLA","MODEL X","BEV",1,293
"5YJXCDE22J",2018,"TESLA","MODEL X","BEV",1,238
"5YJXCBE22J",2018,"TESLA","MODEL X","BEV",1,238
"5YJXCDE26J",2018,"TESLA","MODEL X","BEV",1,238
"5YJXCBE23J",2018,"TESLA","MODEL X","BEV",1,238
"5YJXCAE40J",2018,"TESLA","MODEL X","BEV",1,238
"5YJXCAE47J",2018,"TESLA","MODEL X","BEV",1,238
"5YJXCBE28L",2020,"TESLA","MODEL X","BEV",1,293
"5YJXCAE27J",2018,"TESLA","MODEL X","BEV",1,238
"5YJXCAE46J",2018,"TESLA","MODEL X","BEV",1,238
"5YJXCBE2XJ",2018,"TESLA","MODEL X","BEV",1,238
"5YJXCBE45L",2020,"TESLA","MODEL X","BEV",1,293
"5YJXCBE28J",2018,"TESLA","MODEL X","BEV",1,238
"5YJXCBE21J",2018,"TESLA","MODEL X","BEV",1,238
"5YJXCAE23J",2018,"TESLA","MODEL X","BEV",1,238
"5YJXCBE47J",2018,"TESLA","MODEL X","BEV",1,238
"5YJXCBE42L",2020,"TESLA","MODEL X","BEV",1,293
"5YJXCBE25J",2018,"TESLA","MODEL X","BEV",1,238
"5YJXCBE23L",2020,"TESLA","MODEL X","BEV",1,293
"5YJXCBE27J",2018,"TESLA","MODEL X","BEV",1,238
"5YJXCAE26L",2020,"TESLA","MODEL X","BEV",1,293
"5YJXCDE23J",2018,"TESLA","MODEL X","BEV",1,238
"5YJXCBE43L",2020,"TESLA","MODEL X","BEV",1,293
"5YJXCAE22J",2018,"TESLA","MODEL X","BEV",1,238
"5YJXCAE24L",2020,"TESLA","MODEL X","BEV",1,293
"5YJXCBE26L",2020,"TESLA","MODEL X","BEV",1,293
"5YJXCBE27L",2020,"TESLA","MODEL X","BEV",1,293
"5YJXCBE2XL",2020,"TESLA","MODEL X","BEV",1,293
"5YJXCAE2XL",2020,"TESLA","MODEL X","BEV",1,293
"5YJXCBE46L",2020,"TESLA","MODEL X","BEV",1,293
"5YJXCBE29L",2020,"TESLA","MODEL X","BEV",1,293
"5YJXCDE27J",2018,"TESLA","MODEL X","BEV",1,238
"5YJXCAE29J",2018,"TESLA","MODEL X","BEV",1,238
"5YJXCAE29L",2020,"TESLA","MODEL X","BEV",1,293
"5YJXCBE41L",2020,"TESLA","MODEL X","BEV",1,293
"5YJXCBE48J",2018,"TESLA","MODEL X","BEV",1,238
"5YJXCBE22L",2020,"TESLA","MODEL X","BEV",1,293
"5YJXCDE21J",2018,"TESLA","MODEL X","BEV",1,238
"5YJXCBE29J",2018,"TESLA","MODEL X","BEV",1,238
"5YJXCDE48J",2018,"TESLA","MODEL X","BEV",1,238
"5YJXCBE44J",2018,"TESLA","MODEL X","BEV",1,238
"5YJXCBE24J",2018,"TESLA","MODEL X","BEV",1,238
"5YJXCAE22L",2020,"TESLA","MODEL X","BEV",1,293
"5YJXCBE41J",2018,"TESLA","MODEL X","BEV",1,238
"5YJXCDE29J",2018,"TESLA","MODEL X","BEV",1,238
"5YJXCBE25L",2020,"TESLA","MODEL X","BEV",1,293
"5YJXCBE20L",2020,"TESLA","MODEL X","BEV",1,293
"5YJXCAE23L",2020,"TESLA","MODEL X","BEV",1,293
"5YJXCAE26J",2018,"TESLA","MODEL X","BEV",1,238
"5YJXCDE2XJ",2018,"TESLA","MODEL X","BEV",1,238
"5YJXCBE49L",2020,"TESLA","MODEL X","BEV",1,293
"5YJXCBE26J",2018,"TESLA","MODEL X","BEV",1,238
"5YJXCAE2XJ",2018,"TESLA","MODEL X","BEV",1,238
"5YJXCAE21J",2018,"TESLA","MODEL X","BEV",1,238
"5YJXCAE28L",2020,"TESLA","MODEL X","BEV",1,293
"5YJXCAE28J",2018,"TESLA","MODEL X","BEV",1,238
"5YJXCBE42J",2018,"TESLA","MODEL X","BEV",1,238
"5YJXCDE20J",2018,"TESLA","MODEL X","BEV",1,238
"5YJXCAE24J",2018,"TESLA","MODEL X","BEV",1,238
"5YJXCBE4XJ",2018,"TESLA","MODEL X","BEV",1,238
"5YJXCBE43J",2018,"TESLA","MODEL X","BEV",1,238
"5YJXCDE47J",2018,"TESLA","MODEL X","BEV",1,238
"5YJXCDE45J",2018,"TESLA","MODEL X","BEV",1,238
"5YJXCBE47L",2020,"TESLA","MODEL X","BEV",1,293
"5YJXCBE46J",2018,"TESLA","MODEL X","BEV",1,238
"5YJXCBE40J",2018,"TESLA","MODEL X","BEV",1,238
"5YJXCAE45J",2018,"TESLA","MODEL X","BEV",1,238
"5YJXCBE40L",2020,"TESLA","MODEL X","BEV",1,293
"5YJXCAE43J",2018,"TESLA","MODEL X","BEV",1,238
"5YJXCAE42J",2018,"TESLA","MODEL X","BEV",1,238
"5YJXCBE49J",2018,"TESLA","MODEL X","BEV",1,238
"5YJXCAE41J",2018,"TESLA","MODEL X","BEV",1,238
"5YJXCBE45J",2018,"TESLA","MODEL X","BEV",1,238
"5YJXCBE44L",2020,"TESLA","MODEL X","BEV",1,293
"5YJ3E1EC6L",2020,"TESLA","MODEL 3","BEV",1,308
"5YJ3E1EB3J",2018,"TESLA","MODEL 3","BEV",1,215
"5YJ3E1EB1J",2018,"TESLA","MODEL 3","BEV",1,215
"5YJ3E1EA3J",2018,"TESLA","MODEL 3","BEV",1,215
"5YJ3E1EAXK",2019,"TESLA","MODEL 3","BEV",1,220
"5YJ3E1EB0L",2020,"TESLA","MODEL 3","BEV",1,322
"5YJ3E1EAXJ",2018,"TESLA","MODEL 3","BEV",1,215
"5YJ3E1EA2J",2018,"TESLA","MODEL 3","BEV",1,215
"5YJ3E1EBXK",2019,"TESLA","MODEL 3","BEV",1,220
"5YJ3E1EB9J",2018,"TESLA","MODEL 3","BEV",1,215
"5YJ3E1EB4J",2018,"TESLA","MODEL 3","BEV",1,215
"5YJ3E1EB0J",2018,"TESLA","MODEL 3","BEV",1,215
"5YJ3E1EB3L",2020,"TESLA","MODEL 3","BEV",1,322
"5YJ3E1EBXJ",2018,"TESLA","MODEL 3","BEV",1,215
"5YJ3E1EA9L",2020,"TESLA","MODEL 3","BEV",1,266
"5YJ3E1EB9L",2020,"TESLA","MODEL 3","BEV",1,322
"5YJ3E1EA2L",2020,"TESLA","MODEL 3","BEV",1,266
"5YJ3E1EB6K",2019,"TESLA","MODEL 3","BEV",1,220
"5YJ3E1EA0K",2019,"TESLA","MODEL 3","BEV",1,220
"5YJ3E1EB2K",2019,"TESLA","MODEL 3","BEV",1,220
"5YJ3E1EA5H",2017,"TESLA","MODEL 3","BEV",1,220
"5YJ3E1EC5L",2020,"TESLA","MODEL 3","BEV",1,308
"5YJ3E1EA1J",2018,"TESLA","MODEL 3","BEV",1,215
"5YJ3E1EB3K",2019,"TESLA","MODEL 3","BEV",1,220
"5YJ3E1EA5L",2020,"TESLA","MODEL 3","BEV",1,266
"5YJ3E1EA9K",2019,"TESLA","MODEL 3","BEV",1,220
"5YJ3E1EB1K",2019,"TESLA","MODEL 3","BEV",1,220
"5YJ3E1EC0L",2020,"TESLA","MODEL 3","BEV",1,308
"5YJ3E1EA1K",2019,"TESLA","MODEL 3","BEV",1,220
"5YJ3E1EB4K",2019,"TESLA","MODEL 3","BEV",1,220
"5YJ3E1EA3L",2020,"TESLA","MODEL 3","BEV",1,266
"5YJ3E1EA9J",2018,"TESLA","MODEL 3","BEV",1,215
"5YJ3E1EA4L",2020,"TESLA","MODEL 3","BEV",1,266
"5YJ3E1EA6J",2018,"TESLA","MODEL 3","BEV",1,215
"5YJ3E1EB0K",2019,"TESLA","MODEL 3","BEV",1,220
"5YJ3E1EA6K",2019,"TESLA","MODEL 3","BEV",1,220
"5YJ3E1EA0J",2018,"TESLA","MODEL 3","BEV",1,215
"5YJ3E1EBXL",2020,"TESLA","MODEL 3","BEV",1,322
"5YJ3E1EB2J",2018,"TESLA","MODEL 3","BEV",1,215
"5YJ3E1EB6J",2018,"TESLA","MODEL 3","BEV",1,215
"5YJ3E1EA7J",2018,"TESLA","MODEL 3","BEV",1,215
"5YJ3E1EA8J",2018,"TESLA","MODEL 3","BEV",1,215
"5YJ3E1EA7L",2020,"TESLA","MODEL 3","BEV",1,266
"5YJ3E1EA2K",2019,"TESLA","MODEL 3","BEV",1,220
"5YJ3E1EB6L",2020,"TESLA","MODEL 3","BEV",1,322
"5YJ3E1EC4L",2020,"TESLA","MODEL 3","BEV",1,308
"5YJ3E1EB8K",2019,"TESLA","MODEL 3","BEV",1,220
"5YJ3E1EA6L",2020,"TESLA","MODEL 3","BEV",1,266
"5YJ3E1EA8K",2019,"TESLA","MODEL 3","BEV",1,220
"5YJ3E1EB7L",2020,"TESLA","MODEL 3","BEV",1,322
"5YJ3E1EB5K",2019,"TESLA","MODEL 3","BEV",1,220
"5YJ3E1EB5L",2020,"TESLA","MODEL 3","BEV",1,322
"5YJ3E1EAXL",2020,"TESLA","MODEL 3","BEV",1,266
"5YJ3E1EB8L",2020,"TESLA","MODEL 3","BEV",1,322
"5YJ3E1ECXL",2020,"TESLA","MODEL 3","BEV",1,308
"5YJ3E1EA1L",2020,"TESLA","MODEL 3","BEV",1,266
"5YJ3E1EA3K",2019,"TESLA","MODEL 3","BEV",1,220
"5YJ3E1EB4L",2020,"TESLA","MODEL 3","BEV",1,322
"5YJ3E1EB8J",2018,"TESLA","MODEL 3","BEV",1,215
"5YJ3E1EA8L",2020,"TESLA","MODEL 3","BEV",1,266
"5YJ3E1EA4K",2019,"TESLA","MODEL 3","BEV",1,220
"5YJ3E1EB5J",2018,"TESLA","MODEL 3","BEV",1,215
"5YJ3E1EB7J",2018,"TESLA","MODEL 3","BEV",1,215
"5YJ3E1EA5K",2019,"TESLA","MODEL 3","BEV",1,220
"5YJ3E1EB7K",2019,"TESLA","MODEL 3","BEV",1,220
"5YJ3E1EA4J",2018,"TESLA","MODEL 3","BEV",1,215
"5YJ3E1EB1L",2020,"TESLA","MODEL 3","BEV",1,322
"5YJ3E1EA0L",2020,"TESLA","MODEL 3","BEV",1,266
"5YJ3E1EC8L",2020,"TESLA","MODEL 3","BEV",1,308
"5YJ3E1EA5J",2018,"TESLA","MODEL 3","BEV",1,215
"5YJ3E1EC3L",2020,"TESLA","MODEL 3","BEV",1,308
"5YJ3E1EB9K",2019,"TESLA","MODEL 3","BEV",1,220
"5YJ3E1EB2L",2020,"TESLA","MODEL 3","BEV",1,322
"5YJ3E1EAXH",2017,"TESLA","MODEL 3","BEV",1,220
"5YJ3E1EC9L",2020,"TESLA","MODEL 3","BEV",1,308
"5YJ3E1EA7K",2019,"TESLA","MODEL 3","BEV",1,220
"5YJ3E1EC1L",2020,"TESLA","MODEL 3","BEV",1,308
"5YJ3E1EA9H",2017,"TESLA","MODEL 3","BEV",1,220
"5YJ3E1EC2L",2020,"TESLA","MODEL 3","BEV",1,308
"5YJ3E1EA8H",2017,"TESLA","MODEL 3","BEV",1,220
"5YJ3E1EC7L",2020,"TESLA","MODEL 3","BEV",1,308
"5YJ3E1EA0H",2017,"TESLA","MODEL 3","BEV",1,220
"5YJ3E1EA1H",2017,"TESLA","MODEL 3","BEV",1,220
"5YJ3E1EA4H",2017,"TESLA","MODEL 3","BEV",1,220
"5YJ3E1EA6H",2017,"TESLA","MODEL 3","BEV",1,220
"5YJ3E1EA2H",2017,"TESLA","MODEL 3","BEV",1,220
"5YJ3E1EA3H",2017,"TESLA","MODEL 3","BEV",1,220
"5YJ3E1E19J",2018,"TESLA","MODEL 3","BEV",1,215
"5YJ3E1EA7H",2017,"TESLA","MODEL 3","BEV",1,220
"5YJ3E1EBBJ",2018,"TESLA","MODEL 3","BEV",1,215
"5YJYGDEE0L",2020,"TESLA","MODEL Y","BEV",1,291
"5YJYGDEF2L",2020,"TESLA","MODEL Y","BEV",1,291
"5YJYGDEE2L",2020,"TESLA","MODEL Y","BEV",1,291
"5YJYGDEE4L",2020,"TESLA","MODEL Y","BEV",1,291
"5YJYGDEEXL",2020,"TESLA","MODEL Y","BEV",1,291
"5YJYGDEE1L",2020,"TESLA","MODEL Y","BEV",1,291
"5YJYGDEE8L",2020,"TESLA","MODEL Y","BEV",1,291
"5YJYGDEE7L",2020,"TESLA","MODEL Y","BEV",1,291
"5YJYGDEE6L",2020,"TESLA","MODEL Y","BEV",1,291
"5YJYGDEF7L",2020,"TESLA","MODEL Y","BEV",1,291
"5YJYGDEE9L",2020,"TESLA","MODEL Y","BEV",1,291
"5YJYGDEE5L",2020,"TESLA","MODEL Y","BEV",1,291
"5YJYGDEF8L",2020,"TESLA","MODEL Y","BEV",1,291
"5YJYGDEFXL",2020,"TESLA","MODEL Y","BEV",1,291
"5YJYGDEE3L",2020,"TESLA","MODEL Y","BEV",1,291
"5YJRE1A14B",2011,"TESLA","ROADSTER","BEV",1,245
"5YJYGDEF0L",2020,"TESLA","MODEL Y","BEV",1,291
"5YJRE1A14A",2010,"TESLA","ROADSTER","BEV",1,245
"5YJYGDEF5L",2020,"TESLA","MODEL Y","BEV",1,291
"5YJYGDEF1L",2020,"TESLA","MODEL Y","BEV",1,291
"5YJYGDEF4L",2020,"TESLA","MODEL Y","BEV",1,291
"5YJRE1A11A",2010,"TESLA","ROADSTER","BEV",1,245
"5YJYGDEF3L",2020,"TESLA","MODEL Y","BEV",1,291
"5YJYGDEF9L",2020,"TESLA","MODEL Y","BEV",1,291
"5YJYGDEF6L",2020,"TESLA","MODEL Y","BEV",1,291
"5YJRE11B08",2008,"TESLA","ROADSTER","BEV",1,220
"5YJRE1A12A",2010,"TESLA","ROADSTER","BEV",1,245
"5YJRE1A32A",2010,"TESLA","ROADSTER","BEV",1,245
"5YJRE1A18B",2011,"TESLA","ROADSTER","BEV",1,245
"5YJRE11B68",2008,"TESLA","ROADSTER","BEV",1,220
"5YJRE1A15A",2010,"TESLA","ROADSTER","BEV",1,245
"5YJRE1A16A",2010,"TESLA","ROADSTER","BEV",1,245
"5YJRE11B28",2008,"TESLA","ROADSTER","BEV",1,220
"5YJRE11B58",2008,"TESLA","ROADSTER","BEV",1,220
"5YJRE1A39A",2010,"TESLA","ROADSTER","BEV",1,245
"5YJRE1A11B",2011,"TESLA","ROADSTER","BEV",1,245
"5YJRE11B88",2008,"TESLA","ROADSTER","BEV",1,220
"5YJRE1A1XA",2010,"TESLA","ROADSTER","BEV",1,245
"5YJRE1A38A",2010,"TESLA","ROADSTER","BEV",1,245
"5YJRE11BX8",2008,"TESLA","ROADSTER","BEV",1,220
"5YJRE11B98",2008,"TESLA","ROADSTER","BEV",1,220
"5YJRE11B38",2008,"TESLA","ROADSTER","BEV",1,220
"5YJRE1A18A",2010,"TESLA","ROADSTER","BEV",1,245
"5YJRE1A34B",2011,"TESLA","ROADSTER","BEV",1,245
"5YJRE11B78",2008,"TESLA","ROADSTER","BEV",1,220
"5YJRE11B18",2008,"TESLA","ROADSTER","BEV",1,220
"5YJRE1A16B",2011,"TESLA","ROADSTER","BEV",1,245
"5YJRE1A10B",2011,"TESLA","ROADSTER","BEV",1,245
"5YJRE1A1XB",2011,"TESLA","ROADSTER","BEV",1,245
"5YJSA1E20J",2018,"TESLA","MODEL S","BEV",1,249
"5YJSA1E26L",2020,"TESLA","MODEL S","BEV",1,330
"5YJSA1E22J",2018,"TESLA","MODEL S","BEV",1,249
"5YJSA1E25J",2018,"TESLA","MODEL S","BEV",1,249
"5YJSA1E46J",2018,"TESLA","MODEL S","BEV",1,249
"5YJSA1E24L",2020,"TESLA","MODEL S","BEV",1,330
"5YJSA1E21L",2020,"TESLA","MODEL S","BEV",1,330
"5YJSA1E22L",2020,"TESLA","MODEL S","BEV",1,330
"5YJSA1E23K",2019,"TESLA","MODEL S","BEV",1,270
"5YJSA1E27J",2018,"TESLA","MODEL S","BEV",1,249
"5YJSA1E20K",2019,"TESLA","MODEL S","BEV",1,270
"5YJSA1E49K",2019,"TESLA","MODEL S","BEV",1,270
"5YJSA1E2XJ",2018,"TESLA","MODEL S","BEV",1,249
"5YJSA1E4XK",2019,"TESLA","MODEL S","BEV",1,270
"5YJSA1E25L",2020,"TESLA","MODEL S","BEV",1,330
"5YJSA1E28J",2018,"TESLA","MODEL S","BEV",1,249
"5YJSA1E41L",2020,"TESLA","MODEL S","BEV",1,337
"5YJSA1E29J",2018,"TESLA","MODEL S","BEV",1,249
"5YJSA1E41J",2018,"TESLA","MODEL S","BEV",1,249
"5YJSA1E26J",2018,"TESLA","MODEL S","BEV",1,249
"5YJSA1E23J",2018,"TESLA","MODEL S","BEV",1,249
"5YJSA1E20L",2020,"TESLA","MODEL S","BEV",1,330
"5YJSA1E21J",2018,"TESLA","MODEL S","BEV",1,249
"5YJSA1E24K",2019,"TESLA","MODEL S","BEV",1,270
"5YJSA1E4XJ",2018,"TESLA","MODEL S","BEV",1,249
"5YJSA1DN2C",2012,"TESLA","MODEL S","BEV",1,265
"5YJSA1E24J",2018,"TESLA","MODEL S","BEV",1,249
"5YJSA1E29L",2020,"TESLA","MODEL S","BEV",1,330
"5YJSA1CN2C",2012,"TESLA","MODEL S","BEV",1,265
"5YJSA1CP5C",2012,"TESLA","MODEL S","BEV",1,265
"5YJSA1E27L",2020,"TESLA","MODEL S","BEV",1,330
"5YJSA1E23L",2020,"TESLA","MODEL S","BEV",1,330
"5YJSA1E29K",2019,"TESLA","MODEL S","BEV",1,270
"5YJSA1E26K",2019,"TESLA","MODEL S","BEV",1,270
"5YJSA1E25K",2019,"TESLA","MODEL S","BEV",1,270
"5YJSA1E45K",2019,"TESLA","MODEL S","BEV",1,270
"5YJSA1E40J",2018,"TESLA","MODEL S","BEV",1,249
"5YJSA1E43L",2020,"TESLA","MODEL S","BEV",1,337
"5YJSA1E45L",2020,"TESLA","MODEL S","BEV",1,337
"5YJSA1E28L",2020,"TESLA","MODEL S","BEV",1,330
"5YJSA1E40L",2020,"TESLA","MODEL S","BEV",1,337
"5YJSA1E28K",2019,"TESLA","MODEL S","BEV",1,270
"5YJSA1E47K",2019,"TESLA","MODEL S","BEV",1,270
"5YJSA1E48J",2018,"TESLA","MODEL S","BEV",1,249
"5YJSA1E27K",2019,"TESLA","MODEL S","BEV",1,270
"5YJSA1E22K",2019,"TESLA","MODEL S","BEV",1,270
"5YJSA1DN0C",2012,"TESLA","MODEL S","BEV",1,265
"5YJSA1CP9C",2012,"TESLA","MODEL S","BEV",1,265
"5YJSA1E47J",2018,"TESLA","MODEL S","BEV",1,249
"5YJSA1DN4C",2012,"TESLA","MODEL S","BEV",1,265
"5YJSA1E46L",2020,"TESLA","MODEL S","BEV",1,337
"5YJSA1E47L",2020,"TESLA","MODEL S","BEV",1,337
"5YJSA1E21K",2019,"TESLA","MODEL S","BEV",1,270
"5YJSA1E43K",2019,"TESLA","MODEL S","BEV",1,270
"5YJSA1E49J",2018,"TESLA","MODEL S","BEV",1,249
"5YJSA1CP4C",2012,"TESLA","MODEL S","BEV",1,265
"5YJSA1E48L",2020,"TESLA","MODEL S","BEV",1,337
"5YJSA1E2XL",2020,"TESLA","MODEL S","BEV",1,330
"5YJSA1E2XK",2019,"TESLA","MODEL S","BEV",1,270
"5YJSA1E44L",2020,"TESLA","MODEL S","BEV",1,337
"5YJSA1E48K",2019,"TESLA","MODEL S","BEV",1,270
"5YJSA1E40K",2019,"TESLA","MODEL S","BEV",1,270
"5YJSA1E49L",2020,"TESLA","MODEL S","BEV",1,337
"5YJSA1E43J",2018,"TESLA","MODEL S","BEV",1,249
"5YJSA1E44K",2019,"TESLA","MODEL S","BEV",1,270
"5YJSA1E46K",2019,"TESLA","MODEL S","BEV",1,270
"5YJSA1DP2C",2012,"TESLA","MODEL S","BEV",1,265
"5YJSA1E4XL",2020,"TESLA","MODEL S","BEV",1,337
"5YJSA1DN1C",2012,"TESLA","MODEL S","BEV",1,265
"5YJSA1E42J",2018,"TESLA","MODEL S","BEV",1,249
"5YJSA1DP3C",2012,"TESLA","MODEL S","BEV",1,265
"5YJSA1DP0C",2012,"TESLA","MODEL S","BEV",1,265
"5YJSA1CN5C",2012,"TESLA","MODEL S","BEV",1,265
"5YJSA1CN4C",2012,"TESLA","MODEL S","BEV",1,265
"5YJSA1DP4C",2012,"TESLA","MODEL S","BEV",1,265
"5YJSA1CN7C",2012,"TESLA","MODEL S","BEV",1,265
"5YJSA1CN9C",2012,"TESLA","MODEL S","BEV",1,265
"5YJSA1E44J",2018,"TESLA","MODEL S","BEV",1,249
"5YJSA1DP5C",2012,"TESLA","MODEL S","BEV",1,265
"5YJSA1DN3C",2012,"TESLA","MODEL S","BEV",1,265
"5YJSA1E42L",2020,"TESLA","MODEL S","BEV",1,337
"5YJSA1DP7C",2012,"TESLA","MODEL S","BEV",1,265
"5YJSA1E42K",2019,"TESLA","MODEL S","BEV",1,270
"5YJSA1E45J",2018,"TESLA","MODEL S","BEV",1,249
"5YJSA1E41K",2019,"TESLA","MODEL S","BEV",1,270
"5YJSA1DP1C",2012,"TESLA","MODEL S","BEV",1,265
"5YJSA1CP3C",2012,"TESLA","MODEL S","BEV",1,265
"5YJSA1CP1C",2012,"TESLA","MODEL S","BEV",1,265
"5YJSA1DPXC",2012,"TESLA","MODEL S","BEV",1,265
"5YJSA1CN3C",2012,"TESLA","MODEL S","BEV",1,265
"5YJSA1DP9C",2012,"TESLA","MODEL S","BEV",1,265
"5YJSA1DP8C",2012,"TESLA","MODEL S","BEV",1,265
"5YJSA1CN6C",2012,"TESLA","MODEL S","BEV",1,265
"5YJSA1CP8C",2012,"TESLA","MODEL S","BEV",1,265
"5YJSA1CN0C",2012,"TESLA","MODEL S","BEV",1,265
"5YJSA1DN9C",2012,"TESLA","MODEL S","BEV",1,265
"5YJSA1DP6C",2012,"TESLA","MODEL S","BEV",1,265
"5YJSA1CNXC",2012,"TESLA","MODEL S","BEV",1,265
"5YJSA1DNXC",2012,"TESLA","MODEL S","BEV",1,265
"5YJSA1DN7C",2012,"TESLA","MODEL S","BEV",1,265
"5YJSA1DN8C",2012,"TESLA","MODEL S","BEV",1,265
"5YJSA1CN8C",2012,"TESLA","MODEL S","BEV",1,265
"5YJSA1DN6C",2012,"TESLA","MODEL S","BEV",1,265
"5YJSA1CP6C",2012,"TESLA","MODEL S","BEV",1,265
"5YJSA1DN5C",2012,"TESLA","MODEL S","BEV",1,265
"5YJSA1CN1C",2012,"TESLA","MODEL S","BEV",1,265
"5YJSA1CP7C",2012,"TESLA","MODEL S","BEV",1,265
"5YJSA1E28G",2016,"TESLA","MODEL S","BEV",1,210
"5YJSA1E26G",2016,"TESLA","MODEL S","BEV",1,210
"5YJSA1E27G",2016,"TESLA","MODEL S","BEV",1,210
"5YJSA1E20G",2016,"TESLA","MODEL S","BEV",1,210
"5YJSA1E23H",2017,"TESLA","MODEL S","BEV",1,210
"5YJSA1E29H",2017,"TESLA","MODEL S","BEV",1,210
"5YJSA1E1XG",2016,"TESLA","MODEL S","BEV",1,210
"5YJSA1E20H",2017,"TESLA","MODEL S","BEV",1,210
"5YJSA1E22H",2017,"TESLA","MODEL S","BEV",1,210
"5YJSA1E24H",2017,"TESLA","MODEL S","BEV",1,210
"5YJSA1E25H",2017,"TESLA","MODEL S","BEV",1,210
"5YJSA1E43H",2017,"TESLA","MODEL S","BEV",1,210
"5YJSA1E17H",2017,"TESLA","MODEL S","BEV",1,210
"5YJSA1E24G",2016,"TESLA","MODEL S","BEV",1,210
"5YJSA1E27H",2017,"TESLA","MODEL S","BEV",1,210
"5YJSA1E46G",2016,"TESLA","MODEL S","BEV",1,210
"5YJSA1E28H",2017,"TESLA","MODEL S","BEV",1,210
"5YJSA1E18G",2016,"TESLA","MODEL S","BEV",1,210
"5YJSA1E4XG",2016,"TESLA","MODEL S","BEV",1,210
"5YJSA1E29G",2016,"TESLA","MODEL S","BEV",1,210
"5YJSA1E22G",2016,"TESLA","MODEL S","BEV",1,210
"5YJSA1E21H",2017,"TESLA","MODEL S","BEV",1,210
"5YJSA1E12H",2017,"TESLA","MODEL S","BEV",1,210
"5YJSA1E11G",2016,"TESLA","MODEL S","BEV",1,210
"5YJSA1E26H",2017,"TESLA","MODEL S","BEV",1,210
"5YJSA1E2XH",2017,"TESLA","MODEL S","BEV",1,210
"5YJSA1E46H",2017,"TESLA","MODEL S","BEV",1,210
"5YJSA1E21G",2016,"TESLA","MODEL S","BEV",1,210
"5YJSA1E23G",2016,"TESLA","MODEL S","BEV",1,210
"5YJSA1E44H",2017,"TESLA","MODEL S","BEV",1,210
"5YJSA1E19G",2016,"TESLA","MODEL S","BEV",1,210
"5YJSA1E25G",2016,"TESLA","MODEL S","BEV",1,210
"5YJSA1E48H",2017,"TESLA","MODEL S","BEV",1,210
"5YJSA1E1XH",2017,"TESLA","MODEL S","BEV",1,210
"5YJSA1E15G",2016,"TESLA","MODEL S","BEV",1,210
"5YJSA1E14G",2016,"TESLA","MODEL S","BEV",1,210
"5YJSA1E12G",2016,"TESLA","MODEL S","BEV",1,210
"5YJSA1E16H",2017,"TESLA","MODEL S","BEV",1,210
"5YJSA1E19H",2017,"TESLA","MODEL S","BEV",1,210
"5YJSA1E2XG",2016,"TESLA","MODEL S","BEV",1,210
"5YJSA1E45G",2016,"TESLA","MODEL S","BEV",1,210
"5YJSA1E15H",2017,"TESLA","MODEL S","BEV",1,210
"5YJSA1E10H",2017,"TESLA","MODEL S","BEV",1,210
"5YJSA1E40G",2016,"TESLA","MODEL S","BEV",1,210
"5YJSA1E41G",2016,"TESLA","MODEL S","BEV",1,210
"5YJSA1E42G",2016,"TESLA","MODEL S","BEV",1,210
"5YJSA1E49G",2016,"TESLA","MODEL S","BEV",1,210
"5YJSA1E10G",2016,"TESLA","MODEL S","BEV",1,210
"5YJSA1E48G",2016,"TESLA","MODEL S","BEV",1,210
"5YJSA1E17G",2016,"TESLA","MODEL S","BEV",1,210
"5YJSA1E16G",2016,"TESLA","MODEL S","BEV",1,210
"5YJSA1E49H",2017,"TESLA","MODEL S","BEV",1,210
"5YJSA1E44G",2016,"TESLA","MODEL S","BEV",1,210
"5YJSA1E45H",2017,"TESLA","MODEL S","BEV",1,210
"5YJSA1E13G",2016,"TESLA","MODEL S","BEV",1,210
"5YJSA1E14H",2017,"TESLA","MODEL S","BEV",1,210
"5YJSA1E43G",2016,"TESLA","MODEL S","BEV",1,210
"5YJSA1E47H",2017,"TESLA","MODEL S","BEV",1,210
"5YJSA1E47G",2016,"TESLA","MODEL S","BEV",1,210
"5YJSA1E18H",2017,"TESLA","MODEL S","BEV",1,210
"5YJSA1E42H",2017,"TESLA","MODEL S","BEV",1,210
"5YJSA1E41H",2017,"TESLA","MODEL S","BEV",1,210
"5YJSA1E11H",2017,"TESLA","MODEL S","BEV",1,210
"5YJSA1E13H",2017,"TESLA","MODEL S","BEV",1,210
"5YJSA1E40H",2017,"TESLA","MODEL S","BEV",1,210
"5YJSA1E4XH",2017,"TESLA","MODEL S","BEV",1,210
"5YJSA1S12E",2014,"TESLA","MODEL S","BEV",1,208
"5YJSA1H17E",2014,"TESLA","MODEL S","BEV",1,208
"5YJSA1H19E",2014,"TESLA","MODEL S","BEV",1,208
"5YJSA1S1XE",2014,"TESLA","MODEL S","BEV",1,208
"5YJSA1H29E",2014,"TESLA","MODEL S","BEV",1,208
"5YJSA1S15E",2014,"TESLA","MODEL S","BEV",1,208
"5YJSA1H1XE",2014,"TESLA","MODEL S","BEV",1,208
"5YJSA1H22E",2014,"TESLA","MODEL S","BEV",1,208
"5YJSA1H18E",2014,"TESLA","MODEL S","BEV",1,208
"5YJSA1H10E",2014,"TESLA","MODEL S","BEV",1,208
"5YJSA1S10E",2014,"TESLA","MODEL S","BEV",1,208
"5YJSA1H12E",2014,"TESLA","MODEL S","BEV",1,208
"5YJSA1H15E",2014,"TESLA","MODEL S","BEV",1,208
"5YJSA1H16E",2014,"TESLA","MODEL S","BEV",1,208
"5YJSA1S14E",2014,"TESLA","MODEL S","BEV",1,208
"5YJSA1H11E",2014,"TESLA","MODEL S","BEV",1,208
"5YJSA1H25E",2014,"TESLA","MODEL S","BEV",1,208
"5YJSA1S13E",2014,"TESLA","MODEL S","BEV",1,208
"5YJSA1H26E",2014,"TESLA","MODEL S","BEV",1,208
"5YJSA1S19E",2014,"TESLA","MODEL S","BEV",1,208
"5YJSA1H20E",2014,"TESLA","MODEL S","BEV",1,208
"5YJSA1S16E",2014,"TESLA","MODEL S","BEV",1,208
"5YJSA1H27E",2014,"TESLA","MODEL S","BEV",1,208
"5YJSA1H21E",2014,"TESLA","MODEL S","BEV",1,208
"5YJSA1H13E",2014,"TESLA","MODEL S","BEV",1,208
"5YJSA1H14E",2014,"TESLA","MODEL S","BEV",1,208
"5YJSA1H23E",2014,"TESLA","MODEL S","BEV",1,208
"5YJSA1H24E",2014,"TESLA","MODEL S","BEV",1,208
"5YJSA1H2XE",2014,"TESLA","MODEL S","BEV",1,208
"5YJSA1S17E",2014,"TESLA","MODEL S","BEV",1,208
"5YJSA1H28E",2014,"TESLA","MODEL S","BEV",1,208
"5YJSA1S18E",2014,"TESLA","MODEL S","BEV",1,208
"5YJSA1S11E",2014,"TESLA","MODEL S","BEV",1,208
"5YJSA4H29E",2014,"TESLA","MODEL S","BEV",1,208
"5YJSA1DN9D",2013,"TESLA","MODEL S","BEV",1,208
"5YJSA1CP5D",2013,"TESLA","MODEL S","BEV",1,208
"5YJSA1CP3D",2013,"TESLA","MODEL S","BEV",1,208
"5YJSA1CN1D",2013,"TESLA","MODEL S","BEV",1,208
"5YJSA1CN6D",2013,"TESLA","MODEL S","BEV",1,208
"5YJSA1CN2D",2013,"TESLA","MODEL S","BEV",1,208
"5YJSA1DP8D",2013,"TESLA","MODEL S","BEV",1,208
"5YJSA1CN5D",2013,"TESLA","MODEL S","BEV",1,208
"5YJSA1AC2D",2013,"TESLA","MODEL S","BEV",1,208
"5YJSA1DP4D",2013,"TESLA","MODEL S","BEV",1,208
"5YJSA1CN3D",2013,"TESLA","MODEL S","BEV",1,208
"5YJSA1CN8D",2013,"TESLA","MODEL S","BEV",1,208
"5YJSA1CN7D",2013,"TESLA","MODEL S","BEV",1,208
"5YJSA1AG9D",2013,"TESLA","MODEL S","BEV",1,208
"5YJSA1CG9D",2013,"TESLA","MODEL S","BEV",1,208
"5YJSA1CNXD",2013,"TESLA","MODEL S","BEV",1,208
"5YJSA1CN9D",2013,"TESLA","MODEL S","BEV",1,208
"5YJSA1CN0D",2013,"TESLA","MODEL S","BEV",1,208
"5YJSA1CG2D",2013,"TESLA","MODEL S","BEV",1,208
"5YJSA1DP7D",2013,"TESLA","MODEL S","BEV",1,208
"5YJSA1AG6D",2013,"TESLA","MODEL S","BEV",1,208
"5YJSA1CG6D",2013,"TESLA","MODEL S","BEV",1,208
"5YJSA1BG2D",2013,"TESLA","MODEL S","BEV",1,208
"5YJSA1CP2D",2013,"TESLA","MODEL S","BEV",1,208
"5YJSA1DN5D",2013,"TESLA","MODEL S","BEV",1,208
"5YJSA1AG0D",2013,"TESLA","MODEL S","BEV",1,208
"5YJSA1DN8D",2013,"TESLA","MODEL S","BEV",1,208
"5YJSA1CG8D",2013,"TESLA","MODEL S","BEV",1,208
"5YJSA1CG7D",2013,"TESLA","MODEL S","BEV",1,208
"5YJSA1DP0D",2013,"TESLA","MODEL S","BEV",1,208
"5YJSA1DP1D",2013,"TESLA","MODEL S","BEV",1,208
"5YJSA1DG0D",2013,"TESLA","MODEL S","BEV",1,208
"5YJSA1CP7D",2013,"TESLA","MODEL S","BEV",1,208
"5YJSA1DPXD",2013,"TESLA","MODEL S","BEV",1,208
"5YJSA1CG3D",2013,"TESLA","MODEL S","BEV",1,208
"5YJSA1DN7D",2013,"TESLA","MODEL S","BEV",1,208
"5YJSA1DP3D",2013,"TESLA","MODEL S","BEV",1,208
"5YJSA1DP2D",2013,"TESLA","MODEL S","BEV",1,208
"5YJSA1DN6D",2013,"TESLA","MODEL S","BEV",1,208
"5YJSA1DNXD",2013,"TESLA","MODEL S","BEV",1,208
"5YJSA1AC9D",2013,"TESLA","MODEL S","BEV",1,208
"5YJSA1CG4D",2013,"TESLA","MODEL S","BEV",1,208
"5YJSA1DN0D",2013,"TESLA","MODEL S","BEV",1,208
"5YJSA1DP9D",2013,"TESLA","MODEL S","BEV",1,208
"5YJSA1DN3D",2013,"TESLA","MODEL S","BEV",1,208
"5YJSA1DP5D",2013,"TESLA","MODEL S","BEV",1,208
"5YJSA1CP6D",2013,"TESLA","MODEL S","BEV",1,208
"5YJSA1CP1D",2013,"TESLA","MODEL S","BEV",1,208
"5YJSA1AGXD",2013,"TESLA","MODEL S","BEV",1,208
"5YJSA1AG7D",2013,"TESLA","MODEL S","BEV",1,208
"5YJSA1CP4D",2013,"TESLA","MODEL S","BEV",1,208
"5YJSA1CP9D",2013,"TESLA","MODEL S","BEV",1,208
"5YJSA1AC5D",2013,"TESLA","MODEL S","BEV",1,208
"5YJSA1AC0D",2013,"TESLA","MODEL S","BEV",1,208
"5YJSA1CG0D",2013,"TESLA","MODEL S","BEV",1,208
"5YJSA1CPXD",2013,"TESLA","MODEL S","BEV",1,208
"5YJSA1CP0D",2013,"TESLA","MODEL S","BEV",1,208
"5YJSA1BG9D",2013,"TESLA","MODEL S","BEV",1,208
"5YJSA1CN4D",2013,"TESLA","MODEL S","BEV",1,208
"5YJSA1DP6D",2013,"TESLA","MODEL S","BEV",1,208
"5YJSA1DN1D",2013,"TESLA","MODEL S","BEV",1,208
"5YJSA1DG5D",2013,"TESLA","MODEL S","BEV",1,208
"5YJSA1CGXD",2013,"TESLA","MODEL S","BEV",1,208
"5YJSA1AG8D",2013,"TESLA","MODEL S","BEV",1,208
"5YJSA1CG5D",2013,"TESLA","MODEL S","BEV",1,208
"5YJSA1AG4D",2013,"TESLA","MODEL S","BEV",1,208
"5YJSA1AC1D",2013,"TESLA","MODEL S","BEV",1,208
"5YJSA1DN4D",2013,"TESLA","MODEL S","BEV",1,208
"5YJSA1AC8D",2013,"TESLA","MODEL S","BEV",1,208
"5YJSA1CG1D",2013,"TESLA","MODEL S","BEV",1,208
"5YJSA1ACXD",2013,"TESLA","MODEL S","BEV",1,208
"5YJSA1AC6D",2013,"TESLA","MODEL S","BEV",1,208
"5YJSA1DG6D",2013,"TESLA","MODEL S","BEV",1,208
"5YJSA1AG2D",2013,"TESLA","MODEL S","BEV",1,208
"5YJSA1DN2D",2013,"TESLA","MODEL S","BEV",1,208
"5YJSA1AG3D",2013,"TESLA","MODEL S","BEV",1,208
"5YJSA1AG5D",2013,"TESLA","MODEL S","BEV",1,208
"5YJSA1DG1D",2013,"TESLA","MODEL S","BEV",1,208
"5YJSA1DG9D",2013,"TESLA","MODEL S","BEV",1,208
"5YJSA1CP8D",2013,"TESLA","MODEL S","BEV",1,208
"5YJSA1AC7D",2013,"TESLA","MODEL S","BEV",1,208
"5YJSA1BC1D",2013,"TESLA","MODEL S","BEV",1,208
"5YJSA1DG8D",2013,"TESLA","MODEL S","BEV",1,208
"5YJSA1AG1D",2013,"TESLA","MODEL S","BEV",1,208
"5YJSA1BG7D",2013,"TESLA","MODEL S","BEV",1,208
"5YJSA1AC3D",2013,"TESLA","MODEL S","BEV",1,208
"5YJSA1H27F",2015,"TESLA","MODEL S","BEV",1,208
"5YJSA1H21F",2015,"TESLA","MODEL S","BEV",1,208
"5YJSA1E25F",2015,"TESLA","MODEL S","BEV",1,208
"5YJSA1H26F",2015,"TESLA","MODEL S","BEV",1,208
"5YJSA1H47F",2015,"TESLA","MODEL S","BEV",1,208
"5YJSA1S24F",2015,"TESLA","MODEL S","BEV",1,208
"5YJSA1S28F",2015,"TESLA","MODEL S","BEV",1,208
"5YJSA1E17F",2015,"TESLA","MODEL S","BEV",1,208
"5YJSA1E24F",2015,"TESLA","MODEL S","BEV",1,208
"5YJSA1H46F",2015,"TESLA","MODEL S","BEV",1,208
"5YJSA1H1XF",2015,"TESLA","MODEL S","BEV",1,208
"5YJSA1H22F",2015,"TESLA","MODEL S","BEV",1,208
"5YJSA1E41F",2015,"TESLA","MODEL S","BEV",1,208
"5YJSA1H23F",2015,"TESLA","MODEL S","BEV",1,208
"5YJSA1E20F",2015,"TESLA","MODEL S","BEV",1,208
"5YJSA1H24F",2015,"TESLA","MODEL S","BEV",1,208
"5YJSA1S29F",2015,"TESLA","MODEL S","BEV",1,208
"5YJSA1E16F",2015,"TESLA","MODEL S","BEV",1,208
"5YJSA1S27F",2015,"TESLA","MODEL S","BEV",1,208
"5YJSA1S26F",2015,"TESLA","MODEL S","BEV",1,208
"5YJSA1S22F",2015,"TESLA","MODEL S","BEV",1,208
"5YJSA1H19F",2015,"TESLA","MODEL S","BEV",1,208
"5YJSA1H28F",2015,"TESLA","MODEL S","BEV",1,208
"5YJSA1H20F",2015,"TESLA","MODEL S","BEV",1,208
"5YJSA1S2XF",2015,"TESLA","MODEL S","BEV",1,208
"5YJSA1E26F",2015,"TESLA","MODEL S","BEV",1,208
"5YJSA1H40F",2015,"TESLA","MODEL S","BEV",1,208
"5YJSA1E2XF",2015,"TESLA","MODEL S","BEV",1,208
"5YJSA1S12F",2015,"TESLA","MODEL S","BEV",1,208
"5YJSA1H15F",2015,"TESLA","MODEL S","BEV",1,208
"5YJSA1E22F",2015,"TESLA","MODEL S","BEV",1,208
"5YJSA1V24F",2015,"TESLA","MODEL S","BEV",1,208
"5YJSA1S1XF",2015,"TESLA","MODEL S","BEV",1,208
"5YJSA1S17F",2015,"TESLA","MODEL S","BEV",1,208
"5YJSA1E28F",2015,"TESLA","MODEL S","BEV",1,208
"5YJSA1E27F",2015,"TESLA","MODEL S","BEV",1,208
"5YJSA1E21F",2015,"TESLA","MODEL S","BEV",1,208
"5YJSA1H4XF",2015,"TESLA","MODEL S","BEV",1,208
"5YJSA1H44F",2015,"TESLA","MODEL S","BEV",1,208
"5YJSA1E18F",2015,"TESLA","MODEL S","BEV",1,208
"5YJSA4H25F",2015,"TESLA","MODEL S","BEV",1,208
"5YJSA1H25F",2015,"TESLA","MODEL S","BEV",1,208
"5YJSA1E23F",2015,"TESLA","MODEL S","BEV",1,208
"5YJSA1V22F",2015,"TESLA","MODEL S","BEV",1,208
"5YJSA1H13F",2015,"TESLA","MODEL S","BEV",1,208
"5YJSA1S25F",2015,"TESLA","MODEL S","BEV",1,208
"5YJSA1H43F",2015,"TESLA","MODEL S","BEV",1,208
"5YJSA1E48F",2015,"TESLA","MODEL S","BEV",1,208
"5YJSA4H48F",2015,"TESLA","MODEL S","BEV",1,208
"5YJSA1H29F",2015,"TESLA","MODEL S","BEV",1,208
"5YJSA1E29F",2015,"TESLA","MODEL S","BEV",1,208
"5YJSA1V23F",2015,"TESLA","MODEL S","BEV",1,208
"5YJSA1H2XF",2015,"TESLA","MODEL S","BEV",1,208
"5YJSA1H45F",2015,"TESLA","MODEL S","BEV",1,208
"5YJSA1S18F",2015,"TESLA","MODEL S","BEV",1,208
"5YJSA1H10F",2015,"TESLA","MODEL S","BEV",1,208
"5YJSA1E43F",2015,"TESLA","MODEL S","BEV",1,208
"5YJSA1S21F",2015,"TESLA","MODEL S","BEV",1,208
"5YJSA4H22F",2015,"TESLA","MODEL S","BEV",1,208
"5YJSA4H23F",2015,"TESLA","MODEL S","BEV",1,208
"5YJSA1E45F",2015,"TESLA","MODEL S","BEV",1,208
"5YJSA1S20F",2015,"TESLA","MODEL S","BEV",1,208
"5YJSA1H42F",2015,"TESLA","MODEL S","BEV",1,208
"5YJSA1S11F",2015,"TESLA","MODEL S","BEV",1,208
"5YJSA1H17F",2015,"TESLA","MODEL S","BEV",1,208
"5YJSA1H11F",2015,"TESLA","MODEL S","BEV",1,208
"5YJSA4H26F",2015,"TESLA","MODEL S","BEV",1,208
"5YJSA4H29F",2015,"TESLA","MODEL S","BEV",1,208
"5YJSA1E15F",2015,"TESLA","MODEL S","BEV",1,208
"5YJSA1E12F",2015,"TESLA","MODEL S","BEV",1,208
"5YJSA1E42F",2015,"TESLA","MODEL S","BEV",1,208
"5YJSA1E40F",2015,"TESLA","MODEL S","BEV",1,208
"5YJSA1V29F",2015,"TESLA","MODEL S","BEV",1,208
"5YJSA1H12F",2015,"TESLA","MODEL S","BEV",1,208
"5YJSA1S23F",2015,"TESLA","MODEL S","BEV",1,208
"5YJSA1E13F",2015,"TESLA","MODEL S","BEV",1,208
"5YJSA4H28F",2015,"TESLA","MODEL S","BEV",1,208
"5YJSA4H40F",2015,"TESLA","MODEL S","BEV",1,208
"5YJSA1E4XF",2015,"TESLA","MODEL S","BEV",1,208
"5YJSA1H49F",2015,"TESLA","MODEL S","BEV",1,208
"5YJSA4H24F",2015,"TESLA","MODEL S","BEV",1,208
"5YJSA1E19F",2015,"TESLA","MODEL S","BEV",1,208
"5YJSA1S10F",2015,"TESLA","MODEL S","BEV",1,208
"5YJSA1E46F",2015,"TESLA","MODEL S","BEV",1,208
"5YJSA1E49F",2015,"TESLA","MODEL S","BEV",1,208
"5YJSA1V20F",2015,"TESLA","MODEL S","BEV",1,208
"5YJSA1H48F",2015,"TESLA","MODEL S","BEV",1,208
"5YJSA1V26F",2015,"TESLA","MODEL S","BEV",1,208
"5YJSA1H41F",2015,"TESLA","MODEL S","BEV",1,208
"5YJSA1H16F",2015,"TESLA","MODEL S","BEV",1,208
"5YJSA4H27F",2015,"TESLA","MODEL S","BEV",1,208
"5YJSA1E1XF",2015,"TESLA","MODEL S","BEV",1,208
"5YJSA1V19F",2015,"TESLA","MODEL S","BEV",1,208
"5YJSA4H44F",2015,"TESLA","MODEL S","BEV",1,208
"5YJSA1E44F",2015,"TESLA","MODEL S","BEV",1,208
"5YJSA4H4XF",2015,"TESLA","MODEL S","BEV",1,208
"5YJSA1V41F",2015,"TESLA","MODEL S","BEV",1,208
"5YJSA1S19F",2015,"TESLA","MODEL S","BEV",1,208
"5YJSA4H43F",2015,"TESLA","MODEL S","BEV",1,208
"5YJSA1H18F",2015,"TESLA","MODEL S","BEV",1,208
"5YJSA1E47F",2015,"TESLA","MODEL S","BEV",1,208
"5YJSA4H20F",2015,"TESLA","MODEL S","BEV",1,208
"5YJSA1V42F",2015,"TESLA","MODEL S","BEV",1,208
"5YJSA1V46F",2015,"TESLA","MODEL S","BEV",1,208
"5YJSA1E14F",2015,"TESLA","MODEL S","BEV",1,208
"5YJSA1S13F",2015,"TESLA","MODEL S","BEV",1,208
"5YJSA4H41F",2015,"TESLA","MODEL S","BEV",1,208
"5YJSA1V2XF",2015,"TESLA","MODEL S","BEV",1,208
"5YJSA1V4XF",2015,"TESLA","MODEL S","BEV",1,208
"5YJSA4H21F",2015,"TESLA","MODEL S","BEV",1,208
"5YJSA4H47F",2015,"TESLA","MODEL S","BEV",1,208
"5YJSA1E11F",2015,"TESLA","MODEL S","BEV",1,208
"5YJSA4H2XF",2015,"TESLA","MODEL S","BEV",1,208
"5YJSA1S15F",2015,"TESLA","MODEL S","BEV",1,208
"5YJSA1H14F",2015,"TESLA","MODEL S","BEV",1,208
